case_id,state,district,project_type,project_category,priority,land_area_acres,number_of_landowners,number_of_land_parcels,affected_villages,affected_households,private_land_pct,government_land_pct,current_stage,days_in_current_stage,survey_completed,ownership_verification_pending,notification_pending,objection_count,compensation_pending,approval_pending,pending_documents,missing_documents,dispute_count,court_case,total_processing_days,previous_stage_delay_days,district_historical_delay_rate,historical_average_delay_days,similar_case_average_delay_days,seasonal_factor,staff_workload_ratio,budget_release_delay_days,compensation_amount_lakh,delayed,expected_additional_delay_days
LA201802,Odisha,Ganjam,Railway,Major Infrastructure,Normal,44.65,27,18,2,22,48.9,51.1,Possession,41,0,0,0,1,0,0,3,1,1,1,171,13,0.344,54.2,24.1,0.88,0.81,4,205.2,1,75
LA201191,Andhra Pradesh,NTR,Irrigation,Major Infrastructure,Normal,68.6,27,15,11,12,80.5,19.5,Notification,21,1,1,0,0,1,0,2,1,1,0,125,2,0.689,99.8,56.7,0.95,0.73,5,253.79,0,59
LA201818,Odisha,Ganjam,Highway,Major Infrastructure,Normal,201.32,32,14,4,25,83.1,16.9,Award,70,0,0,0,3,0,0,0,0,0,0,164,2,0.787,100.6,36.9,0.93,0.77,2,299.45,1,51
LA200252,Maharashtra,Nashik,Highway,Major Infrastructure,Normal,33.44,37,26,7,23,64.3,35.7,Compensation,67,1,1,0,3,0,0,2,0,2,0,179,24,0.518,77.5,28.6,0.94,0.78,4,193.43,1,77
LA202506,Odisha,Sambalpur,Highway,Major Infrastructure,Normal,110.29,23,15,6,17,59.4,40.6,Compensation,3,1,0,0,0,0,0,1,1,2,0,148,15,0.835,110,45.2,0.9,0.8,2,,1,44
LA201118,Odisha,Khordha,Industrial,Development Project,High,28.29,37,20,11,33,45.9,54.1,Notification,42,0,1,1,1,1,0,2,2,2,0,129,4,0.447,72.3,23.5,0.96,0.46,5,131.51,1,77
LA201412,Andhra Pradesh,Visakhapatnam,Railway,Major Infrastructure,High,27.17,37,25,9,25,57.1,42.9,Survey,35,1,0,0,2,0,0,1,1,4,1,140,11,0.465,76.3,25.5,0.92,0.3,4,92.78,1,65
LA202114,Telangana,Nalgonda,Irrigation,Major Infrastructure,Critical,68.74,29,17,12,25,34.3,65.7,Award,9,1,0,0,0,0,0,1,1,3,0,80,15,0.483,70.1,20.3,1.06,0.48,4,297.38,1,36
LA200409,Karnataka,Dharwad,Public Infrastructure,Development Project,High,54.92,43,21,4,37,53.2,46.8,Ownership Verification,14,1,1,0,3,0,0,4,2,1,1,142,11,0.424,59,25.9,0.93,0.71,2,96.52,1,75
LA202580,Andhra Pradesh,NTR,Highway,Major Infrastructure,Normal,23.68,36,24,10,16,78.9,21.1,Approval,30,1,0,0,4,0,1,1,1,1,0,160,3,0.4,61.9,33.8,0.99,0.94,5,96.73,1,59
LA202255,Andhra Pradesh,NTR,Railway,Major Infrastructure,Normal,17.04,27,16,12,6,65.5,34.5,Ownership Verification,16,1,1,0,2,0,1,0,0,1,0,72,11,0.361,61.7,45.8,1.15,0.58,2,48.7,0,57
LA200053,Telangana,Hyderabad,Public Infrastructure,Development Project,High,44.21,30,17,12,19,47.3,52.7,Notification,11,1,0,1,4,1,0,2,2,2,1,93,12,0.355,51.1,46,1.12,0.84,4,75.96,1,78
LA200645,Telangana,Warangal,Industrial,Development Project,Critical,42.65,30,20,8,19,77.2,22.8,Award,38,1,0,0,3,0,0,1,1,1,0,141,4,0.322,51,39.3,0.93,0.66,4,94.51,1,29
LA201764,Andhra Pradesh,NTR,Public Infrastructure,Development Project,Critical,27.66,27,16,5,18,79,21,Objection,21,1,0,0,3,0,1,4,2,1,0,96,9,0.464,71.3,37.6,1.13,0.61,4,84.48,1,67
LA202777,Telangana,Warangal,Public Infrastructure,Development Project,Normal,71.26,36,14,4,21,96.8,3.2,Objection,34,1,0,0,2,0,1,,1,1,0,160,15,0.327,42.4,50.3,1.17,0.75,5,413.47,1,67
LA200901,Odisha,Ganjam,Irrigation,Major Infrastructure,Critical,38.71,31,16,11,17,68.4,31.6,Objection,8,1,1,0,1,0,0,5,3,1,0,66,9,0.317,49.5,57.5,1.11,0.66,3,111.68,1,57
LA201074,Telangana,Warangal,Railway,Major Infrastructure,Critical,118.9,29,19,1,19,69.1,30.9,Compensation,36,1,1,0,5,1,0,0,0,2,0,165,21,0.308,70.8,29.3,1.07,0.43,7,125.06,0,63
LA200473,Maharashtra,Nagpur,Irrigation,Major Infrastructure,Critical,87.09,27,17,8,21,59.9,40.1,Notification,54,1,0,1,2,0,0,0,0,0,0,150,2,0.304,45.6,26.5,1,0.4,3,494.61,0,46
LA202739,Maharashtra,Nagpur,Irrigation,Major Infrastructure,High,49.75,36,22,2,20,74.9,25.1,Notification,31,1,0,0,4,0,0,2,0,5,0,130,4,0.404,69.9,66.3,1.13,0.54,1,86.13,0,53
LA202547,Karnataka,Bengaluru Rural,Public Infrastructure,Development Project,Normal,103.82,33,20,1,23,77.6,22.4,Possession,16,1,1,0,5,0,0,0,0,2,0,142,8,0.508,59,39.1,1,0.51,2,560.71,1,48
LA200045,Odisha,Ganjam,Highway,Major Infrastructure,Critical,164.75,33,12,9,30,74.4,25.6,Compensation,8,1,0,0,2,1,1,5,3,2,0,127,26,0.447,76.1,28.8,0.97,0.78,3,245.17,1,82
LA200290,Maharashtra,Aurangabad,Public Infrastructure,Development Project,Normal,131.5,18,9,8,5,58.7,41.3,Compensation,5,1,0,0,3,0,1,2,1,1,1,107,1,0.384,52.8,16.6,1.1,0.55,3,418.15,1,60
LA200913,Odisha,Ganjam,Irrigation,Major Infrastructure,Critical,197.65,27,12,8,15,55.9,44.1,Possession,25,1,0,0,1,0,0,2,1,2,0,144,35,0.568,75.3,44.4,0.9,0.72,2,219.02,1,63
LA202084,Maharashtra,Aurangabad,Highway,Major Infrastructure,Normal,26.69,19,9,10,10,41.9,58.1,Compensation,14,0,0,0,2,1,0,0,0,4,0,127,13,0.324,69.3,63.1,1.01,0.63,3,119.79,1,60
LA201361,Maharashtra,Nagpur,Industrial,Development Project,Normal,17.64,40,25,9,27,71.3,28.7,Approval,55,1,0,0,2,0,1,4,2,1,0,171,12,0.337,47.1,69.2,1.1,0.78,2,70.69,1,62
LA202896,Maharashtra,Aurangabad,Industrial,Development Project,Normal,151.9,35,13,5,26,36.9,63.1,Ownership Verification,6,1,0,0,1,0,1,0,0,2,0,104,28,0.466,70.9,53,1.09,0.54,2,531.36,1,56
LA202604,Odisha,Ganjam,Highway,Major Infrastructure,Normal,5.64,27,11,4,18,85.3,14.7,Survey,16,1,0,0,2,0,0,2,0,2,0,123,10,0.408,61.3,30.2,1.06,0.49,6,17.48,1,35
LA201227,Andhra Pradesh,Tirupati,Railway,Major Infrastructure,High,35.39,36,28,3,25,93.8,6.2,Possession,2,1,1,0,4,1,0,1,0,2,0,108,7,0.163,31.3,93.1,1.07,0.51,8,112.04,1,49
LA200297,Maharashtra,Aurangabad,Industrial,Development Project,Normal,43.47,27,18,9,13,99.4,0.6,Possession,60,1,0,0,3,0,0,2,1,0,0,138,10,0.309,51.3,27.6,1.04,0.39,4,34.65,1,46
LA201242,Andhra Pradesh,Visakhapatnam,Industrial,Development Project,High,134.22,26,12,7,19,98.9,1.1,Approval,17,1,1,0,3,0,0,0,0,2,0,125,9,0.514,74.6,68,1.02,0.26,3,565.63,1,52
LA201006,Karnataka,Dharwad,Highway,Major Infrastructure,Normal,74.62,30,14,2,26,31.4,68.6,Approval,61,1,0,0,2,0,0,1,1,1,0,172,14,0.65,84,32.9,1.12,0.61,4,370.24,1,59
LA201666,Maharashtra,Nashik,Highway,Major Infrastructure,Normal,148.63,28,12,11,20,97.6,2.4,Objection,22,0,1,1,2,0,0,2,0,1,0,115,15,0.451,71,20.6,1.04,0.77,2,279.41,1,52
LA200747,Andhra Pradesh,Krishna,Highway,Major Infrastructure,Normal,73.91,29,15,11,22,89.6,10.4,Notification,68,1,0,1,5,0,1,,1,3,0,164,13,0.321,55.2,37.9,0.96,0.72,5,143.83,1,90
LA202852,Telangana,Warangal,Irrigation,Major Infrastructure,High,135.93,24,11,3,21,62.2,37.8,Ownership Verification,2,1,0,0,3,0,0,2,1,2,0,119,24,0.201,36.4,16.4,0.98,0.59,1,497.98,1,46
LA200292,Maharashtra,Pune,Railway,Major Infrastructure,Normal,23.39,25,10,9,9,31.3,68.7,Possession,24,1,0,0,2,1,0,2,0,1,0,208,11,0.679,97.9,24.8,1.12,0.76,7,59.64,0,48
LA200782,Telangana,Medchal-Malkajgiri,Irrigation,Major Infrastructure,Normal,73.25,27,17,11,15,73.4,26.6,Ownership Verification,34,0,0,0,2,0,1,1,1,1,0,150,15,0.378,52.9,41.4,1.16,0.52,5,172.04,1,48
LA202145,Maharashtra,Nagpur,Public Infrastructure,Development Project,Normal,38.87,27,18,3,18,78.9,21.1,Compensation,66,0,0,1,1,0,1,3,3,1,0,192,14,0.558,73,21.5,0.9,0.69,6,81.89,1,93
LA200323,Odisha,Ganjam,Highway,Major Infrastructure,Normal,287.03,29,16,7,15,90.9,9.1,Approval,27,1,0,0,1,0,1,1,1,2,0,113,25,0.406,63.5,30.1,0.91,0.63,4,1522.72,1,54
LA200299,Maharashtra,Pune,Highway,Major Infrastructure,High,115.47,35,17,2,27,32.8,67.2,Ownership Verification,30,1,0,0,1,0,1,2,1,1,0,124,6,0.444,65.7,37.8,0.89,0.66,4,191.34,1,62
LA201299,Telangana,Hyderabad,Highway,Major Infrastructure,Normal,69.65,20,7,12,15,61.8,38.2,Ownership Verification,15,0,0,0,5,0,0,0,0,0,0,180,26,0.451,66,31.2,1.06,0.73,1,131.08,1,43
LA200195,Andhra Pradesh,Guntur,Highway,Major Infrastructure,Normal,123.59,38,23,8,29,76.7,23.3,Ownership Verification,40,0,1,0,1,1,1,3,1,1,0,137,2,0.603,82.3,43.1,1.12,0.85,3,521.48,1,89
LA200064,Telangana,Medchal-Malkajgiri,Irrigation,Major Infrastructure,High,171.92,32,17,11,16,81.1,18.9,Approval,8,0,0,1,1,0,0,1,0,2,0,158,3,0.34,52.9,23.5,1.16,0.93,7,501.16,1,51
LA200394,Maharashtra,Aurangabad,Highway,Major Infrastructure,High,102.75,37,18,6,24,80.2,19.8,Notification,12,0,0,0,3,1,0,2,0,1,0,122,21,0.622,92.5,100.8,1.05,0.72,7,80.49,0,58
LA200728,Andhra Pradesh,Tirupati,Railway,Major Infrastructure,Critical,146.29,29,17,5,19,81.5,18.5,Compensation,47,1,0,0,1,1,0,2,0,1,0,185,2,0.343,47.2,86.6,0.93,0.51,6,268.92,1,45
LA201584,Odisha,Cuttack,Irrigation,Major Infrastructure,Normal,96.6,30,23,3,25,87.7,12.3,Ownership Verification,13,1,1,0,3,1,1,1,1,2,0,137,8,0.265,51.2,35.6,1.09,0.68,5,122.1,1,76
LA201548,Telangana,Hyderabad,Highway,Major Infrastructure,Critical,41.49,29,11,9,30,34.3,65.7,Compensation,7,0,0,1,4,0,0,2,0,1,0,51,1,0.411,57.1,16.9,1.12,0.79,4,105.69,1,47
LA202426,Telangana,Rangareddy,Public Infrastructure,Development Project,Normal,265.58,30,22,3,19,52.6,47.4,Ownership Verification,30,1,1,0,2,1,1,1,1,3,0,129,8,0.491,53.8,45.3,0.89,0.49,4,395.55,0,83
LA200015,Telangana,Medchal-Malkajgiri,Industrial,Development Project,Normal,25.99,34,21,7,23,40.1,59.9,Ownership Verification,32,0,1,0,2,0,1,6,3,1,0,137,4,0.406,54.4,24.2,0.93,0.59,2,39.19,0,78
LA202568,Andhra Pradesh,Visakhapatnam,Railway,Major Infrastructure,Normal,30.59,38,18,12,25,38.5,61.5,Approval,36,1,0,1,5,0,1,2,1,2,0,148,1,0.627,86.1,56.6,0.94,0.66,3,83.51,1,60
LA201601,Telangana,Rangareddy,Irrigation,Major Infrastructure,Normal,179.48,28,17,6,18,55.9,44.1,Notification,36,1,1,1,0,0,0,3,1,1,0,131,19,0.792,106.5,35.3,1.15,0.62,10,632.82,1,96
LA201091,Maharashtra,Aurangabad,Highway,Major Infrastructure,Normal,43.04,34,24,7,20,81.4,18.6,Ownership Verification,34,1,1,0,5,0,0,2,2,0,0,161,25,0.283,40.8,44.4,0.95,0.83,5,224.32,1,57
LA202112,Karnataka,Tumakuru,Highway,Major Infrastructure,Normal,192.57,33,18,3,11,50.4,49.6,Approval,39,0,0,0,2,1,1,2,1,1,0,164,43,0.492,65.4,20.8,1.05,0.4,3,712.81,1,94
LA200204,Telangana,Medchal-Malkajgiri,Railway,Major Infrastructure,Normal,32.91,38,20,10,17,49.7,50.3,Award,19,1,0,0,4,1,0,3,1,1,0,120,18,0.699,88.8,31.3,1.05,0.92,4,81.74,1,59
LA202419,Telangana,Rangareddy,Railway,Major Infrastructure,Critical,19.36,32,17,5,24,94.2,5.8,Compensation,66,1,1,0,5,1,0,1,1,3,0,159,15,0.535,89.4,72.1,1.16,0.87,5,19.82,1,89
LA200153,Telangana,Rangareddy,Irrigation,Major Infrastructure,Normal,35.91,36,14,12,18,51.1,48.9,Notification,29,1,0,1,4,0,1,3,0,2,1,101,6,0.298,41.3,19,1.01,0.35,5,110.31,1,77
LA202902,Maharashtra,Nagpur,Public Infrastructure,Development Project,High,132.68,29,15,9,15,91.8,8.2,Survey,29,1,1,0,2,0,1,1,0,2,0,85,6,0.672,81.5,45.2,1.07,0.4,4,97.53,1,84
LA201360,Odisha,Sambalpur,Highway,Major Infrastructure,Critical,179.89,38,20,8,19,46.1,53.9,Possession,4,1,0,0,3,0,0,2,2,2,0,92,13,0.425,,22.6,1.07,0.66,4,625.16,1,50
LA200773,Telangana,Rangareddy,Highway,Major Infrastructure,Normal,60.12,32,15,12,22,54.8,45.2,Objection,18,0,0,0,2,0,0,1,0,2,0,107,5,0.589,78.1,71.9,1.16,0.79,3,55.18,1,38
LA202679,Karnataka,Dharwad,Public Infrastructure,Development Project,High,208.07,41,21,10,24,69.5,30.5,Compensation,27,1,1,0,1,1,0,1,0,2,0,94,2,0.242,38.6,38.4,1.08,0.56,5,845.5,1,51
LA201002,Karnataka,Bengaluru Rural,Public Infrastructure,Development Project,Normal,46.93,25,10,8,16,67.9,32.1,Approval,14,0,0,0,3,0,1,1,0,1,0,87,4,0.312,54.4,18.9,0.9,0.94,2,97.85,0,29
LA200719,Andhra Pradesh,NTR,Highway,Major Infrastructure,Normal,57.07,23,15,3,19,44.9,55.1,Ownership Verification,11,1,1,0,1,0,1,2,0,1,0,260,20,0.607,91.8,39,1.09,0.57,6,164.52,1,64
LA200613,Odisha,Puri,Industrial,Development Project,High,31.06,20,13,12,13,67.7,32.3,Compensation,17,1,0,0,3,0,0,2,2,1,0,200,22,0.526,60.8,35.6,1.07,0.55,3,18,1,54
LA200843,Odisha,Cuttack,Highway,Major Infrastructure,High,14.39,26,19,6,22,69.1,30.9,Possession,22,1,1,0,1,1,0,2,1,1,0,203,30,0.57,80.7,24.1,1.05,0.86,6,28.02,1,73
LA200267,Odisha,Cuttack,Railway,Major Infrastructure,High,38.86,31,24,11,17,55,45,Compensation,6,1,0,0,1,0,0,1,1,0,0,133,22,0.319,47.6,73.6,1.1,0.87,5,155.84,1,29
LA200052,Karnataka,Dharwad,Public Infrastructure,Development Project,Normal,84.91,31,12,11,24,40.9,59.1,Approval,93,1,0,0,5,1,1,3,1,1,0,184,12,0.397,48.8,40.9,1.11,0.82,1,326.36,1,81
LA201196,Maharashtra,Nashik,Public Infrastructure,Development Project,Critical,47.99,32,22,7,24,49.5,50.5,Award,21,1,0,0,3,1,0,1,0,2,0,91,17,0.549,66.1,33.2,1.11,0.67,4,101.54,1,73
LA201271,Odisha,Ganjam,Highway,Major Infrastructure,High,50.94,25,10,9,22,32.1,67.9,Compensation,35,1,1,0,4,0,0,4,1,2,0,168,6,0.484,67.9,24.8,0.98,0.65,3,65.02,1,67
LA201492,Maharashtra,Kolhapur,Highway,Major Infrastructure,Normal,29.69,33,14,3,19,79.2,20.8,Survey,41,0,0,0,0,1,0,2,1,3,0,184,12,0.676,79.6,32.2,1.17,0.6,7,120.25,1,71
LA201583,Andhra Pradesh,Krishna,Public Infrastructure,Development Project,Normal,33.69,24,12,4,14,90.1,9.9,Survey,29,1,0,0,2,1,0,3,2,5,1,90,4,0.335,62.2,41,0.95,0.54,6,106.15,1,81
LA200522,Telangana,Warangal,Railway,Major Infrastructure,Normal,23.65,20,8,2,21,60,40,Ownership Verification,31,1,1,0,3,1,0,3,2,3,0,138,19,0.529,64,33.5,1.17,0.09,4,61.7,1,88
LA201695,Andhra Pradesh,Visakhapatnam,Railway,Major Infrastructure,High,104.4,24,17,7,20,62.1,37.9,Compensation,22,0,0,0,2,0,0,1,0,3,0,79,15,0.314,46.5,34.7,0.88,0.38,4,340.75,1,51
LA202664,Maharashtra,Nashik,Public Infrastructure,Development Project,Normal,143,26,14,3,14,71.8,28.2,Approval,58,1,0,1,2,1,0,2,0,2,0,237,33,0.16,34,55.1,1.13,0.69,5,329.14,1,78
LA202749,Odisha,Ganjam,Irrigation,Major Infrastructure,Normal,90.45,33,17,11,20,43.4,56.6,Compensation,60,1,0,0,3,0,0,1,1,0,0,221,4,0.393,58.9,69.3,1.12,0.68,7,324.01,1,48
LA201922,Andhra Pradesh,Guntur,Railway,Major Infrastructure,Normal,114.66,44,34,9,30,39.5,60.5,Compensation,97,1,0,0,1,1,0,3,3,0,0,166,9,0.847,114.7,69.3,1.02,0.54,3,367.93,1,80
LA200103,Karnataka,Tumakuru,Irrigation,Major Infrastructure,High,73.34,31,12,9,24,65.1,34.9,Survey,7,1,0,0,3,1,1,0,0,1,0,143,10,0.509,72.9,26.7,1.01,0.54,1,326.05,1,47
LA200696,Odisha,Puri,Highway,Major Infrastructure,High,139.71,32,15,8,19,66.8,33.2,Approval,65,1,0,0,3,1,1,1,0,1,0,134,5,0.874,114.2,29.7,0.91,0.66,3,566.03,1,90
LA202333,Andhra Pradesh,Tirupati,Highway,Major Infrastructure,Normal,216.64,30,22,7,21,85.8,14.2,Objection,20,1,0,0,6,0,0,1,1,3,1,115,30,0.134,35.1,33.1,1.05,0.64,3,1081.81,1,78
LA202725,Andhra Pradesh,Krishna,Irrigation,Major Infrastructure,Normal,140.37,28,20,6,15,41.9,58.1,Ownership Verification,21,1,0,0,3,0,0,1,0,2,0,103,3,0.661,94.4,,1.16,0.72,1,395.53,1,41
LA202273,Karnataka,Dharwad,Public Infrastructure,Development Project,Normal,41.94,29,12,7,17,86.2,13.8,Ownership Verification,27,1,1,0,1,1,0,6,3,1,0,176,25,0.402,63.6,30,0.98,0.72,5,108.96,1,86
LA202483,Karnataka,Tumakuru,Railway,Major Infrastructure,High,54.69,37,21,8,24,85.3,14.7,Ownership Verification,4,1,0,0,2,0,0,2,2,1,0,77,14,0.424,52.5,32.1,0.91,0.46,0,97.43,1,46
LA201843,Odisha,Cuttack,Highway,Major Infrastructure,Normal,77.97,33,19,8,25,89.5,10.5,Ownership Verification,19,1,0,0,3,0,1,,1,3,0,95,2,0.738,92.4,65.5,1.11,0.73,1,314.47,1,57
LA201831,Maharashtra,Pune,Railway,Major Infrastructure,Normal,41.21,35,25,11,29,94.7,5.3,Objection,63,1,0,0,3,1,1,2,1,1,0,187,6,0.697,96.3,121.8,1.08,0.79,4,154.78,1,72
LA200795,Telangana,Nalgonda,Irrigation,Major Infrastructure,Normal,88.73,37,29,5,29,60.5,39.5,Award,42,1,0,1,3,1,0,1,1,3,0,225,28,0.459,67.7,57.3,0.96,0.64,7,433.61,1,88
LA201821,Maharashtra,Pune,Public Infrastructure,Development Project,Critical,32.5,32,14,2,22,49.9,50.1,Approval,33,1,0,0,4,1,1,4,0,2,0,149,19,0.557,80.1,28,0.9,0.63,4,123.84,1,94
LA202002,Odisha,Ganjam,Railway,Major Infrastructure,Normal,33.14,31,14,5,21,80,20,Notification,41,1,0,0,2,1,0,1,0,6,0,172,13,0.468,65.9,47.2,1.07,0.74,9,89.92,1,72
LA200145,Telangana,Hyderabad,Highway,Major Infrastructure,Normal,28.06,35,13,7,22,90.8,9.2,Compensation,10,1,0,0,0,0,0,2,0,2,0,119,0,0.293,62.2,47.2,0.98,0.68,6,88.81,0,38
LA202526,Telangana,Rangareddy,Industrial,Development Project,High,64.43,29,12,2,24,53.3,46.7,Survey,46,1,0,0,5,0,1,1,0,4,0,127,14,0.48,64.5,,0.93,0.63,10,124.62,1,83
LA201331,Andhra Pradesh,Visakhapatnam,Highway,Major Infrastructure,Normal,121.04,28,17,1,18,40.4,59.6,Approval,18,1,0,0,2,0,0,0,0,3,0,101,5,0.422,55.2,37.5,1.02,0.88,1,231.55,1,44
LA202478,Karnataka,Tumakuru,Highway,Major Infrastructure,Normal,,36,23,1,21,82.6,17.4,Objection,70,1,0,0,2,1,1,0,0,0,0,170,11,0.433,55.9,55.4,0.93,0.6,1,73.47,1,74
LA202882,Maharashtra,Nagpur,Industrial,Development Project,Normal,83.16,33,13,8,21,51.3,48.7,Notification,26,0,0,0,0,0,0,1,1,2,0,149,29,0.292,47.2,64.3,0.9,0.39,9,311.43,1,72
LA200322,Maharashtra,Aurangabad,Railway,Major Infrastructure,High,60.11,37,25,5,20,73.6,26.4,Approval,25,0,0,0,3,1,1,3,1,2,0,94,6,0.887,101.6,57.2,0.95,0.6,2,309.49,1,76
LA201262,Odisha,Khordha,Public Infrastructure,Development Project,High,79.04,32,22,10,16,35.4,64.6,Notification,22,1,1,1,2,0,1,4,1,1,0,233,13,0.469,75.1,51.5,1.12,0.61,3,123.68,1,76
LA202415,Telangana,Nalgonda,Irrigation,Major Infrastructure,High,59.57,29,14,10,28,68.2,31.8,Notification,29,1,0,0,2,1,0,3,0,2,0,142,17,0.375,49.8,32.1,1.01,0.78,2,75.13,1,77
LA201270,Telangana,Rangareddy,Highway,Major Infrastructure,High,30.76,29,14,9,20,33.3,66.7,Objection,15,1,0,0,2,1,0,2,1,1,0,123,14,0.394,60.2,45.8,1.12,0.72,3,136.96,0,47
LA201761,Andhra Pradesh,Guntur,Highway,Major Infrastructure,High,113.71,26,12,10,11,64.4,35.6,Compensation,,1,0,0,1,1,0,0,0,3,1,96,2,0.523,70.4,24.9,1.09,0.36,3,129.77,1,62
LA200417,Maharashtra,Kolhapur,Highway,Major Infrastructure,Normal,51.84,28,17,8,25,66.2,33.8,Possession,45,1,0,0,2,1,0,1,0,1,0,141,7,0.722,103.3,59.5,1.15,0.51,1,136.92,0,67
LA202632,Telangana,Warangal,Public Infrastructure,Development Project,Critical,80.71,30,11,2,29,70.7,29.3,Ownership Verification,51,1,0,1,3,1,0,3,1,4,0,135,15,0.305,57,53.1,0.97,0.67,7,262.24,1,100
LA202292,Odisha,Cuttack,Irrigation,Major Infrastructure,High,87.01,30,17,9,16,45.7,54.3,Survey,54,1,0,0,3,1,0,2,1,2,0,126,12,0.244,48.4,39.9,1.17,0.66,4,279.15,0,70
LA200175,Maharashtra,Aurangabad,Highway,Major Infrastructure,Normal,16.06,21,16,10,13,77.7,22.3,Ownership Verification,45,1,1,0,2,1,0,2,0,1,0,127,42,0.509,76.4,43.7,1.07,0.7,3,40.16,1,101
LA201726,Odisha,Puri,Highway,Major Infrastructure,Normal,31.72,34,21,2,13,54.6,45.4,Notification,47,1,0,0,1,0,0,1,1,2,0,132,12,0.39,60,41.7,1.17,0.19,5,127.05,1,61
LA202176,Andhra Pradesh,NTR,Highway,Major Infrastructure,Normal,55.8,32,14,2,16,81.4,18.6,Approval,13,0,0,0,1,1,1,1,0,0,0,120,19,0.467,,32.5,1.02,0.67,2,235.43,0,62
LA200046,Telangana,Warangal,Industrial,Development Project,High,209.6,34,25,3,31,46.2,53.8,Notification,16,1,1,0,2,1,0,1,0,0,0,99,4,0.553,89.4,32.3,1.12,0.54,3,266.92,1,52
LA200686,Maharashtra,Kolhapur,Public Infrastructure,Development Project,Normal,82.31,34,18,9,23,93.6,6.4,Notification,14,1,0,0,0,0,0,1,1,2,0,117,3,0.248,,70.7,0.9,0.55,1,194.53,1,14
LA201608,Andhra Pradesh,NTR,Public Infrastructure,Development Project,Normal,22.72,37,22,10,29,86,14,Objection,56,1,0,1,1,0,0,2,0,2,0,132,17,0.13,44.3,29.9,0.97,0.59,5,88.16,1,64
LA201232,Telangana,Rangareddy,Irrigation,Major Infrastructure,Normal,148.3,30,13,5,22,81.8,18.2,Ownership Verification,35,1,1,0,1,0,1,0,0,2,0,162,17,0.749,93,56.4,0.9,0.27,7,638.52,1,76
LA200863,Karnataka,Dharwad,Irrigation,Major Infrastructure,Normal,32.06,31,21,1,23,36,64,Objection,5,1,0,0,2,0,0,1,1,1,0,87,8,0.43,53.9,37.8,1.15,0.49,4,123.79,1,31
LA201966,Andhra Pradesh,Krishna,Railway,Major Infrastructure,Critical,36.6,37,28,11,18,88.8,11.2,Objection,16,1,1,0,1,0,0,0,0,1,0,146,38,0.458,50.3,23.1,1.02,0.33,5,117.32,1,76
LA200332,Andhra Pradesh,Visakhapatnam,Railway,Major Infrastructure,High,9.91,39,28,7,21,85.4,14.6,Ownership Verification,13,1,1,0,0,0,1,0,0,1,0,70,8,0.623,93.5,38.7,1.01,0.87,2,36.15,1,62
LA200094,Andhra Pradesh,Visakhapatnam,Public Infrastructure,Development Project,High,33.93,26,19,9,13,78.4,21.6,Compensation,9,1,0,1,1,0,1,2,2,0,0,77,17,0.527,70.5,31,0.96,0.48,3,112.17,1,58
LA201642,Karnataka,Dharwad,Highway,Major Infrastructure,Normal,121.2,31,12,3,26,65.6,34.4,Notification,54,1,0,1,0,1,0,1,0,1,0,155,6,0.351,61.8,28.3,1.14,0.66,3,181.61,1,52
LA202987,Odisha,Ganjam,Industrial,Development Project,Normal,25.78,21,10,12,13,91,9,Compensation,23,1,0,0,0,0,0,1,1,1,0,140,24,0.742,108.2,90.6,1.06,0.63,2,42.31,1,57
LA200507,Karnataka,Dharwad,Railway,Major Infrastructure,Normal,176.12,21,9,12,16,51.2,48.8,Ownership Verification,29,1,0,0,4,0,0,4,3,2,0,96,6,0.37,47.3,65.9,0.99,0.55,4,420.77,1,47
LA202910,Karnataka,Dharwad,Highway,Major Infrastructure,High,135.86,26,16,8,25,44.9,55.1,Approval,44,1,0,0,2,1,0,3,1,0,0,105,3,0.716,84.1,53,1.1,0.27,3,753.13,1,75
LA202046,Telangana,Warangal,Railway,Major Infrastructure,Critical,158.01,26,17,7,21,33.7,66.3,Notification,44,1,0,1,2,0,1,1,0,2,0,102,5,0.427,60.1,67.1,1.09,0.78,6,810.6,1,58
LA200496,Maharashtra,Nagpur,Highway,Major Infrastructure,Normal,121.97,24,11,9,22,71.9,28.1,Notification,38,0,1,1,1,1,1,0,0,2,0,161,14,0.655,83.3,44.7,0.92,0.76,3,502.08,1,96
LA202133,Odisha,Ganjam,Public Infrastructure,Development Project,Normal,186.04,26,19,8,21,55.3,44.7,Survey,16,1,1,0,1,0,0,3,1,4,1,73,2,0.314,47.9,40.5,1.03,0.72,1,179.41,1,65
LA200001,Andhra Pradesh,Visakhapatnam,Industrial,Development Project,High,27.15,38,23,10,25,94.6,5.4,Compensation,2,0,0,0,1,1,0,1,0,1,0,100,15,0.164,35.1,21.6,0.93,0.21,5,41.65,0,45
LA200315,Telangana,Warangal,Railway,Major Infrastructure,Normal,83.13,33,19,11,22,54,46,Approval,30,1,0,0,2,0,1,2,1,1,0,135,23,0.347,52.7,17.6,1.06,0.85,3,122.16,1,61
LA201273,Maharashtra,Pune,Railway,Major Infrastructure,Normal,80.2,29,15,2,19,81.7,18.3,Compensation,25,1,0,1,3,1,1,0,0,4,1,163,15,0.579,80.6,35.7,0.96,0.37,1,158.49,1,105
LA201942,Andhra Pradesh,Tirupati,Irrigation,Major Infrastructure,Normal,27.93,28,17,2,26,36.3,63.7,Compensation,14,1,0,0,3,1,0,1,1,3,0,102,10,0.668,93.7,37.2,1.12,0.77,3,98.17,1,54
LA202968,Odisha,Cuttack,Irrigation,Major Infrastructure,High,14.46,32,14,11,25,70.5,29.5,Ownership Verification,6,1,0,0,3,1,0,1,0,0,0,220,25,0.325,47.9,54.4,0.89,0.9,1,66.78,0,57
LA201317,Telangana,Medchal-Malkajgiri,Highway,Major Infrastructure,Normal,87.79,27,13,10,22,51.2,48.8,Award,32,1,0,0,1,1,0,0,0,2,0,200,7,0.415,,43.6,1.03,0.78,3,212.14,1,46
LA200756,Maharashtra,Nagpur,Industrial,Development Project,Normal,48.41,23,10,2,16,85.7,14.3,Ownership Verification,27,1,0,0,6,0,0,2,1,1,0,117,19,0.121,31.2,9.4,1,0.7,3,145.92,0,49
LA201771,Maharashtra,Aurangabad,Industrial,Development Project,Normal,106.27,21,8,1,17,90.1,9.9,Approval,32,0,0,1,1,0,0,1,0,1,0,83,3,0.364,56.3,26.4,1.17,0.44,5,273.99,1,55
LA201201,Odisha,Ganjam,Industrial,Development Project,Normal,218.52,30,14,8,24,82.8,17.2,Approval,17,1,1,0,6,0,0,4,4,6,1,118,7,0.528,71.3,43.9,1.01,0.56,3,1154.5,1,103
LA202175,Maharashtra,Pune,Highway,Major Infrastructure,Critical,51.87,,12,12,12,30,70,Compensation,35,1,1,0,1,0,0,2,0,3,0,154,8,0.57,78.5,41.8,0.93,0.74,3,175.19,1,78
LA201992,Odisha,Khordha,Public Infrastructure,Development Project,High,61.14,27,17,10,17,62,38,Award,30,1,0,0,4,1,0,1,0,2,0,96,23,0.314,48.5,13.9,0.98,0.28,2,119.4,0,55
LA200880,Karnataka,Belagavi,Railway,Major Infrastructure,Normal,381.78,22,10,6,19,35.9,64.1,Compensation,19,1,0,1,4,1,0,0,0,1,0,263,30,0.152,34.3,34.7,1.14,0.5,1,927.3,1,57
LA200766,Andhra Pradesh,Guntur,Public Infrastructure,Development Project,Normal,177.55,34,14,8,25,64.1,35.9,Objection,27,0,1,1,2,1,0,1,0,2,0,155,20,0.22,30.8,20.6,0.91,0.27,1,622.22,1,56
LA200928,Odisha,Ganjam,Public Infrastructure,Development Project,Normal,184.17,22,12,9,10,89.8,10.2,Ownership Verification,11,1,0,0,0,0,0,0,0,0,0,79,6,0.774,86.5,43.2,1.02,0.72,1,466.45,1,26
LA202378,Telangana,Nalgonda,Railway,Major Infrastructure,Normal,146.67,28,16,5,18,78.5,21.5,Compensation,68,1,0,1,3,1,0,2,1,1,0,150,6,0.543,79.6,44.4,1.08,0.46,5,247.96,1,74
LA201375,Andhra Pradesh,Visakhapatnam,Highway,Major Infrastructure,Normal,41.58,29,13,12,25,73.5,26.5,Survey,43,1,0,0,3,0,0,0,0,3,0,116,3,0.43,69.4,34.8,1.13,0.75,4,224.7,0,39
LA201815,Andhra Pradesh,Visakhapatnam,Highway,Major Infrastructure,High,116.39,34,15,8,19,90,10,Notification,50,1,0,0,1,0,0,5,2,3,0,147,6,0.379,58.2,,1.13,0.64,8,509.18,0,72
LA201799,Andhra Pradesh,Tirupati,Highway,Major Infrastructure,Normal,79.18,34,18,5,23,74.2,25.8,Ownership Verification,24,1,1,0,3,0,1,0,0,3,0,133,10,0.614,80.6,33.2,1.07,0.8,4,97.78,1,80
LA200930,Andhra Pradesh,Guntur,Highway,Major Infrastructure,High,27.97,29,22,7,19,55.4,44.6,Ownership Verification,66,1,0,0,3,1,0,7,6,2,0,212,3,0.901,112.8,108.1,1.12,0.74,2,70,1,98
LA200437,Karnataka,Mysuru,Highway,Major Infrastructure,Normal,96.87,27,13,3,20,96.2,3.8,Objection,26,0,0,0,3,0,1,1,0,1,0,134,4,0.529,72,57.6,1.06,0.79,3,220.24,0,48
LA200197,Andhra Pradesh,Krishna,Highway,Major Infrastructure,Normal,55.43,32,18,4,15,46.6,53.4,Notification,25,1,1,0,1,0,0,1,0,0,0,84,3,0.739,100.7,25.1,1.05,0.89,3,146.42,1,41
LA201763,Telangana,Warangal,Public Infrastructure,Development Project,Normal,38.89,33,17,6,16,78.2,21.8,Approval,20,1,0,0,2,0,0,4,3,2,0,95,26,0.588,83.7,57,0.94,0.39,4,150.46,1,52
LA201065,Telangana,Rangareddy,Public Infrastructure,Development Project,Normal,18.34,34,18,3,21,40.9,59.1,Compensation,77,1,0,1,7,1,0,2,0,0,0,221,19,0.885,100,27.4,1.1,0.69,4,71.58,1,83
LA202343,Andhra Pradesh,Tirupati,Irrigation,Major Infrastructure,Normal,47.56,31,24,4,26,86.2,13.8,Notification,75,1,1,0,5,0,0,2,1,0,0,176,12,0.407,50.1,26.3,0.89,0.7,2,169.08,0,67
LA202529,Andhra Pradesh,Visakhapatnam,Highway,Major Infrastructure,Normal,55.11,19,13,12,7,31.6,68.4,Award,11,1,0,0,4,0,0,1,0,1,0,128,28,0.335,59.6,31.1,0.92,0.67,3,262.6,0,37
LA201269,Telangana,Hyderabad,Industrial,Development Project,Normal,57.32,38,23,4,24,32.6,67.4,Compensation,78,1,0,0,5,1,0,1,1,1,0,148,17,0.514,63.7,37.5,1.01,0.7,6,123.84,1,86
LA202324,Odisha,Puri,Irrigation,Major Infrastructure,High,97.56,30,16,3,12,67.9,32.1,Compensation,36,1,0,0,1,1,0,2,0,1,0,156,16,0.473,73.1,40.6,0.92,0.46,4,131.53,1,59
LA202780,Andhra Pradesh,Tirupati,Railway,Major Infrastructure,Normal,36.91,29,10,10,25,93,7,Approval,22,1,0,0,1,1,1,2,1,2,0,123,6,0.534,69.3,69.3,1,0.38,3,111.2,1,48
LA202226,Telangana,Rangareddy,Industrial,Development Project,Normal,124.3,30,12,11,25,35.4,64.6,Notification,24,1,0,0,5,0,0,2,1,1,0,132,22,0.864,111.1,50.4,0.96,0.65,8,596.61,1,53
LA200451,Odisha,Sambalpur,Public Infrastructure,Development Project,Critical,42.96,34,19,5,23,59.1,40.9,Survey,28,1,0,0,1,1,1,1,0,1,0,101,9,0.618,86.5,65.4,0.94,0.84,3,76.24,1,71
LA202165,Maharashtra,Kolhapur,Highway,Major Infrastructure,Normal,51.28,34,22,4,30,49,51,Notification,19,1,0,1,2,0,0,0,0,2,0,175,2,0.269,46.5,64.5,0.98,0.74,3,213.48,1,40
LA202373,Odisha,Khordha,Irrigation,Major Infrastructure,Normal,45.7,27,11,9,26,62.7,37.3,Approval,16,1,0,0,2,0,1,2,2,1,0,121,4,0.407,47.8,30.9,0.97,0.83,5,37.08,1,51
LA202013,Telangana,Hyderabad,Highway,Major Infrastructure,Normal,62.71,38,27,10,23,63.3,36.7,Compensation,110,1,0,1,0,0,0,0,0,3,0,182,12,0.593,86.1,42.1,1.11,0.38,7,132.78,1,80
LA200271,Telangana,Medchal-Malkajgiri,Railway,Major Infrastructure,Normal,30.41,21,15,11,17,80.1,19.9,Approval,55,1,0,0,1,0,0,0,0,3,0,122,10,0.245,43,27.3,1.08,0.59,6,117.99,1,55
LA201841,Karnataka,Tumakuru,Highway,Major Infrastructure,Normal,434.05,36,17,4,30,35.3,64.7,Ownership Verification,13,1,1,0,2,0,0,2,2,0,0,177,5,0.48,60.3,30.9,1.03,0.5,4,458.53,1,63
LA202935,Karnataka,Belagavi,Highway,Major Infrastructure,High,55.59,24,8,11,11,68.1,31.9,Notification,9,1,0,1,2,0,0,1,0,0,0,128,37,0.165,38,33.1,0.98,0.91,3,254.7,1,51
LA200979,Maharashtra,Aurangabad,Highway,Major Infrastructure,Critical,106.02,27,12,3,23,30.6,69.4,Award,28,1,0,0,4,1,0,1,0,1,0,123,10,0.24,43.7,58,0.93,0.33,2,340.24,0,37
LA202167,Andhra Pradesh,Krishna,Highway,Major Infrastructure,Normal,130.61,34,16,12,20,46.5,53.5,Approval,5,1,0,0,1,0,0,0,0,1,0,157,14,0.476,65.6,21.4,1.01,0.34,8,264.44,1,40
LA200355,Odisha,Puri,Public Infrastructure,Development Project,Critical,110.27,33,16,12,23,32.5,67.5,Ownership Verification,19,1,1,0,7,1,0,2,0,2,0,109,16,0.654,83.5,36.1,0.97,0.38,6,127.72,1,88
LA201877,Odisha,Ganjam,Highway,Major Infrastructure,Normal,96.68,30,17,1,25,83,17,Objection,13,1,0,0,0,0,0,1,0,5,1,224,8,0.346,49.6,29.8,1.06,0.56,1,418.22,1,64
LA200185,Andhra Pradesh,Tirupati,Railway,Major Infrastructure,Normal,102.64,36,24,9,19,92.7,7.3,Compensation,50,1,0,0,1,0,0,1,1,2,0,115,8,0.622,87.8,43.7,1.09,0.61,2,455.94,1,35
LA202745,Telangana,Hyderabad,Public Infrastructure,Development Project,Normal,106.01,23,17,7,16,87.1,12.9,Notification,32,1,1,1,4,0,0,1,1,3,0,138,4,0.623,80.3,44.1,1.09,0.58,6,445.72,0,70
LA201615,Andhra Pradesh,Krishna,Highway,Major Infrastructure,Normal,27.6,27,18,9,17,32.1,67.9,Compensation,50,1,1,0,5,1,0,2,2,0,0,230,10,0.518,72,51.8,1.15,0.74,1,48.08,1,79
LA202760,Odisha,Puri,Highway,Major Infrastructure,Normal,51.33,,16,1,16,60.2,39.8,Award,90,0,0,1,2,0,0,1,0,1,0,206,4,0.414,54.3,46.3,0.88,0.8,4,142.75,1,66
LA201707,Maharashtra,Kolhapur,Public Infrastructure,Development Project,High,135.24,33,25,7,24,65.6,34.4,Notification,23,1,1,1,2,0,0,3,2,1,0,96,14,0.422,62.3,28.1,1.16,0.79,1,433.46,0,65
LA201862,Karnataka,Belagavi,Public Infrastructure,Development Project,Normal,438.6,37,17,6,14,91.2,8.8,Approval,17,1,1,0,5,0,1,,0,1,0,153,44,0.587,87.4,57.1,0.98,0.64,3,1198.44,1,81
LA200247,Karnataka,Mysuru,Highway,Major Infrastructure,Critical,43.86,32,11,11,23,69.8,30.2,Ownership Verification,7,1,1,0,4,1,0,,0,1,0,77,14,0.598,95,84,1.07,0.49,4,107.32,0,58
LA200556,Andhra Pradesh,Visakhapatnam,Industrial,Development Project,Normal,114.96,37,24,9,22,46.5,53.5,Compensation,18,1,0,0,4,1,1,2,1,2,0,138,6,0.61,72.4,43.3,1.18,0.74,4,341.34,1,65
LA201753,Odisha,Khordha,Irrigation,Major Infrastructure,Normal,109.54,27,10,2,23,50.4,49.6,Award,21,1,0,1,1,0,1,2,0,3,0,120,18,0.63,87.6,56.9,0.95,0.89,6,316.57,1,72
LA201365,Odisha,Ganjam,Industrial,Development Project,High,41.71,32,24,2,27,35.8,64.2,Compensation,18,0,0,0,3,1,0,1,1,2,1,115,8,0.392,57.4,28.6,1.08,0.66,5,191.49,0,69
LA200068,Maharashtra,Nagpur,Public Infrastructure,Development Project,Normal,47.88,29,14,3,19,92.4,7.6,Objection,14,1,0,0,2,0,0,2,0,5,0,108,1,0.328,49.4,34.7,1.02,0.7,5,117.74,0,51
LA202619,Maharashtra,Pune,Highway,Major Infrastructure,Normal,26.67,24,10,5,16,38.1,61.9,Approval,53,1,0,1,1,0,0,3,0,4,0,130,6,0.162,33.9,40.5,0.89,0.65,6,79.4,1,74
LA202285,Andhra Pradesh,Visakhapatnam,Public Infrastructure,Development Project,High,101.34,33,24,2,24,97.2,2.8,Award,40,1,0,0,1,0,0,2,2,3,0,154,10,0.278,56.2,34.8,1.07,0.53,0,239.1,1,56
LA200533,Andhra Pradesh,NTR,Highway,Major Infrastructure,Normal,,33,24,7,20,30.4,69.6,Ownership Verification,9,0,1,0,0,1,0,2,0,2,0,160,17,0.247,48.9,14.2,1.11,0.45,1,244.1,1,65
LA202874,Andhra Pradesh,NTR,Industrial,Development Project,Normal,158.54,40,25,1,37,39,61,Compensation,84,1,1,0,3,0,1,3,2,3,0,183,17,0.635,75.2,55.8,0.93,0.62,5,585.82,0,99
LA202706,Odisha,Cuttack,Highway,Major Infrastructure,Normal,155.58,22,11,2,17,38.1,61.9,Ownership Verification,51,0,1,0,2,0,1,1,1,2,0,140,3,0.687,75.1,31.7,1.05,0.92,4,194.15,1,67
LA201503,Karnataka,Belagavi,Highway,Major Infrastructure,Normal,42.94,29,11,6,20,80.5,19.5,Notification,8,1,0,1,3,0,0,2,2,2,0,95,7,0.244,38.4,33.6,1.09,0.93,3,79.22,1,48
LA200762,Andhra Pradesh,Visakhapatnam,Irrigation,Major Infrastructure,Normal,19.58,33,12,5,25,38.8,61.2,Award,52,1,0,0,4,1,0,2,1,3,0,158,18,0.352,49.8,30.9,0.97,0.88,3,35.81,1,79
LA202753,Odisha,Khordha,Railway,Major Infrastructure,Normal,50.46,31,18,8,9,90.5,9.5,Compensation,27,1,0,1,2,1,0,2,1,0,0,100,6,0.164,36.3,23.4,0.88,0.6,4,43.47,1,47
LA201212,Andhra Pradesh,Krishna,Highway,Major Infrastructure,High,63.64,29,19,5,10,82.6,17.4,Objection,62,1,0,0,1,0,0,2,1,2,0,145,20,0.534,72.3,42.6,0.97,0.48,4,191.33,1,61
LA202244,Andhra Pradesh,Guntur,Industrial,Development Project,Normal,110.13,23,17,3,14,82.4,17.6,Ownership Verification,2,1,0,0,4,1,0,0,0,2,0,81,6,0.479,68.5,36.4,0.99,0.57,8,320.27,0,51
LA201794,Telangana,Hyderabad,Public Infrastructure,Development Project,Normal,44.83,33,16,12,17,33.5,66.5,Award,7,1,1,0,2,0,0,1,1,2,0,166,30,0.584,73.3,23.4,1.16,0.6,3,108.85,1,79
LA200536,Maharashtra,Pune,Public Infrastructure,Development Project,Normal,71.5,34,16,10,18,55.9,44.1,Ownership Verification,7,1,1,1,2,0,1,2,0,1,0,88,10,0.272,43.9,63.3,0.94,0.68,5,233.63,1,64
LA201747,Andhra Pradesh,Guntur,Industrial,Development Project,High,37.53,29,12,10,8,47.8,52.2,Survey,18,1,0,0,3,0,0,2,1,0,0,92,5,0.371,57.7,37.5,1.05,0.61,1,67.82,1,27
LA200464,Telangana,Warangal,Railway,Major Infrastructure,Critical,61.77,26,15,2,13,33.9,66.1,Notification,37,1,0,0,3,0,0,0,0,1,0,116,14,0.455,62,26.8,1.08,0.49,3,51.53,0,33
LA202678,Odisha,Cuttack,Industrial,Development Project,Normal,28.39,31,23,5,18,45.7,54.3,Award,3,1,0,0,3,1,0,0,0,2,0,77,7,0.604,80.2,37.5,1.07,0.19,4,33.94,1,48
LA201840,Andhra Pradesh,NTR,Public Infrastructure,Development Project,Normal,85.48,40,27,11,26,94.4,5.6,Notification,19,1,0,0,0,1,0,1,1,1,0,123,5,0.675,91,83.9,1.05,0.38,4,214.9,1,47
LA202863,Andhra Pradesh,Krishna,Railway,Major Infrastructure,High,150,25,12,4,14,93.2,6.8,Survey,90,1,0,0,3,0,0,3,0,1,0,193,12,0.37,64.2,49.7,1.09,0.85,1,650.24,1,54
LA200125,Maharashtra,Nashik,Irrigation,Major Infrastructure,High,28.03,32,21,1,15,58.3,41.7,Approval,15,0,0,0,2,0,0,0,0,0,0,138,37,0.768,96.8,41.6,0.96,0.42,6,33.06,1,56
LA200179,Andhra Pradesh,Guntur,Highway,Major Infrastructure,Normal,39.6,37,27,1,23,88.2,11.8,Ownership Verification,33,1,1,1,2,0,1,0,0,2,0,162,1,0.484,67.3,44.7,1.17,0.57,6,185.75,1,64
LA200193,Telangana,Medchal-Malkajgiri,Highway,Major Infrastructure,Normal,28.84,24,11,11,19,69.3,30.7,Compensation,22,1,0,0,1,1,0,3,2,3,0,97,12,0.289,44.4,27.2,1.03,0.46,2,37.14,1,66
LA202308,Telangana,Nalgonda,Railway,Major Infrastructure,Normal,67.68,33,21,7,25,86.6,13.4,Objection,55,1,1,0,5,0,0,1,0,0,0,141,3,0.481,67.1,28.8,1.12,0.6,6,242.97,1,57
LA201430,Odisha,Cuttack,Public Infrastructure,Development Project,Normal,123.18,24,11,4,12,67.7,32.3,Award,4,0,0,0,2,0,0,2,0,1,0,173,15,0.454,72,37.3,1.08,0.49,3,449.28,1,39
LA201692,Telangana,Rangareddy,Public Infrastructure,Development Project,High,59.76,40,29,8,31,32.5,67.5,Objection,16,0,0,0,1,0,0,1,0,3,1,109,4,0.246,41,55.7,0.93,0.57,3,80.78,1,62
LA200742,Odisha,Cuttack,Public Infrastructure,Development Project,High,12.81,33,19,12,21,78.5,21.5,Approval,12,1,0,0,2,0,0,1,1,3,1,112,2,0.431,65.2,30.8,1.14,0.76,3,39.37,0,65
LA201035,Maharashtra,Pune,Highway,Major Infrastructure,Normal,30.16,22,9,12,12,56.8,43.2,Survey,63,1,0,0,2,1,0,1,1,2,0,146,5,0.66,78.4,37.2,1.04,0.55,5,78.55,1,67
LA201967,Telangana,Nalgonda,Irrigation,Major Infrastructure,High,38.01,28,21,10,18,94.5,5.5,Ownership Verification,127,1,1,0,2,0,0,2,0,4,0,256,8,0.324,50,33.6,1.11,0.74,8,35.29,1,98
LA200479,Karnataka,Mysuru,Industrial,Development Project,Normal,45.9,26,12,3,21,66.6,33.4,Approval,24,1,0,0,1,0,1,0,0,1,0,155,4,0.066,24.4,24.6,1.17,0.94,1,48.55,0,39
LA201028,Karnataka,Bengaluru Rural,Highway,Major Infrastructure,Critical,37.31,33,26,10,30,89.5,10.5,Notification,18,1,1,0,3,0,0,1,0,3,0,83,5,0.503,72.5,20,1.06,0.78,4,115.7,0,50
LA202602,Karnataka,Belagavi,Public Infrastructure,Development Project,High,166.55,24,13,11,16,62.5,37.5,Survey,42,0,0,0,4,0,0,1,0,3,0,147,5,0.381,50,30.9,0.95,0.7,4,282.16,0,33
LA200369,Karnataka,Dharwad,Public Infrastructure,Development Project,Critical,52.63,25,17,12,15,69.8,30.2,Objection,11,1,0,0,2,0,0,1,0,1,0,119,10,0.564,77.7,33.4,1,0.23,4,168.33,1,44
LA202524,Andhra Pradesh,Guntur,Highway,Major Infrastructure,High,64.66,34,16,4,23,60.1,39.9,Notification,36,1,0,0,3,0,0,3,1,0,0,167,41,0.479,68.7,25.8,1.09,0.56,3,288.49,1,68
LA200846,Odisha,Cuttack,Industrial,Development Project,Normal,110.76,38,23,2,20,75.4,24.6,Possession,61,1,1,0,3,1,0,1,0,2,1,138,8,0.304,52.3,31.2,0.89,0.85,3,159.4,1,91
LA200257,Karnataka,Belagavi,Industrial,Development Project,Critical,228.32,31,19,11,27,48.4,51.6,Award,24,1,0,0,2,0,1,1,1,1,0,128,21,0.211,39.6,8.2,1.07,0.31,4,676.47,1,47
LA201223,Maharashtra,Kolhapur,Railway,Major Infrastructure,High,29.87,,14,2,21,84.3,15.7,Approval,67,0,0,0,1,0,1,2,0,0,1,145,22,0.602,79.6,46.7,1.14,0.77,4,86.15,1,85
LA201993,Maharashtra,Pune,Highway,Major Infrastructure,High,69.26,35,20,11,13,44.6,55.4,Approval,31,1,0,0,3,1,1,5,2,3,0,105,10,0.301,47.6,17.4,1.13,0.63,1,123.06,1,85
LA200212,Andhra Pradesh,Guntur,Highway,Major Infrastructure,Normal,17.8,28,21,5,13,49.7,50.3,Ownership Verification,22,0,0,0,3,0,0,1,0,2,1,123,8,0.563,82.3,36.5,0.94,0.58,3,35.14,1,60
LA202690,Andhra Pradesh,NTR,Highway,Major Infrastructure,Normal,62.37,28,20,7,18,79.5,20.5,Award,37,1,0,0,5,0,0,1,1,2,0,113,4,0.5,81.1,,0.94,0.75,0,100.95,1,47
LA201950,Odisha,Sambalpur,Industrial,Development Project,Normal,72.03,35,20,3,21,67.2,32.8,Ownership Verification,77,1,1,0,2,0,0,2,2,1,0,162,3,0.231,44.8,59.7,0.97,0.95,7,341.33,1,68
LA201363,Andhra Pradesh,Krishna,Highway,Major Infrastructure,Normal,82.72,41,26,6,25,35.2,64.8,Compensation,102,1,0,0,3,0,0,2,1,4,0,233,9,0.632,90.4,25.3,1.06,0.67,6,366.93,1,80
LA202152,Andhra Pradesh,NTR,Public Infrastructure,Development Project,Normal,62.02,39,29,7,25,86.8,13.2,Compensation,6,0,0,0,0,1,0,4,3,1,0,147,24,0.565,81.7,22.8,0.97,0.35,2,181.68,1,74
LA202154,Telangana,Nalgonda,Public Infrastructure,Development Project,High,52.12,34,21,11,25,36.6,63.4,Award,30,0,0,0,3,0,1,3,1,2,0,137,10,0.833,102.7,49.7,1.1,0.88,3,170.49,1,78
LA200568,Maharashtra,Kolhapur,Industrial,Development Project,Critical,42,32,15,7,16,72.3,27.7,Ownership Verification,49,1,1,0,3,0,0,3,2,0,0,239,57,0.226,31.4,38.7,1.08,0.86,2,153.68,0,94
LA202207,Telangana,Warangal,Irrigation,Major Infrastructure,High,104.65,33,22,11,22,64.8,35.2,Possession,44,1,1,1,3,0,0,4,3,2,0,203,7,0.442,73.3,18.8,1.16,0.76,1,64.59,1,78
LA202094,Telangana,Rangareddy,Irrigation,Major Infrastructure,Critical,30.8,43,32,5,29,99.1,0.9,Award,48,1,1,0,3,0,0,2,1,4,0,135,6,0.4,60.2,32.1,1.06,0.23,3,35.25,0,73
LA201711,Odisha,Sambalpur,Highway,Major Infrastructure,Normal,84.25,36,15,4,27,39.1,60.9,Ownership Verification,27,0,1,0,2,0,0,3,0,5,0,100,6,0.274,49.2,31.7,0.9,0.93,4,155.05,1,63
LA201264,Andhra Pradesh,Visakhapatnam,Industrial,Development Project,Critical,24.68,41,25,4,31,75.6,24.4,Notification,93,1,0,1,1,0,0,0,0,3,0,236,6,0.318,50.6,59.2,1.16,0.61,2,33.02,1,72
LA202124,Maharashtra,Aurangabad,Highway,Major Infrastructure,High,37.14,27,19,8,10,88.6,11.4,Compensation,33,1,0,0,1,1,1,0,0,1,0,170,9,0.573,66.7,39,1.03,0.68,4,170.93,0,62
LA200799,Maharashtra,Nagpur,Industrial,Development Project,Normal,131.1,22,9,2,19,76.6,23.4,Objection,107,1,0,1,2,0,0,1,1,2,0,208,12,0.567,83.6,41.8,0.97,0.67,8,131.46,1,74
LA200081,Odisha,Sambalpur,Industrial,Development Project,Critical,14.73,32,11,2,24,66.9,33.1,Notification,13,1,1,0,2,0,0,3,1,3,0,146,27,0.544,65.3,32.2,0.97,0.33,6,59.47,1,72
LA200033,Odisha,Khordha,Public Infrastructure,Development Project,Normal,57.87,29,16,3,17,63.9,36.1,Notification,2,0,0,0,3,0,0,0,0,2,0,147,5,0.748,98.1,73.2,0.95,0.45,5,79.73,1,17
LA200415,Odisha,Sambalpur,Highway,Major Infrastructure,Normal,21.14,33,22,10,23,64.7,35.3,Survey,48,0,1,0,3,1,0,0,0,1,0,162,5,0.606,75.5,35.3,0.92,0.79,1,114.75,1,70
LA201805,Andhra Pradesh,Guntur,Irrigation,Major Infrastructure,Normal,27.05,31,17,5,22,59.9,40.1,Compensation,47,1,0,0,3,1,0,1,0,0,0,145,14,0.372,61.8,17.9,1.07,0.78,4,37.65,1,62
LA202214,Maharashtra,Nashik,Irrigation,Major Infrastructure,Normal,47.32,29,21,3,27,80.6,19.4,Survey,27,1,0,1,5,1,1,0,0,3,1,72,7,0.507,63.8,41.4,1.05,0.59,3,203.54,1,79
LA201322,Telangana,Hyderabad,Highway,Major Infrastructure,Normal,29.65,27,17,4,18,49.2,50.8,Objection,,1,0,0,1,1,0,4,1,1,0,218,10,0.267,41.9,25.1,0.95,0.73,2,57.63,1,56
LA201568,Andhra Pradesh,Guntur,Highway,Major Infrastructure,Normal,94.74,30,21,11,18,53.8,46.2,Possession,21,1,0,0,3,0,0,2,1,2,1,160,28,0.39,68.3,95.8,1.04,0.31,3,222.87,1,72
LA200784,Maharashtra,Nashik,Highway,Major Infrastructure,Normal,95.04,31,11,9,20,47.8,52.2,Notification,59,1,0,1,1,0,0,2,2,2,0,196,26,0.734,98.1,,0.89,0.52,7,292.42,1,74
LA202992,Telangana,Rangareddy,Industrial,Development Project,High,138.79,28,16,10,11,92.7,7.3,Approval,3,1,0,0,3,0,1,0,0,1,0,144,12,0.381,66.2,90.1,1.12,0.55,1,549.58,1,37
LA201413,Odisha,Ganjam,Railway,Major Infrastructure,High,86.07,26,19,3,15,34.1,65.9,Award,39,1,0,1,0,0,0,4,1,1,0,134,13,0.455,71.1,59.5,0.95,0.54,6,400.7,1,77
LA200458,Maharashtra,Aurangabad,Highway,Major Infrastructure,Normal,25.16,32,21,6,12,51.3,48.7,Survey,42,1,1,0,2,0,0,3,1,0,0,165,12,0.281,36.2,18,1.1,0.45,3,114.89,1,54
LA200140,Karnataka,Tumakuru,Railway,Major Infrastructure,High,93.2,30,13,8,14,40.9,59.1,Compensation,31,1,1,0,3,1,0,0,0,2,0,223,14,0.18,40.7,66.9,1.02,0.54,2,322.17,1,73
LA202231,Maharashtra,Aurangabad,Railway,Major Infrastructure,Critical,246.61,30,12,6,22,67,33,Approval,17,1,1,0,4,0,1,0,0,1,0,136,51,0.406,59.5,31.1,1.1,0.82,6,241.56,1,85
LA201026,Telangana,Hyderabad,Industrial,Development Project,Normal,38.52,31,22,2,20,69.2,30.8,Compensation,32,1,1,0,4,1,0,2,1,1,0,174,26,0.569,71,89.3,1.13,0.81,1,121.19,1,97
LA200089,Karnataka,Mysuru,Highway,Major Infrastructure,Normal,65.89,26,11,4,20,30.7,69.3,Award,30,1,0,0,1,1,0,1,1,3,0,86,3,0.678,90.7,,1.1,0.78,1,278.17,1,75
LA201443,Andhra Pradesh,Guntur,Industrial,Development Project,Critical,248.35,30,20,4,21,51,49,Survey,19,0,0,0,2,0,0,4,4,1,0,117,12,0.456,65.7,56.2,1.02,0.47,3,925.74,1,40
LA201832,Telangana,Medchal-Malkajgiri,Railway,Major Infrastructure,Normal,87.31,34,25,11,19,68.3,31.7,Compensation,16,1,0,1,5,0,0,3,2,2,0,149,6,0.291,48.6,37.7,1.07,0.57,3,458.22,0,49
LA202577,Andhra Pradesh,Guntur,Public Infrastructure,Development Project,Normal,15.06,35,22,10,23,63.5,36.5,Award,6,1,1,0,0,0,0,0,0,0,0,171,2,0.417,61.1,97.1,1.17,0.62,3,39.96,1,47
LA200255,Telangana,Rangareddy,Highway,Major Infrastructure,High,42.83,33,15,11,28,84.8,15.2,Possession,27,1,0,1,0,0,0,3,1,2,0,189,11,0.511,74.7,28.9,1.1,0.86,5,108.12,1,54
LA200606,Telangana,Warangal,Irrigation,Major Infrastructure,Normal,29.94,28,15,3,22,72.9,27.1,Award,32,1,0,0,3,1,0,1,0,1,0,159,4,0.14,28,21.7,1.14,0.59,4,135.63,1,53
LA201045,Maharashtra,Pune,Public Infrastructure,Development Project,Critical,76.07,36,25,10,15,86.4,13.6,Notification,20,1,1,1,3,0,0,3,2,6,1,97,9,0.628,87.5,24.1,1.06,0.74,6,264.1,1,103
LA200569,Andhra Pradesh,Guntur,Irrigation,Major Infrastructure,High,54.37,31,22,4,23,89.9,10.1,Notification,36,0,0,0,1,1,0,1,0,1,0,131,2,0.482,74.1,51.6,0.89,0.52,4,147.5,0,49
LA201733,Telangana,Medchal-Malkajgiri,Highway,Major Infrastructure,Normal,112.72,16,11,3,12,30.4,69.6,Objection,33,1,0,0,1,1,0,4,3,1,0,221,19,0.725,96.8,67.7,1.1,0.62,4,158.26,1,81
LA202543,Karnataka,Belagavi,Highway,Major Infrastructure,High,70.74,29,21,2,23,84.7,15.3,Award,26,1,0,0,5,1,1,1,0,1,0,159,26,0.556,70.2,65.8,1.16,0.35,1,122.75,1,82
LA200858,Maharashtra,Aurangabad,Public Infrastructure,Development Project,High,96.32,35,15,1,26,94.7,5.3,Award,10,1,0,0,0,0,0,0,0,1,0,110,6,0.702,84.9,32.8,1.06,0.57,7,68.83,1,37
LA202473,Andhra Pradesh,Tirupati,Public Infrastructure,Development Project,High,65.53,29,12,9,20,45,55,Objection,6,1,0,1,6,0,0,2,1,0,0,173,23,0.36,56.1,12.9,1.1,0.34,4,82.69,1,41
LA200818,Telangana,Warangal,Irrigation,Major Infrastructure,Normal,12.69,26,19,3,16,80.6,19.4,Compensation,23,1,0,0,2,0,0,0,0,1,0,110,18,0.196,38.8,23.9,1.08,0.54,4,56.36,1,27
LA202031,Maharashtra,Aurangabad,Industrial,Development Project,Normal,89,25,14,10,19,65.4,34.6,Approval,33,1,0,0,3,0,0,1,1,4,1,116,10,0.49,71.7,90.5,1.07,0.44,3,320.7,1,77
LA201878,Telangana,Nalgonda,Railway,Major Infrastructure,Normal,212.93,33,17,7,25,57.6,42.4,Ownership Verification,19,0,0,0,3,0,1,1,0,3,1,122,39,0.42,60.9,49.8,1,0.55,1,673.67,1,97
LA200142,Telangana,Warangal,Irrigation,Major Infrastructure,Normal,104.57,26,14,5,12,96.8,3.2,Compensation,14,1,0,0,2,1,0,1,1,4,1,109,2,0.589,79.1,23.9,1.06,0.68,6,507.82,1,65
LA200444,Telangana,Hyderabad,Public Infrastructure,Development Project,High,133.74,36,23,7,30,36.9,63.1,Possession,34,1,0,0,4,0,0,2,1,1,1,198,56,0.364,57.5,60.5,1.02,0.8,4,432.95,1,94
LA201175,Maharashtra,Aurangabad,Highway,Major Infrastructure,Normal,54.7,37,21,6,17,57.3,42.7,Objection,31,0,1,0,3,0,1,1,0,3,0,133,7,0.589,84.6,19,1.12,0.48,6,226.85,1,69
LA200487,Karnataka,Bengaluru Rural,Irrigation,Major Infrastructure,Normal,56.57,23,13,2,22,69.2,30.8,Approval,27,1,0,0,4,0,0,1,0,2,1,156,36,0.461,72.5,21.3,1.15,0.86,4,119.99,1,76
LA200882,Maharashtra,Kolhapur,Public Infrastructure,Development Project,Normal,97.25,26,13,11,19,72.8,27.2,Objection,15,1,0,0,1,0,0,3,1,2,0,122,18,0.399,60.6,44.3,1.11,0.55,2,361.55,1,46
LA202565,Odisha,Ganjam,Highway,Major Infrastructure,Normal,65.08,38,19,8,15,56.6,43.4,Possession,23,1,0,0,4,0,0,1,0,4,1,179,34,0.354,50.3,24.4,1.02,0.86,3,71.17,1,80
LA201085,Andhra Pradesh,NTR,Railway,Major Infrastructure,Normal,40.99,24,17,5,13,84.3,15.7,Ownership Verification,27,0,0,0,1,0,0,3,2,3,1,193,8,0.426,59.1,23.6,0.9,0.85,4,135.38,1,70
LA201300,Karnataka,Bengaluru Rural,Railway,Major Infrastructure,Critical,97.43,34,14,7,17,46.5,53.5,Objection,31,1,0,1,1,0,0,0,0,3,0,144,14,0.457,77.4,22.4,1.09,0.6,5,164.64,1,72
LA200176,Odisha,Khordha,Public Infrastructure,Development Project,High,67.02,23,14,9,13,57.3,42.7,Approval,5,1,1,1,5,1,1,2,0,1,0,134,6,0.565,73.2,92.5,1.17,0.35,6,133.12,1,66
LA201095,Andhra Pradesh,Tirupati,Railway,Major Infrastructure,Normal,57.67,30,22,10,19,66.3,33.7,Award,58,1,1,0,0,0,1,5,2,0,0,158,3,0.832,95.6,47,1.02,0.66,6,238.48,1,81
LA202701,Odisha,Cuttack,Irrigation,Major Infrastructure,Normal,151.13,26,14,3,21,30.7,69.3,Possession,11,1,0,0,1,0,0,2,0,3,0,146,19,0.114,,20.7,0.98,0.85,5,159.74,1,47
LA202847,Maharashtra,Nashik,Irrigation,Major Infrastructure,Normal,140.89,29,15,4,19,69.8,30.2,Survey,42,1,0,0,2,0,0,1,0,3,0,136,7,0.404,56.7,18.4,1.05,0.81,5,261.04,1,51
LA201964,Karnataka,Mysuru,Highway,Major Infrastructure,High,20.75,33,18,4,25,39.2,60.8,Survey,16,1,0,0,1,0,0,,0,0,0,115,3,0.335,56,47.4,1.01,0.4,4,87.57,0,36
LA202682,Telangana,Nalgonda,Industrial,Development Project,Critical,34.65,31,17,9,29,93.5,6.5,Objection,75,1,1,0,2,0,1,4,3,3,0,130,6,0.37,47.2,46.4,1.14,0.66,4,82.8,1,97
LA202098,Maharashtra,Pune,Highway,Major Infrastructure,High,30.01,28,11,6,16,45.5,54.5,Award,24,1,0,0,0,0,0,2,0,0,0,157,15,0.4,55.7,23.3,0.93,0.57,2,52.49,0,39
LA202156,Odisha,Puri,Railway,Major Infrastructure,High,69.61,38,24,6,34,45.3,54.7,Approval,41,1,0,0,4,0,1,4,1,1,0,150,15,0.375,48.4,41.3,0.96,0.92,4,109.2,1,62
LA201557,Karnataka,Bengaluru Rural,Public Infrastructure,Development Project,Normal,19.46,34,17,2,22,98.1,1.9,Notification,8,1,0,0,5,0,1,0,0,1,0,157,19,0.825,106.2,69.4,0.99,0.8,7,37.53,1,56
LA201671,Maharashtra,Aurangabad,Public Infrastructure,Development Project,Normal,191.27,35,25,10,13,97.8,2.2,Approval,47,1,0,0,6,0,0,3,2,1,0,108,10,0.496,77.4,,1.13,0.67,2,806.86,0,58
LA200178,Karnataka,Mysuru,Public Infrastructure,Development Project,Critical,120.14,40,25,6,19,88.8,11.2,Ownership Verification,4,1,0,0,2,0,0,3,1,1,0,94,12,0.62,87.4,56.9,1.06,0.29,3,234.08,0,45
LA201079,Telangana,Warangal,Highway,Major Infrastructure,Normal,44.53,28,12,3,8,36.7,63.3,Award,42,1,1,0,0,0,0,1,0,0,0,156,9,0.302,57.3,45,0.98,0.77,6,211.55,1,40
LA200599,Odisha,Puri,Highway,Major Infrastructure,Normal,86.39,37,16,10,20,42,58,Compensation,65,0,0,1,5,1,1,1,0,3,0,200,20,0.577,76.3,51.4,0.96,0.68,1,322.22,1,93
LA202191,Telangana,Nalgonda,Railway,Major Infrastructure,Normal,22.06,29,19,5,19,95,5,Possession,51,1,1,0,3,1,1,2,1,3,0,142,19,0.318,62.8,,1.15,0.68,4,32.55,1,87
LA202532,Karnataka,Tumakuru,Railway,Major Infrastructure,Normal,11.99,47,23,12,32,59.8,40.2,Notification,48,1,1,1,5,1,0,4,1,2,0,202,9,0.119,33.6,14.8,1.13,0.37,5,59.84,1,92
LA202668,Odisha,Khordha,Irrigation,Major Infrastructure,Normal,77.97,33,25,9,24,68.4,31.6,Award,20,0,0,0,3,0,0,2,0,1,0,173,1,0.513,67,30.2,1.04,0.83,5,98.35,1,46
LA202787,Andhra Pradesh,Krishna,Irrigation,Major Infrastructure,Normal,260.71,29,18,8,15,88.3,11.7,Approval,16,1,0,0,1,0,0,1,0,3,0,91,4,0.679,,,1.16,0.91,4,1085.52,1,54
LA200480,Maharashtra,Nashik,Railway,Major Infrastructure,Normal,47.82,30,11,8,14,65.4,34.6,Survey,36,1,1,0,3,1,1,0,0,0,0,119,7,0.441,67.1,55.5,1.15,0.57,3,52,0,73
LA201968,Karnataka,Dharwad,Highway,Major Infrastructure,High,36.49,30,18,9,13,98.7,1.3,Survey,14,0,1,0,2,1,1,4,1,2,0,137,1,0.102,32,34.4,0.9,0.59,4,112.6,1,63
LA201058,Telangana,Rangareddy,Industrial,Development Project,Normal,47.05,26,13,6,21,66.4,33.6,Ownership Verification,57,1,1,0,6,1,0,2,0,3,0,118,6,0.615,83.4,26.3,1.01,0.62,7,192.81,1,97
LA202269,Maharashtra,Nashik,Railway,Major Infrastructure,Normal,61.04,24,12,7,24,84.3,15.7,Survey,65,1,0,0,2,0,0,2,0,2,0,162,3,0.411,58.5,18.1,1.04,0.71,4,98.28,1,43
LA200534,Telangana,Hyderabad,Highway,Major Infrastructure,High,61.6,26,20,9,12,61.9,38.1,Approval,34,1,0,0,2,0,1,3,2,4,0,123,22,0.427,62.9,17.6,1.1,0.34,4,113.07,1,73
LA201104,Maharashtra,Pune,Highway,Major Infrastructure,Normal,91.53,32,16,2,14,50.3,49.7,Ownership Verification,35,0,0,0,2,0,0,2,2,3,0,154,12,0.315,34.9,,0.96,0.54,3,461.8,1,56
LA201107,Karnataka,Dharwad,Irrigation,Major Infrastructure,Normal,196.74,34,22,2,24,70.4,29.6,Objection,47,1,0,0,2,1,0,2,2,2,0,189,41,0.238,39.7,31.2,1.06,0.85,2,480.86,1,81
LA202928,Andhra Pradesh,NTR,Highway,Major Infrastructure,Normal,73.39,25,17,4,16,42.3,57.7,Ownership Verification,26,1,1,0,3,0,0,1,1,2,0,188,11,0.459,67.5,32.3,0.94,0.81,4,313.15,1,67
LA201124,Telangana,Warangal,Railway,Major Infrastructure,Normal,57.38,29,19,2,18,56.8,43.2,Compensation,9,0,0,0,1,0,0,,0,2,0,78,13,0.629,74.7,61.2,1.12,0.82,5,87.19,1,48
LA200943,Karnataka,Belagavi,Irrigation,Major Infrastructure,Critical,82.25,30,11,9,16,95.7,4.3,Notification,39,0,1,1,1,1,0,1,0,3,0,102,9,0.372,53.4,39.9,0.93,0.84,9,336.59,0,76
LA200163,Karnataka,Belagavi,Irrigation,Major Infrastructure,Normal,59.59,26,11,9,17,86,14,Survey,12,1,0,1,2,0,0,7,5,1,1,102,6,0.219,42.2,37,1.11,0.58,3,285.02,1,85
LA201552,Telangana,Medchal-Malkajgiri,Industrial,Development Project,Normal,23.02,29,12,11,27,66.1,33.9,Possession,79,1,0,0,3,0,1,1,0,1,1,172,32,0.137,34.3,9.6,0.99,0.83,3,67.69,1,93
LA200966,Telangana,Warangal,Highway,Major Infrastructure,High,107.98,30,13,3,28,60.1,39.9,Notification,25,1,0,1,1,1,0,2,0,2,0,110,9,0.711,81.8,30.5,0.92,0.76,3,381.73,1,73
LA200472,Karnataka,Dharwad,Industrial,Development Project,High,124.78,27,18,1,25,78.7,21.3,Compensation,41,1,0,0,5,0,0,2,1,0,0,197,1,0.592,74.3,37.2,0.9,0.27,3,103.06,0,52
LA200845,Odisha,Ganjam,Public Infrastructure,Development Project,Normal,28.44,33,21,3,20,49.8,50.2,Objection,4,0,0,0,3,0,1,4,2,3,0,83,7,0.592,75.7,28.2,1.13,0.72,4,52.95,1,67
LA200999,Andhra Pradesh,Guntur,Industrial,Development Project,Normal,53.86,30,17,2,22,60.8,39.2,Compensation,7,0,0,1,4,0,0,2,0,5,0,93,12,0.275,48.2,16.7,1.13,0.65,2,84.58,1,72
LA201905,Andhra Pradesh,Guntur,Highway,Major Infrastructure,High,74.81,22,9,5,12,63.6,36.4,Ownership Verification,4,1,1,0,4,1,1,3,0,2,0,153,7,0.435,57.1,97.7,0.99,0.31,3,294.58,1,66
LA200031,Maharashtra,Nagpur,Industrial,Development Project,Critical,37.2,31,18,5,25,98,2,Objection,30,1,1,0,3,0,0,3,2,2,0,104,12,0.593,67.3,27,0.99,0.84,4,164.98,0,78
LA202891,Telangana,Nalgonda,Highway,Major Infrastructure,High,130.18,27,16,9,21,60.6,39.4,Notification,12,1,0,1,3,0,0,4,1,2,0,93,9,0.307,,51.2,0.97,0.56,9,685.11,1,54
LA200424,Karnataka,Bengaluru Rural,Public Infrastructure,Development Project,Normal,30.79,34,15,11,24,89.4,10.6,Compensation,11,1,0,0,3,1,0,3,3,3,0,171,4,0.313,53.2,28.7,1,0.63,5,118.52,1,59
LA200512,Odisha,Sambalpur,Irrigation,Major Infrastructure,Normal,24.09,34,13,11,16,64.7,35.3,Ownership Verification,51,1,1,0,4,1,1,3,2,4,1,149,6,0.579,77.9,118.9,1.08,0.83,5,52.12,1,115
LA202759,Maharashtra,Nagpur,Irrigation,Major Infrastructure,Normal,30.61,34,21,1,20,32.3,67.7,Compensation,16,1,0,1,2,1,1,1,0,1,0,132,18,0.404,73.3,26.2,0.89,0.66,4,101.61,1,72
LA202738,Andhra Pradesh,Tirupati,Highway,Major Infrastructure,Normal,189.44,35,23,12,15,93.4,6.6,Compensation,54,1,1,0,0,1,0,1,0,1,0,175,10,0.325,46.4,51.9,0.9,0.5,2,176.96,1,57
LA201394,Andhra Pradesh,Visakhapatnam,Industrial,Development Project,Normal,64.63,35,17,5,23,94.1,5.9,Award,59,1,1,1,5,1,0,2,2,1,0,192,6,0.41,57.1,34.6,0.88,0.32,3,98.84,1,92
LA201587,Maharashtra,Nashik,Public Infrastructure,Development Project,High,44.74,43,16,1,24,64.3,35.7,Compensation,23,1,0,0,1,0,1,2,1,0,0,178,54,0.536,85.6,51.3,1.05,0.53,5,51.31,1,80
LA201930,Telangana,Rangareddy,Highway,Major Infrastructure,Critical,45.32,34,22,12,27,50.8,49.2,Award,39,1,0,0,1,0,0,2,1,0,0,152,28,0.32,43.8,24.6,1.06,0.59,5,107.44,1,51
LA202498,Karnataka,Mysuru,Highway,Major Infrastructure,Critical,25.12,21,9,11,16,78.8,21.2,Approval,3,1,0,0,4,1,1,0,0,1,0,79,12,0.447,65.3,44.9,1.02,0.79,2,102.92,1,42
LA200788,Telangana,Warangal,Highway,Major Infrastructure,Normal,73.53,34,16,2,28,33.3,66.7,Possession,13,1,0,0,3,0,1,2,2,3,1,100,4,0.561,84.4,,1.14,0.53,3,171.58,1,69
LA202637,Odisha,Sambalpur,Highway,Major Infrastructure,High,66.39,24,16,2,27,74.9,25.1,Compensation,18,1,0,0,0,1,0,1,0,2,0,146,25,0.615,71.4,24.8,1.12,0.71,2,180.73,1,75
LA202539,Maharashtra,Pune,Industrial,Development Project,High,75.14,28,15,10,26,47.9,52.1,Compensation,58,1,0,1,1,0,0,2,1,3,1,205,4,0.478,74.5,77.8,0.9,0.69,6,177.95,1,82
LA200403,Telangana,Medchal-Malkajgiri,Highway,Major Infrastructure,Normal,81.07,27,12,8,13,54.8,45.2,Possession,76,1,1,1,2,1,0,3,1,1,0,215,16,0.258,34.6,19.3,1.02,0.75,2,238.3,1,87
LA200434,Andhra Pradesh,Tirupati,Public Infrastructure,Development Project,Critical,30.25,32,19,7,14,72.3,27.7,Ownership Verification,64,0,1,0,4,0,1,3,1,6,0,140,32,0.47,72.1,37.8,1.18,0.58,4,144.71,1,124
LA201152,Odisha,Ganjam,Highway,Major Infrastructure,Normal,23.72,27,18,4,14,66.3,33.7,Possession,47,1,1,1,3,0,0,1,0,1,0,118,8,0.298,56.8,76.2,1.1,0.18,2,42.98,0,64
LA200074,Andhra Pradesh,Krishna,Irrigation,Major Infrastructure,Normal,35.77,36,17,12,20,96.6,3.4,Compensation,16,0,0,0,4,1,0,3,1,3,0,127,4,0.452,56.4,76.2,0.88,0.52,8,,1,67
LA201537,Andhra Pradesh,NTR,Irrigation,Major Infrastructure,High,90.81,21,8,10,18,71.3,28.7,Ownership Verification,21,1,1,0,7,0,0,0,0,0,0,135,4,0.571,69.6,39.9,0.97,0.79,6,217.5,0,52
LA202710,Odisha,Khordha,Railway,Major Infrastructure,High,96.54,38,14,7,20,51.4,48.6,Compensation,7,1,1,0,1,0,1,1,1,1,0,74,1,0.544,80.8,35.3,1.15,0.56,6,341.21,0,55
LA200622,Maharashtra,Pune,Railway,Major Infrastructure,Critical,46.83,39,27,8,20,72.7,27.3,Ownership Verification,28,1,1,0,5,1,1,3,2,0,0,149,16,0.619,78.8,43,0.89,0.74,5,110.05,1,74
LA201438,Maharashtra,Pune,Irrigation,Major Infrastructure,Critical,76.02,30,12,5,27,99.4,0.6,Objection,31,0,0,0,4,0,0,2,1,1,0,110,5,0.359,56.9,12.5,0.93,0.77,8,338.95,1,55
LA201560,Karnataka,Mysuru,Irrigation,Major Infrastructure,Normal,177.28,34,13,11,22,73.4,26.6,Objection,8,0,0,0,3,0,1,2,1,2,0,116,4,0.71,85.7,44,1.13,0.8,7,506.63,0,61
LA201567,Maharashtra,Nagpur,Irrigation,Major Infrastructure,Normal,77.84,29,20,8,15,53.8,46.2,Compensation,12,0,1,0,5,1,0,1,0,2,0,157,7,0.235,30.4,66.1,1.11,0.63,6,274.35,1,50
LA200325,Andhra Pradesh,Visakhapatnam,Highway,Major Infrastructure,High,40.16,31,11,8,14,34.2,65.8,Possession,45,1,0,0,1,0,0,6,2,4,0,185,16,0.64,,25.8,0.99,0.64,7,123.82,1,84
LA200333,Telangana,Medchal-Malkajgiri,Industrial,Development Project,Normal,72.02,38,28,2,17,79.7,20.3,Ownership Verification,28,1,1,0,5,0,0,2,1,0,0,164,17,0.186,33.4,31.4,0.89,0.74,6,131.62,1,54
LA201393,Karnataka,Belagavi,Public Infrastructure,Development Project,High,169.99,30,22,6,19,36.9,63.1,Compensation,63,1,1,0,1,1,0,3,1,1,0,112,1,0.338,56.3,31.7,1.04,0.64,10,746.46,1,79
LA200651,Odisha,Khordha,Industrial,Development Project,Normal,106.08,40,19,2,16,65.6,34.4,Compensation,27,1,0,0,1,1,0,2,1,2,0,195,6,0.43,69.6,48.5,1.16,0.64,5,312.13,1,57
LA202237,Karnataka,Bengaluru Rural,Highway,Major Infrastructure,Normal,8.88,26,12,6,18,48.3,51.7,Ownership Verification,27,1,1,0,2,1,1,0,0,4,0,185,29,0.324,53.1,50.7,1.07,0.76,3,6.3,1,94
LA201534,Maharashtra,Nagpur,Industrial,Development Project,High,49.59,28,10,2,16,59.6,40.4,Award,25,1,0,1,4,0,0,1,0,2,0,116,20,0.22,41.6,52.3,0.99,0.75,2,51.55,1,51
LA202164,Andhra Pradesh,NTR,Irrigation,Major Infrastructure,Critical,36.14,28,14,11,18,50.1,49.9,Ownership Verification,24,1,1,1,2,0,0,4,1,4,0,145,29,0.723,93.3,56.8,1.04,0.8,1,72.56,1,98
LA200544,Maharashtra,Nagpur,Public Infrastructure,Development Project,Normal,,38,25,8,19,57.9,42.1,Compensation,23,1,0,0,4,0,0,4,0,2,0,80,2,0.241,53.7,23.2,1.09,0.52,7,358.66,0,39
LA202959,Andhra Pradesh,NTR,Irrigation,Major Infrastructure,Normal,21.2,37,19,4,23,71.6,28.4,Compensation,53,1,0,0,4,0,0,2,0,2,0,157,27,0.43,64.3,22.4,1.12,0.39,1,76.15,1,63
LA201819,Telangana,Nalgonda,Industrial,Development Project,High,68.62,25,12,6,14,75.2,24.8,Survey,38,0,0,1,1,1,1,0,0,0,0,109,8,0.737,105.4,29.3,1.04,0.65,3,118.95,1,69
LA201625,Telangana,Hyderabad,Railway,Major Infrastructure,Normal,41.38,,18,11,9,32.3,67.7,Notification,34,1,0,0,3,0,0,0,0,2,1,155,9,0.865,94.7,39.9,1.14,0.66,1,185.04,1,58
LA201178,Andhra Pradesh,Visakhapatnam,Industrial,Development Project,Normal,37.9,36,19,6,14,72.6,27.4,Ownership Verification,95,0,1,0,5,1,0,0,0,1,0,244,24,0.31,55.3,23.5,1.15,0.88,3,129.52,1,81
LA200680,Andhra Pradesh,NTR,Industrial,Development Project,Normal,170.92,28,13,6,13,85.8,14.2,Compensation,31,0,0,0,3,1,0,2,0,3,0,118,6,0.112,32.2,19.7,1.12,0.55,4,159.47,0,60
LA202097,Telangana,Rangareddy,Highway,Major Infrastructure,Normal,63.36,26,14,3,18,44.7,55.3,Ownership Verification,7,1,1,1,2,1,0,1,0,3,0,105,9,0.376,49.5,37,1.06,0.71,4,132.46,1,80
LA202030,Odisha,Sambalpur,Public Infrastructure,Development Project,Normal,58.74,36,19,2,22,56.5,43.5,Objection,23,1,1,0,1,0,0,3,1,0,0,108,10,0.572,69.8,42.1,1.12,0.83,3,144.43,1,59
LA201660,Karnataka,Tumakuru,Highway,Major Infrastructure,High,105.48,29,20,12,16,88.7,11.3,Compensation,64,1,0,0,1,1,0,3,1,2,0,223,25,0.444,59.9,67.3,1.16,0.83,7,465.1,1,74
LA201638,Odisha,Puri,Industrial,Development Project,High,23.23,35,17,12,20,48.7,51.3,Award,41,1,0,0,1,0,0,0,0,1,0,157,23,0.531,70.9,47.9,0.9,0.6,4,26.43,1,57
LA200240,Andhra Pradesh,Tirupati,Industrial,Development Project,Normal,88.11,31,20,5,21,69.6,30.4,Approval,42,0,1,0,1,1,1,1,1,5,0,188,26,0.294,51,19,1.03,0.69,7,87.06,1,103
LA202125,Andhra Pradesh,Guntur,Highway,Major Infrastructure,Normal,137.71,33,25,6,22,75,25,Notification,17,1,0,0,5,1,0,3,1,1,0,102,3,0.576,78.8,26.1,1.13,0.71,5,644.72,1,49
LA202620,Telangana,Warangal,Highway,Major Infrastructure,Normal,36.09,30,17,11,8,84.7,15.3,Objection,8,1,0,0,5,1,0,0,0,1,0,135,8,0.338,52.4,53.1,1.11,0.93,1,41.93,0,38
LA202291,Telangana,Hyderabad,Industrial,Development Project,Normal,168.04,27,16,10,18,69.9,30.1,Approval,93,1,1,0,1,0,1,2,2,1,0,171,4,0.428,62,50.6,1.14,0.47,6,495.61,1,79
LA200765,Maharashtra,Nagpur,Railway,Major Infrastructure,High,100.55,23,10,4,12,48.8,51.2,Compensation,121,1,0,0,2,0,0,3,1,2,0,236,1,0.418,63.4,16.1,1.07,0.67,4,360.7,1,77
LA201129,Andhra Pradesh,NTR,Industrial,Development Project,Normal,37.18,28,14,12,18,63.6,36.4,Compensation,9,1,0,0,5,0,1,2,0,1,0,92,7,0.606,83.7,64.7,0.92,0.52,3,135.92,0,49
LA201886,Maharashtra,Aurangabad,Highway,Major Infrastructure,Normal,84.47,29,15,6,10,39.3,60.7,Award,24,1,0,0,2,0,0,2,2,1,0,177,2,0.4,62.1,,0.97,0.89,3,385.23,1,43
LA201117,Karnataka,Bengaluru Rural,Railway,Major Infrastructure,High,157.55,37,20,7,13,56.2,43.8,Possession,67,1,0,1,4,0,0,2,0,2,0,189,0,0.408,70.6,55.8,0.96,0.58,2,377.02,1,68
LA201103,Odisha,Cuttack,Highway,Major Infrastructure,Normal,,30,14,8,21,81.2,18.8,Approval,58,1,1,1,2,0,1,2,1,1,0,166,17,0.302,49.7,45,1.07,0.69,3,119.53,1,82
LA202848,Odisha,Sambalpur,Public Infrastructure,Development Project,Normal,27.49,,16,8,17,89.1,10.9,Award,31,1,0,0,1,1,1,0,0,4,0,236,7,0.491,68.1,23.1,0.93,0.62,2,76.14,1,71
LA202331,Maharashtra,Nashik,Industrial,Development Project,Normal,90.41,26,12,6,15,81,19,Ownership Verification,42,1,0,0,2,0,0,0,0,1,0,186,32,0.222,29.8,36,0.93,0.68,7,314.94,1,44
LA201362,Karnataka,Mysuru,Industrial,Development Project,Critical,38.46,25,15,11,11,94.3,5.7,Ownership Verification,30,1,1,0,3,1,0,3,1,0,0,175,8,0.681,98.2,22,1.08,0.77,4,75.86,1,66
LA202317,Odisha,Cuttack,Highway,Major Infrastructure,High,171.02,32,20,9,19,92.1,7.9,Objection,24,1,0,0,1,1,0,4,3,3,0,143,30,0.197,36.1,28,0.89,0.77,5,698.48,1,81
LA201408,Andhra Pradesh,NTR,Irrigation,Major Infrastructure,Normal,59.78,21,9,8,14,79.6,20.4,Ownership Verification,24,1,1,0,1,0,0,2,0,3,0,211,21,0.723,90.3,35.4,1.01,0.64,6,103.03,1,71
LA202530,Maharashtra,Nashik,Railway,Major Infrastructure,Critical,25.24,35,27,12,21,95.6,4.4,Objection,41,1,0,0,1,0,0,1,0,1,0,125,22,0.641,93.6,40.1,0.95,0.63,2,41.96,1,68
LA200344,Telangana,Medchal-Malkajgiri,Highway,Major Infrastructure,Normal,33.77,29,11,8,14,77.7,22.3,Ownership Verification,6,1,0,0,4,0,1,1,0,1,0,109,12,0.337,44.9,35.6,1.1,0.58,2,25.57,1,45
LA201106,Karnataka,Tumakuru,Railway,Major Infrastructure,High,156.85,39,15,4,28,78.9,21.1,Possession,6,1,0,0,2,0,0,0,0,1,0,74,19,0.554,72.3,46.9,1.06,0.39,7,309.19,0,44
LA202593,Odisha,Khordha,Industrial,Development Project,Normal,41.65,37,28,1,25,56.8,43.2,Approval,34,1,0,0,3,1,1,0,0,2,0,180,19,0.406,64.1,17.1,1.14,0.43,3,180.01,1,72
LA200558,Odisha,Sambalpur,Irrigation,Major Infrastructure,High,39.03,32,25,1,23,75.6,24.4,Objection,49,1,0,0,7,0,0,1,0,2,0,174,9,0.563,81.9,44.5,0.94,0.6,3,127.42,1,47
LA201476,Andhra Pradesh,Guntur,Highway,Major Infrastructure,Normal,77.89,32,19,4,16,72.2,27.8,Ownership Verification,15,1,0,0,5,1,0,3,1,3,0,140,6,0.215,,24.6,0.91,0.78,6,162.32,1,59
LA202704,Maharashtra,Pune,Public Infrastructure,Development Project,High,146.69,22,11,9,15,31.5,68.5,Award,9,1,0,0,3,0,0,0,0,2,0,155,28,0.501,73.7,40.4,1.14,0.49,6,474.14,0,46
LA200595,Karnataka,Dharwad,Public Infrastructure,Development Project,High,90.51,22,17,1,18,68.3,31.7,Compensation,8,1,0,0,1,1,0,1,1,0,0,122,60,0.405,63.9,53.8,1.15,0.76,3,96.44,1,80
LA201558,Maharashtra,Aurangabad,Irrigation,Major Infrastructure,High,39.91,,15,5,23,87.1,12.9,Award,39,1,1,0,1,1,0,0,0,2,0,147,6,0.596,96.2,54.9,0.96,0.73,4,205.87,1,87
LA200412,Telangana,Rangareddy,Railway,Major Infrastructure,High,76.3,28,14,1,15,64.8,35.2,Survey,15,0,1,0,5,0,0,1,0,1,0,181,21,0.401,58.9,35.1,1.08,0.77,1,231.98,1,55
LA201056,Karnataka,Mysuru,Highway,Major Infrastructure,Normal,61.98,29,13,9,21,35.1,64.9,Possession,14,1,0,0,1,1,0,2,0,0,0,118,27,0.178,26.4,46.2,1.17,0.81,4,75.14,1,45
LA202474,Telangana,Rangareddy,Public Infrastructure,Development Project,Normal,43.62,37,25,8,25,75,25,Compensation,70,1,0,0,3,0,0,2,1,2,0,159,6,0.672,86.1,57.1,1.07,0.28,6,207.32,1,57
LA200109,Maharashtra,Nashik,Highway,Major Infrastructure,High,68.68,31,15,1,19,48.5,51.5,Survey,21,1,1,0,3,0,0,1,0,3,0,100,8,0.418,57.1,26.3,1.07,0.93,2,228.6,0,63
LA202026,Karnataka,Belagavi,Public Infrastructure,Development Project,Normal,55.05,42,28,7,34,46.8,53.2,Ownership Verification,54,1,0,0,4,0,1,2,1,3,0,163,9,0.348,60.4,27.4,1.11,0.24,2,291.06,0,65
LA202707,Karnataka,Tumakuru,Irrigation,Major Infrastructure,Normal,113.93,31,21,1,26,45.9,54.1,Approval,17,1,0,0,2,1,1,2,1,1,0,149,2,0.275,67,20.1,1.06,0.49,5,278.47,1,55
LA200319,Andhra Pradesh,Visakhapatnam,Highway,Major Infrastructure,Normal,31.22,37,16,9,27,85,15,Approval,8,1,1,0,1,1,1,1,1,1,0,74,7,0.329,56.5,36.2,1.17,0.83,2,88,0,55
LA202719,Andhra Pradesh,Tirupati,Highway,Major Infrastructure,Normal,51.37,22,12,7,11,65.9,34.1,Award,32,1,0,1,0,1,0,1,0,4,1,146,4,0.398,63.2,37.8,1.16,0.59,4,181.94,1,80
LA200841,Telangana,Medchal-Malkajgiri,Industrial,Development Project,Normal,53.32,35,23,7,20,73.8,26.2,Approval,39,1,1,0,2,0,1,2,1,6,1,142,9,0.428,61.7,36.1,1.08,0.67,5,35.16,1,103
LA202958,Maharashtra,Nashik,Industrial,Development Project,Normal,108.52,29,17,3,22,55.3,44.7,Compensation,18,1,1,0,2,1,0,4,2,1,0,90,4,0.408,55.8,17.4,1.15,0.63,1,224.48,1,72
LA201352,Karnataka,Tumakuru,Irrigation,Major Infrastructure,Normal,18.16,31,11,9,19,58.5,41.5,Survey,32,1,0,0,2,1,0,2,2,1,0,152,9,0.265,49.5,19.6,0.92,0.38,4,26.74,1,57
LA202826,Karnataka,Belagavi,Railway,Major Infrastructure,Normal,44.09,28,18,3,15,98.6,1.4,Survey,18,1,0,0,2,0,1,2,2,2,1,117,2,0.482,66.5,73.2,1.08,0.83,6,164.77,1,73
LA202367,Telangana,Warangal,Highway,Major Infrastructure,Normal,25.34,23,17,7,12,79.1,20.9,Ownership Verification,46,0,1,0,3,0,0,1,0,1,0,157,25,0.412,71.3,31.8,1.15,0.66,6,34.9,1,71
LA201883,Andhra Pradesh,Krishna,Public Infrastructure,Development Project,Normal,135.57,39,25,2,31,99.2,0.8,Approval,4,1,1,0,5,0,0,1,1,2,0,89,11,0.328,50.6,22,0.9,0.51,3,152.63,1,38
LA200681,Odisha,Khordha,Public Infrastructure,Development Project,High,47.66,35,26,12,25,94,6,Ownership Verification,13,1,1,0,3,1,0,0,0,1,0,107,3,0.302,54.2,15.4,0.97,0.4,3,108.66,1,52
LA200730,Maharashtra,Kolhapur,Railway,Major Infrastructure,Normal,14.38,33,19,11,27,75.4,24.6,Possession,22,1,0,0,2,0,0,3,1,2,0,143,17,0.374,,27.1,1.16,0.53,5,11.61,1,57
LA200790,Andhra Pradesh,Guntur,Highway,Major Infrastructure,Normal,36.4,28,22,10,24,40,60,Notification,47,0,0,1,2,0,0,,1,3,0,103,5,0.168,35.3,11.5,0.97,0.29,5,193.19,1,46
LA201814,Telangana,Medchal-Malkajgiri,Highway,Major Infrastructure,Normal,39.56,30,18,10,20,39.6,60.4,Ownership Verification,26,1,0,0,2,1,0,1,0,1,0,127,12,0.248,45.2,42.3,1,0.68,2,147.03,1,44
LA201346,Karnataka,Mysuru,Irrigation,Major Infrastructure,Normal,236.37,38,25,12,30,66.5,33.5,Notification,21,0,0,1,2,1,0,1,0,6,0,94,17,0.353,56.9,89.2,0.98,0.4,3,197.99,1,72
LA201869,Karnataka,Dharwad,Irrigation,Major Infrastructure,High,110.25,29,14,11,16,51.6,48.4,Compensation,37,0,0,1,4,0,0,1,0,1,0,142,4,0.187,38.4,24.9,1.16,0.35,7,276.05,1,46
LA202070,Maharashtra,Pune,Railway,Major Infrastructure,High,127.81,29,15,2,17,52,48,Approval,34,0,0,0,3,0,0,1,1,0,0,102,6,0.037,35.2,34.7,0.98,0.79,5,326.95,0,23
LA200433,Andhra Pradesh,Tirupati,Irrigation,Major Infrastructure,Normal,,22,8,6,19,61.3,38.7,Possession,41,1,0,1,2,1,1,4,1,3,0,158,8,0.722,83.6,47.8,1.15,0.58,2,743.7,1,88
LA200565,Odisha,Ganjam,Highway,Major Infrastructure,High,40.29,20,12,12,10,33.8,66.2,Possession,92,1,0,0,0,0,0,2,2,0,0,215,9,0.567,78.3,51.6,0.99,0.6,4,82.96,1,59
LA201749,Andhra Pradesh,Guntur,Public Infrastructure,Development Project,Normal,104.28,27,13,11,26,41.9,58.1,Survey,45,0,0,0,6,0,0,4,2,2,0,211,6,0.382,71.2,17.3,0.96,0.49,4,93.44,1,57
LA201777,Andhra Pradesh,Guntur,Highway,Major Infrastructure,Normal,58.27,37,16,10,24,54.2,45.8,Possession,22,1,0,0,1,0,1,2,1,0,0,166,2,0.134,38.7,40.2,0.91,0.71,5,179.16,1,41
LA200071,Maharashtra,Nagpur,Railway,Major Infrastructure,Normal,234.27,31,14,11,27,77.6,22.4,Compensation,25,1,1,0,3,0,0,0,0,3,0,79,11,0.655,83.3,33.5,0.9,0.84,4,961.49,1,69
LA201789,Maharashtra,Kolhapur,Public Infrastructure,Development Project,Normal,90.57,25,10,2,19,71.2,28.8,Objection,58,1,0,0,1,0,0,0,0,3,0,149,11,0.34,68.4,62.2,1.13,0.46,11,369.25,1,56
LA201230,Andhra Pradesh,Tirupati,Industrial,Development Project,Critical,232.16,28,20,8,20,58.6,41.4,Compensation,39,1,0,0,5,1,0,3,1,3,0,133,21,0.407,66.4,34.2,1.06,0.25,3,861.55,1,74
LA201513,Odisha,Puri,Industrial,Development Project,High,61.25,33,19,3,28,74.8,25.2,Objection,28,1,0,0,2,1,0,3,1,1,0,110,5,0.261,34.6,25,1.03,0.43,6,208.34,1,41
LA200057,Telangana,Medchal-Malkajgiri,Highway,Major Infrastructure,Critical,99.31,34,22,10,20,68,32,Award,95,1,0,0,2,0,0,1,1,1,0,182,13,0.234,,43.4,1.02,0.66,4,535.46,1,58
LA201602,Telangana,Hyderabad,Irrigation,Major Infrastructure,High,142.03,22,11,4,18,42.9,57.1,Ownership Verification,31,1,1,1,4,1,0,0,0,3,0,107,21,0.562,92.1,56,0.93,0.52,3,544.64,1,88
LA200652,Maharashtra,Nagpur,Public Infrastructure,Development Project,Normal,53.71,25,10,9,18,82.6,17.4,Approval,10,1,0,0,1,0,1,2,1,2,0,56,2,0.641,76.6,37.4,0.89,0.26,1,273.27,1,56
LA202177,Karnataka,Belagavi,Public Infrastructure,Development Project,Critical,41.43,28,14,8,22,90.4,9.6,Compensation,59,1,0,0,4,1,0,1,1,0,0,181,20,0.543,70.7,33.1,0.97,0.86,5,36.69,1,68
LA200898,Odisha,Ganjam,Public Infrastructure,Development Project,Normal,104.1,29,17,4,16,46.8,53.2,Award,57,1,0,0,6,0,0,1,0,0,0,245,18,0.416,59.4,47.4,1.13,0.81,4,176.04,1,59
LA200786,Maharashtra,Nagpur,Railway,Major Infrastructure,Normal,46.91,29,11,10,30,71.9,28.1,Survey,43,1,0,0,0,1,0,2,1,0,0,155,5,0.638,87.9,34.1,1.05,0.84,7,64.45,0,53
LA200310,Andhra Pradesh,Tirupati,Highway,Major Infrastructure,Normal,48.38,30,11,12,23,97.2,2.8,Survey,12,1,0,0,2,0,0,1,1,3,0,136,17,0.376,49.9,63.8,0.93,0.2,2,102.74,1,41
LA202405,Maharashtra,Nashik,Railway,Major Infrastructure,Normal,25.02,26,18,4,15,98.8,1.2,Award,16,1,0,0,2,0,0,3,1,2,0,110,10,0.197,37.3,53.1,1.09,0.63,4,76.88,0,26
LA201742,Karnataka,Belagavi,Highway,Major Infrastructure,High,264.3,48,35,3,34,75.9,24.1,Ownership Verification,7,1,1,0,2,1,1,4,2,2,0,141,4,0.189,33.9,50.4,1.16,0.76,2,819.37,1,75
LA200908,Andhra Pradesh,Guntur,Public Infrastructure,Development Project,Normal,44.21,33,18,2,19,48.7,51.3,Objection,4,1,0,0,3,0,1,2,1,1,0,97,5,0.331,58.8,33.4,1.12,0.72,1,51.14,1,57
LA200603,Maharashtra,Nashik,Irrigation,Major Infrastructure,Normal,23.82,31,22,12,23,32.9,67.1,Objection,35,0,1,1,2,0,1,2,0,2,0,138,8,0.319,65.2,35.6,1.15,0.64,9,80.54,1,73
LA201179,Karnataka,Mysuru,Irrigation,Major Infrastructure,Critical,180.33,26,10,8,16,54.1,45.9,Approval,26,0,1,0,1,0,0,1,0,2,0,179,31,0.693,84.8,65.3,1.1,0.47,3,603.34,1,67
LA202298,Andhra Pradesh,NTR,Railway,Major Infrastructure,Normal,111.55,34,16,3,22,37.3,62.7,Award,22,1,0,0,1,0,0,1,1,0,0,139,29,0.156,39.6,39.1,1.15,0.52,6,194.79,0,51
LA201746,Andhra Pradesh,Guntur,Public Infrastructure,Development Project,High,60.59,37,27,3,23,95,5,Objection,,1,0,0,2,0,1,2,0,0,0,137,19,0.333,67.9,33.1,0.99,0.58,2,271.65,1,56
LA201162,Telangana,Rangareddy,Railway,Major Infrastructure,Critical,59.26,37,22,7,27,56.1,43.9,Ownership Verification,20,0,0,0,2,1,0,2,1,1,0,101,1,0.394,73.9,44.3,1.13,0.57,2,240.55,1,35
LA201510,Telangana,Hyderabad,Public Infrastructure,Development Project,High,61.12,35,17,8,22,61.2,38.8,Possession,12,1,0,0,4,0,0,1,0,3,0,103,6,0.47,60.4,46.2,1.01,0.51,4,208.35,1,26
LA202096,Karnataka,Tumakuru,Public Infrastructure,Development Project,High,56.37,25,13,11,22,48.8,51.2,Objection,25,1,0,0,0,1,1,2,0,5,0,121,8,0.418,68.6,74.7,1.03,0.68,1,259.82,1,71
LA201578,Andhra Pradesh,NTR,Public Infrastructure,Development Project,Normal,38.98,29,20,4,25,59.4,40.6,Approval,39,1,1,0,3,0,1,1,0,4,0,255,3,0.557,75.4,54,0.88,0.5,4,,1,84
LA200573,Telangana,Rangareddy,Railway,Major Infrastructure,Normal,129.23,31,16,9,23,63,37,Approval,13,1,0,0,1,0,1,2,1,1,0,136,15,0.527,71.1,77.2,1.17,0.65,1,360.52,1,72
LA200555,Karnataka,Dharwad,Public Infrastructure,Development Project,Normal,28.16,29,13,2,27,62,38,Objection,21,1,1,0,1,0,0,5,1,1,0,128,8,0.469,73.6,38.4,1.05,0.55,3,63.9,1,75
LA200946,Maharashtra,Aurangabad,Industrial,Development Project,Normal,73.54,35,17,7,16,75,25,Award,27,1,0,0,3,1,0,5,3,1,0,154,12,0.54,74.3,43.8,1.05,0.64,2,223.91,1,75
LA202997,Maharashtra,Kolhapur,Industrial,Development Project,Normal,59.25,30,11,4,22,90.7,9.3,Approval,23,1,0,0,2,0,1,1,1,1,0,196,9,0.27,44.5,18,1.12,0.64,4,176.62,1,53
LA200875,Telangana,Nalgonda,Irrigation,Major Infrastructure,Normal,80.18,28,13,6,19,51.8,48.2,Compensation,18,1,0,1,6,1,0,3,1,1,0,150,11,0.401,50,39.9,0.97,0.6,2,339.11,0,63
LA202995,Karnataka,Dharwad,Highway,Major Infrastructure,Normal,19.79,29,12,2,22,87.1,12.9,Compensation,11,1,0,0,2,1,0,2,1,3,0,105,15,0.578,73.2,34.5,1.02,0.58,5,101.63,1,64
LA201570,Telangana,Warangal,Railway,Major Infrastructure,Normal,28.83,34,16,7,25,45.6,54.4,Possession,34,1,1,0,1,0,0,4,2,2,0,193,23,0.143,,39.1,0.95,0.56,2,81.31,1,61
LA202669,Maharashtra,Nagpur,Highway,Major Infrastructure,Normal,54.98,24,10,4,10,96.5,3.5,Objection,27,1,1,0,0,1,0,3,0,2,0,71,1,0.313,44.5,,0.97,0.66,6,160.42,1,69
LA202628,Maharashtra,Pune,Irrigation,Major Infrastructure,Normal,39.93,29,22,1,12,38,62,Survey,18,1,0,0,4,0,1,3,1,3,0,159,15,0.493,57.6,17.1,0.96,0.54,6,100.7,1,69
LA201554,Telangana,Medchal-Malkajgiri,Highway,Major Infrastructure,Normal,30.43,33,25,8,23,42.6,57.4,Award,38,1,0,0,2,0,0,1,1,1,0,179,4,0.534,66,45.8,0.99,0.68,3,74.75,1,37
LA200121,Odisha,Puri,Irrigation,Major Infrastructure,Normal,33.15,27,13,7,16,89.8,10.2,Objection,34,1,0,1,1,0,0,1,1,5,0,168,11,0.507,78.7,27.8,0.9,0.75,8,89.25,1,66
LA202660,Andhra Pradesh,Visakhapatnam,Industrial,Development Project,High,159.13,29,18,3,19,80.6,19.4,Possession,10,1,0,0,2,0,0,,1,0,0,193,19,0.374,60.4,39.5,1.02,0.7,7,556.91,1,44
LA200810,Telangana,Hyderabad,Railway,Major Infrastructure,Critical,81.78,27,17,5,14,37.4,62.6,Possession,44,1,1,1,4,0,0,2,0,4,0,120,13,0.243,,25.6,0.92,0.91,4,98.39,1,78
LA202187,Telangana,Warangal,Irrigation,Major Infrastructure,Normal,304.82,26,15,4,15,96.7,3.3,Objection,35,1,1,0,3,0,0,1,0,2,0,126,5,0.185,31.6,19.4,1.05,0.74,8,1340.25,1,40
LA201619,Karnataka,Dharwad,Irrigation,Major Infrastructure,Normal,33.55,34,24,6,19,35.4,64.6,Compensation,5,1,0,0,1,1,0,3,1,1,0,118,10,0.316,46.9,24.6,1.08,0.46,1,79.48,0,60
LA200314,Odisha,Puri,Industrial,Development Project,Normal,110.28,36,22,3,21,62.9,37.1,Compensation,6,1,1,0,5,1,1,4,0,2,1,83,18,0.664,84.9,29.5,0.91,0.9,3,340.5,1,108
LA201563,Odisha,Khordha,Irrigation,Major Infrastructure,Normal,25.21,22,13,7,15,89.8,10.2,Ownership Verification,21,1,1,0,0,0,0,0,0,1,0,128,3,0.507,81,53.7,0.96,0.55,5,106.19,1,38
LA200234,Odisha,Ganjam,Irrigation,Major Infrastructure,High,74.97,35,14,12,19,79.6,20.4,Compensation,46,1,0,0,5,1,0,3,1,1,0,152,3,0.488,72.2,32.8,1.09,0.52,5,,1,64
LA200508,Maharashtra,Kolhapur,Irrigation,Major Infrastructure,Normal,18.91,27,12,8,20,34,66,Possession,21,0,0,1,3,0,0,5,1,5,1,92,15,0.233,43.5,39.3,0.93,0.76,1,64.37,1,91
LA201337,Karnataka,Dharwad,Highway,Major Infrastructure,Normal,20.8,16,10,6,12,71.3,28.7,Objection,11,1,1,0,2,0,0,0,0,2,0,123,16,0.462,74.4,32.4,0.89,0.7,7,60.82,0,60
LA201386,Telangana,Rangareddy,Irrigation,Major Infrastructure,Normal,31.05,29,13,9,14,58.2,41.8,Survey,48,1,0,0,2,1,0,2,2,1,0,148,26,0.426,61.3,40.6,0.96,0.3,4,135.95,1,68
LA200112,Telangana,Medchal-Malkajgiri,Railway,Major Infrastructure,Critical,51.57,21,9,3,9,90.5,9.5,Survey,35,0,0,0,1,0,0,1,1,5,0,121,17,0.355,,,0.92,0.81,5,279.2,1,60
LA201579,Andhra Pradesh,Visakhapatnam,Railway,Major Infrastructure,Normal,65.26,33,22,5,24,32.8,67.2,Approval,65,1,0,0,1,1,1,7,3,0,0,181,6,0.534,80.2,30.8,0.95,0.94,3,266.11,1,81
LA200411,Maharashtra,Nagpur,Irrigation,Major Infrastructure,High,171.73,26,9,12,17,47.3,52.7,Possession,93,0,0,0,2,0,0,0,0,3,0,164,19,0.201,43.6,6.6,1.12,0.45,2,426.5,1,61
LA200219,Maharashtra,Kolhapur,Railway,Major Infrastructure,Normal,32.63,35,25,12,21,86.3,13.7,Ownership Verification,19,1,1,0,1,0,0,4,0,4,0,126,10,0.498,73.7,51.3,1.09,0.88,3,132.51,1,70
LA202115,Maharashtra,Aurangabad,Railway,Major Infrastructure,Normal,64.3,32,23,6,18,76,24,Objection,43,1,1,0,3,0,1,1,0,1,0,169,6,0.708,89.1,48.4,1.09,0.88,8,175.44,1,66
LA201308,Telangana,Rangareddy,Highway,Major Infrastructure,High,32.44,34,22,8,35,53.5,46.5,Objection,77,1,0,0,2,0,1,0,0,2,0,181,18,0.608,86.5,39,1.17,0.15,4,55.38,1,77
LA201081,Odisha,Puri,Public Infrastructure,Development Project,High,65.89,30,20,12,13,92.7,7.3,Notification,34,1,0,0,5,0,1,1,0,3,0,100,23,0.318,44.6,42.2,1.18,0.72,5,290.28,1,71
LA200760,Telangana,Hyderabad,Industrial,Development Project,Normal,82.83,19,9,8,20,49.1,50.9,Ownership Verification,30,1,0,1,1,0,0,3,1,2,0,111,5,0.578,78.7,33.2,1.06,0.42,2,451.9,1,55
LA200912,Odisha,Cuttack,Highway,Major Infrastructure,Normal,64.63,30,23,12,17,90.9,9.1,Objection,50,1,0,0,4,0,0,3,2,1,0,123,28,0.297,53.9,,1.03,0.39,3,222.76,1,62
LA200808,Andhra Pradesh,Guntur,Highway,Major Infrastructure,Normal,76.43,33,24,9,12,80.1,19.9,Notification,14,1,1,1,3,0,0,3,2,3,0,165,7,0.308,56.7,10.9,1.13,0.47,7,65.97,0,66
LA200440,Odisha,Puri,Irrigation,Major Infrastructure,High,187.47,40,19,6,22,82.9,17.1,Objection,2,1,0,0,3,0,0,2,2,0,0,120,7,0.336,56.3,54.2,1.1,0.72,5,612.28,1,23
LA200545,Maharashtra,Kolhapur,Industrial,Development Project,High,161.23,27,10,6,19,57.6,42.4,Ownership Verification,28,1,0,0,5,0,0,2,0,3,0,100,7,0.519,73.9,55.7,0.94,0.28,4,419.82,0,56
LA200486,Odisha,Ganjam,Highway,Major Infrastructure,High,102.64,32,20,11,21,58.9,41.1,Objection,61,1,0,0,1,0,0,1,1,2,0,223,4,0.455,70.7,34.6,1.07,0.64,12,219.52,0,40
LA202476,Telangana,Rangareddy,Railway,Major Infrastructure,Normal,202.73,33,16,7,24,84,16,Approval,13,1,0,0,1,1,0,2,1,3,0,135,12,0.506,64.5,45.5,0.93,0.53,2,244.6,0,63
LA200388,Karnataka,Belagavi,Public Infrastructure,Development Project,Normal,45.14,28,14,10,20,84.8,15.2,Approval,38,1,1,1,4,0,1,0,0,1,0,189,10,0.37,56.6,56.1,1.09,0.53,1,102.35,1,64
LA202917,Telangana,Nalgonda,Public Infrastructure,Development Project,Normal,47.35,35,19,10,17,68.2,31.8,Ownership Verification,8,1,1,0,1,0,0,2,0,0,0,158,17,0.856,106.7,42.3,1.07,0.7,7,181.58,1,63
LA201193,Telangana,Rangareddy,Highway,Major Infrastructure,Normal,69,35,20,10,25,42.3,57.7,Survey,28,1,0,0,0,0,0,2,1,1,0,140,7,0.315,46.8,33.2,1.17,0.73,5,208.63,1,43
LA201231,Telangana,Medchal-Malkajgiri,Public Infrastructure,Development Project,High,57.95,31,24,3,14,61.6,38.4,Objection,48,1,0,1,0,1,0,0,0,1,0,167,9,0.622,75.3,44.8,1.13,0.44,5,140.42,1,76
LA201211,Maharashtra,Nagpur,Public Infrastructure,Development Project,Normal,135.49,29,18,7,16,60.9,39.1,Notification,39,1,1,0,5,0,0,2,0,2,0,234,11,0.51,66.8,48.4,0.89,0.9,5,265.38,1,72
LA201274,Karnataka,Tumakuru,Industrial,Development Project,Critical,26.17,26,13,2,12,32.7,67.3,Ownership Verification,45,1,1,0,3,0,0,3,1,1,0,190,2,0.361,51.8,27.4,1.14,0.74,4,35.18,1,55
LA201940,Odisha,Cuttack,Highway,Major Infrastructure,High,173.24,27,18,11,15,85.8,14.2,Ownership Verification,28,1,0,0,4,0,0,2,1,5,1,139,4,0.392,55.7,87.6,1.04,0.62,4,478.37,1,77
LA202304,Telangana,Nalgonda,Railway,Major Infrastructure,High,108.91,27,15,8,18,86.1,13.9,Approval,7,1,0,0,2,0,1,0,0,1,1,153,25,0.328,49.2,62,1.16,0.76,1,342.52,0,65
LA200931,Maharashtra,Nagpur,Public Infrastructure,Development Project,Normal,61.18,31,21,5,18,42.2,57.8,Notification,15,1,0,0,2,1,0,4,1,1,0,148,24,0.384,61.6,26,1.18,0.27,2,245.37,1,62
LA200136,Andhra Pradesh,NTR,Railway,Major Infrastructure,High,154.1,22,8,10,12,41,59,Award,16,1,0,0,1,1,0,1,0,2,0,139,5,0.842,107.1,66.7,1.14,0.85,7,658.27,1,59
LA201781,Andhra Pradesh,Visakhapatnam,Highway,Major Infrastructure,High,32.83,35,17,10,20,64.2,35.8,Ownership Verification,23,1,1,1,4,0,0,1,0,3,0,112,15,0.409,52.2,16.1,0.96,0.35,3,30.17,1,71
LA202168,Telangana,Medchal-Malkajgiri,Irrigation,Major Infrastructure,High,28.87,28,12,6,17,52.5,47.5,Ownership Verification,38,0,1,0,2,1,0,2,0,1,0,201,2,0.334,50,34.6,1.16,0.6,4,70.26,1,63
LA201498,Odisha,Puri,Highway,Major Infrastructure,High,51.97,25,12,7,13,45.4,54.6,Award,115,1,0,0,0,0,0,0,0,0,0,200,18,0.196,36.6,45.3,0.99,0.73,3,78.64,1,50
LA202257,Odisha,Sambalpur,Public Infrastructure,Development Project,Critical,140.64,31,13,3,25,89.2,10.8,Survey,25,1,1,0,2,0,0,2,2,1,0,101,4,0.517,66.5,24.8,0.98,0.73,5,129.51,1,57
LA200367,Maharashtra,Nashik,Highway,Major Infrastructure,High,77.24,17,13,4,12,61.2,38.8,Notification,21,1,1,1,2,0,1,2,2,2,1,127,6,0.341,58.4,69.9,0.99,0.73,4,303.63,1,94
LA202025,Maharashtra,Aurangabad,Railway,Major Infrastructure,Critical,43.92,24,14,8,11,60.7,39.3,Ownership Verification,7,1,0,0,3,0,0,3,1,2,0,93,30,0.553,73.4,43.6,0.98,0.77,6,141.7,1,63
LA202898,Odisha,Khordha,Public Infrastructure,Development Project,Normal,47.64,29,13,2,22,79.3,20.7,Approval,23,1,0,0,2,0,0,2,1,0,0,285,25,0.267,58,28.9,1.1,0.66,5,170.24,1,61
LA200030,Telangana,Warangal,Public Infrastructure,Development Project,Normal,159.59,28,16,6,28,92.6,7.4,Survey,15,1,0,0,0,0,0,0,0,3,0,94,9,0.103,25.2,48.8,1.15,0.87,4,628.75,1,29
LA202502,Telangana,Nalgonda,Irrigation,Major Infrastructure,Normal,39.09,28,14,3,19,46,54,Compensation,108,0,0,0,6,1,0,1,0,1,1,284,3,0.447,,21.6,0.91,0.41,3,56.5,1,83
LA202969,Karnataka,Dharwad,Irrigation,Major Infrastructure,Normal,140.72,35,13,7,22,58.4,41.6,Objection,12,0,0,0,0,0,0,2,0,1,0,139,21,0.299,44.8,37.6,1.15,0.59,4,198.54,1,44
LA201048,Odisha,Khordha,Railway,Major Infrastructure,Normal,170.64,18,11,12,13,87.4,12.6,Ownership Verification,38,1,1,0,2,0,0,0,0,2,0,188,24,0.832,100.1,44.8,1.05,0.53,2,345.77,1,71
LA202888,Maharashtra,Pune,Highway,Major Infrastructure,Normal,42.07,43,19,7,30,88.4,11.6,Ownership Verification,41,1,0,1,1,0,1,5,1,3,1,181,6,0.199,41.5,27.2,1.07,0.66,4,168.61,1,97
LA201422,Maharashtra,Nashik,Public Infrastructure,Development Project,High,71.19,24,12,11,17,37.5,62.5,Possession,10,1,0,0,0,0,0,2,2,4,0,112,18,0.668,96.4,31.1,0.9,0.33,7,86.88,1,59
LA201489,Andhra Pradesh,Guntur,Public Infrastructure,Development Project,Normal,110.62,32,13,8,31,30.6,69.4,Objection,18,1,0,0,4,0,1,4,1,0,0,102,8,0.62,86.7,42.9,1.04,0.66,7,511.8,1,64
LA200184,Telangana,Nalgonda,Public Infrastructure,Development Project,High,44.97,31,14,11,18,38.8,61.2,Ownership Verification,30,1,1,0,1,1,0,3,2,3,0,158,12,0.434,68.8,45.2,1.14,0.46,4,169.72,1,84
LA201135,Odisha,Puri,Highway,Major Infrastructure,Normal,61.26,32,13,5,22,35.4,64.6,Ownership Verification,11,1,1,0,3,1,1,0,0,1,0,116,20,0.162,39.4,54.4,1.05,0.81,6,200.66,1,66
LA200189,Andhra Pradesh,Guntur,Highway,Major Infrastructure,High,148.54,23,9,10,15,81.1,18.9,Ownership Verification,39,0,1,0,1,0,0,0,0,4,1,150,2,0.602,,35.1,1.01,0.93,3,299.37,1,85
LA200421,Andhra Pradesh,Krishna,Highway,Major Infrastructure,High,116.02,27,20,9,21,63.8,36.2,Approval,24,1,0,0,3,0,1,2,0,1,0,141,8,0.402,57.1,52,0.96,0.85,8,,1,50
LA200171,Maharashtra,Pune,Highway,Major Infrastructure,Normal,97.49,32,12,2,18,79.4,20.6,Objection,42,1,0,1,1,0,0,2,1,1,1,125,12,0.304,56.7,26.5,0.91,0.68,9,303.02,1,72
LA201378,Telangana,Warangal,Public Infrastructure,Development Project,Critical,68.17,35,21,1,27,88.9,11.1,Compensation,17,1,0,0,3,1,0,1,0,2,0,90,15,0.352,51,33.8,0.9,0.62,3,154.3,1,53
LA200461,Maharashtra,Pune,Irrigation,Major Infrastructure,Normal,73.18,26,17,10,18,32.1,67.9,Compensation,68,1,1,0,3,0,0,2,0,2,0,152,21,0.265,51,28.3,0.97,0.36,7,68.34,1,72
LA200044,Odisha,Khordha,Irrigation,Major Infrastructure,Critical,59.87,38,13,9,18,65.6,34.4,Ownership Verification,13,0,0,0,4,0,0,2,1,3,0,72,16,0.269,43.7,46.8,1.09,0.63,3,76.84,1,41
LA200088,Odisha,Puri,Highway,Major Infrastructure,Normal,62.03,27,19,3,20,52.6,47.4,Award,59,1,0,1,4,0,0,1,1,1,0,283,38,0.15,35.7,51.9,0.91,0.8,4,59.77,1,81
LA201323,Karnataka,Tumakuru,Public Infrastructure,Development Project,Normal,27.57,27,15,4,20,91,9,Survey,23,1,0,0,3,1,0,1,0,3,1,105,15,0.482,79.5,30.4,1.08,0.63,5,93.95,1,77
LA201741,Telangana,Medchal-Malkajgiri,Highway,Major Infrastructure,Normal,77.38,36,27,7,19,73.6,26.4,Compensation,17,1,1,0,3,1,0,1,1,1,0,192,20,0.64,86.2,49.3,1.02,0.6,4,,1,69
LA200706,Maharashtra,Nagpur,Public Infrastructure,Development Project,Normal,52.67,28,16,3,17,98.2,1.8,Award,12,1,1,0,1,0,0,4,1,3,0,82,14,0.586,80.4,82.4,0.92,0.8,5,167.94,1,58
LA200904,Karnataka,Mysuru,Irrigation,Major Infrastructure,Normal,39.44,34,14,1,26,94.6,5.4,Ownership Verification,62,1,1,1,3,0,0,1,0,2,0,227,25,0.209,46.3,14.4,1.01,0.61,6,37.29,1,78
LA200283,Karnataka,Tumakuru,Industrial,Development Project,Normal,86.44,30,19,1,20,68.7,31.3,Survey,4,1,1,0,1,0,1,3,2,5,1,56,7,0.408,67.1,28.3,1.07,0.5,7,150.85,1,92
LA202459,Andhra Pradesh,Tirupati,Highway,Major Infrastructure,Normal,34.65,24,11,2,15,31.1,68.9,Compensation,44,1,0,1,2,1,0,1,0,0,0,137,8,0.149,44.9,38.4,1.02,0.74,2,195.06,1,63
LA200694,Telangana,Warangal,Railway,Major Infrastructure,High,36.79,25,12,9,20,30.3,69.7,Survey,46,1,0,0,2,1,0,0,0,1,0,135,7,0.442,62.2,39,0.96,0.71,5,119.21,1,57
LA202090,Andhra Pradesh,Visakhapatnam,Railway,Major Infrastructure,High,186.03,32,13,4,18,73.9,26.1,Possession,1,1,0,0,1,0,1,3,3,3,0,102,19,0.383,58,62.2,0.94,0.36,3,356.29,0,69
LA202067,Telangana,Rangareddy,Highway,Major Infrastructure,Normal,263.29,37,25,5,19,75.1,24.9,Approval,12,1,1,1,0,0,1,2,0,1,0,176,8,0.374,60,16.2,1.05,0.56,4,478.86,1,62
LA200258,Andhra Pradesh,Guntur,Industrial,Development Project,Normal,35.93,24,11,2,14,98,2,Objection,35,1,0,1,2,1,0,3,3,2,0,153,37,0.595,71.6,28.2,1.11,0.55,5,163.28,1,96
LA202645,Maharashtra,Kolhapur,Industrial,Development Project,Normal,97.85,29,15,4,19,42.6,57.4,Award,8,1,0,0,4,0,0,2,1,3,1,129,8,0.289,56.7,24.2,0.9,0.42,5,239.48,0,46
LA202595,Andhra Pradesh,NTR,Highway,Major Infrastructure,Normal,516.06,28,13,9,27,92.9,7.1,Compensation,21,1,1,0,5,0,0,3,2,4,1,84,7,0.263,55.4,25.7,1,0.26,7,965.64,1,77
LA202443,Karnataka,Belagavi,Highway,Major Infrastructure,Critical,94.41,29,12,3,20,47.6,52.4,Objection,26,1,0,0,3,0,1,1,1,1,0,155,27,0.552,78.9,19.9,0.9,0.61,3,63.28,1,68
LA202884,Maharashtra,Nashik,Irrigation,Major Infrastructure,Normal,18.33,43,20,1,26,91.1,8.9,Objection,44,1,0,0,3,1,0,7,1,4,0,132,21,0.407,53.6,16.3,1.02,0.55,1,53.03,1,85
LA201217,Telangana,Hyderabad,Industrial,Development Project,Critical,78.06,38,16,10,24,78.9,21.1,Survey,28,1,0,0,2,0,1,3,0,1,0,105,3,0.609,75.1,47.3,0.96,0.75,5,136.57,1,54
LA201042,Maharashtra,Aurangabad,Highway,Major Infrastructure,Normal,78.37,33,12,10,23,67.4,32.6,Approval,31,1,0,0,2,0,0,1,0,1,0,134,12,0.364,55.1,46.4,1.04,0.36,6,287.03,0,42
LA202454,Telangana,Warangal,Highway,Major Infrastructure,Normal,45.35,28,15,6,29,61,39,Notification,18,1,0,1,2,0,0,1,1,0,0,132,2,0.27,64.2,39.5,1.17,0.28,6,99.12,1,46
LA200150,Karnataka,Bengaluru Rural,Industrial,Development Project,High,57.05,20,14,3,9,48.3,51.7,Possession,49,1,0,0,3,1,0,0,0,2,0,166,3,0.268,54.4,53.1,0.88,0.66,4,62.64,1,49
LA201737,Karnataka,Dharwad,Railway,Major Infrastructure,Normal,98.32,27,18,4,17,47.8,52.2,Compensation,7,1,0,0,3,0,0,1,0,1,0,102,8,0.443,70.7,54.1,1.09,0.89,4,409.79,1,28
LA202359,Odisha,Cuttack,Industrial,Development Project,High,61.27,38,28,1,25,82.2,17.8,Compensation,52,1,1,0,3,0,1,3,1,2,0,140,1,0.732,97.6,54,1.09,0.88,5,49.34,1,75
LA202393,Andhra Pradesh,Tirupati,Industrial,Development Project,Normal,55.48,28,13,11,9,49.4,50.6,Approval,2,1,1,0,1,1,1,2,1,4,0,129,63,0.272,48.4,40.7,0.95,0.73,7,103.79,1,110
LA202442,Andhra Pradesh,Guntur,Irrigation,Major Infrastructure,High,58.94,30,14,10,24,49.8,50.2,Ownership Verification,22,1,0,0,2,0,1,2,0,1,0,96,4,0.454,60.9,44.8,0.99,0.87,2,78.6,0,39
LA202113,Maharashtra,Nashik,Industrial,Development Project,Normal,166.66,28,14,6,16,74.5,25.5,Award,6,1,0,0,2,1,0,3,1,2,0,54,0,0.457,60.8,57.2,0.92,0.43,4,360.48,0,49
LA202418,Andhra Pradesh,NTR,Highway,Major Infrastructure,High,144.96,25,10,8,14,49.6,50.4,Approval,8,1,0,0,3,0,1,1,0,0,0,120,11,0.107,20.4,32.1,1.08,0.57,3,367.5,1,38
LA200135,Odisha,Cuttack,Railway,Major Infrastructure,Critical,70.03,27,15,2,18,42.1,57.9,Ownership Verification,42,1,1,1,3,0,0,0,0,3,0,304,10,0.538,82.1,51.1,1.05,0.6,3,316.5,1,80
LA202931,Odisha,Khordha,Highway,Major Infrastructure,Normal,77.35,26,10,6,13,47.9,52.1,Possession,7,1,0,1,1,0,1,5,2,1,0,158,16,0.568,76.5,41.7,0.94,0.52,4,296.36,0,71
LA200832,Odisha,Cuttack,Industrial,Development Project,Critical,45,38,24,8,21,32.6,67.4,Survey,106,1,0,0,1,0,1,3,1,2,0,245,19,0.161,35.7,33.9,1.03,0.53,6,75.61,1,72
LA201801,Andhra Pradesh,Tirupati,Railway,Major Infrastructure,Normal,59.28,40,20,5,26,54.4,45.6,Ownership Verification,24,1,1,0,3,0,0,3,1,1,0,148,1,0.324,55.2,34.7,1,0.64,4,200.59,1,58
LA202930,Odisha,Sambalpur,Public Infrastructure,Development Project,Normal,143.08,27,15,7,16,65.9,34.1,Objection,58,1,0,0,4,0,0,0,0,0,0,134,3,0.272,47.4,40.2,0.91,0.38,2,233.34,0,35
LA202989,Karnataka,Tumakuru,Public Infrastructure,Development Project,Normal,62.49,24,10,5,15,91,9,Compensation,24,1,1,0,3,1,0,2,0,1,0,114,12,0.287,39.9,37.2,1.09,0.78,3,209.63,1,83
LA201899,Maharashtra,Nashik,Railway,Major Infrastructure,Critical,119.39,29,22,6,24,94.3,5.7,Objection,48,0,0,0,3,0,0,3,1,3,0,219,45,0.384,43.6,57.4,0.94,0.65,2,188.5,1,90
LA200865,Telangana,Nalgonda,Industrial,Development Project,Normal,26.65,26,18,12,15,53.7,46.3,Ownership Verification,44,1,1,0,2,0,0,3,2,2,0,139,15,0.604,94.7,39.1,0.99,0.63,2,100.15,1,73
LA200529,Maharashtra,Nagpur,Highway,Major Infrastructure,Normal,29.16,32,16,7,24,41.6,58.4,Compensation,31,1,0,0,1,1,0,2,1,0,0,162,11,0.444,76.9,,0.91,0.45,4,47.11,1,39
LA202220,Maharashtra,Pune,Railway,Major Infrastructure,Normal,47.44,25,19,12,12,82.9,17.1,Survey,10,1,1,1,5,0,0,2,2,2,0,73,4,0.188,37.5,44.4,0.94,0.44,5,94.88,1,53
LA200431,Maharashtra,Kolhapur,Irrigation,Major Infrastructure,Normal,473.46,38,19,5,18,53.3,46.7,Compensation,12,1,1,0,1,1,1,0,0,1,1,89,5,0.256,40.4,65.4,0.92,0.65,3,1459.12,1,81
LA202744,Karnataka,Bengaluru Rural,Public Infrastructure,Development Project,Normal,25.16,29,19,3,23,54.5,45.5,Objection,53,0,0,0,1,0,1,1,1,0,1,265,13,0.574,80.5,30.8,1.14,0.58,5,24.88,1,77
LA201745,Telangana,Hyderabad,Industrial,Development Project,Normal,209.68,,31,7,27,76.7,23.3,Ownership Verification,20,1,0,0,1,0,0,3,2,3,0,152,13,0.426,68.4,30.1,1.02,0.67,7,962.63,1,55
LA200611,Telangana,Nalgonda,Highway,Major Infrastructure,High,38.12,32,14,1,26,97.3,2.7,Approval,48,1,0,0,1,1,1,1,0,2,0,173,13,0.125,34.1,48.9,0.89,0.78,5,142.62,0,70
LA200950,Maharashtra,Pune,Highway,Major Infrastructure,High,201.5,40,20,11,15,92.2,7.8,Survey,24,1,0,0,2,0,0,3,1,2,0,117,29,0.212,41.5,59.7,1.17,0.65,5,526.42,1,59
LA202812,Maharashtra,Nagpur,Public Infrastructure,Development Project,Normal,115.5,35,24,10,19,40.7,59.3,Ownership Verification,42,0,1,0,4,0,0,1,1,2,0,148,11,0.342,67.6,47.6,0.91,0.14,6,233.71,1,46
LA200222,Telangana,Medchal-Malkajgiri,Public Infrastructure,Development Project,High,55.89,24,18,3,13,66.4,33.6,Ownership Verification,8,0,1,0,0,1,0,4,2,1,0,67,2,0.468,56.3,69.6,1.1,0.43,1,52.59,1,54
LA201916,Maharashtra,Aurangabad,Irrigation,Major Infrastructure,Normal,62.74,40,27,7,26,97.4,2.6,Possession,52,1,0,0,0,0,0,1,1,3,0,151,29,0.337,51.5,26.2,1.05,0.94,7,155.63,1,51
LA202412,Telangana,Nalgonda,Public Infrastructure,Development Project,Normal,259.39,34,21,9,17,54.7,45.3,Objection,20,1,1,0,3,0,0,2,0,0,0,83,1,0.531,76.2,64.3,0.92,0.86,6,809.62,1,46
LA201037,Andhra Pradesh,Guntur,Irrigation,Major Infrastructure,Normal,51.63,40,19,12,24,78.8,21.2,Ownership Verification,27,1,1,0,2,0,0,2,1,2,0,95,4,0.382,,48.3,0.94,0.84,4,38.87,1,65
LA202646,Telangana,Medchal-Malkajgiri,Industrial,Development Project,High,41.2,26,20,1,14,94.9,5.1,Approval,25,1,1,0,4,0,1,2,1,1,0,163,15,0.598,72.7,58.6,1.02,0.86,3,185.15,0,71
LA200933,Karnataka,Tumakuru,Highway,Major Infrastructure,Normal,127.6,31,20,11,23,32.9,67.1,Survey,13,1,0,0,2,0,0,3,1,3,0,88,7,0.66,79.7,38.2,1.13,0.88,2,366.26,1,56
LA202556,Karnataka,Bengaluru Rural,Industrial,Development Project,Normal,66.02,41,30,9,33,53.6,46.4,Possession,13,1,0,0,1,0,0,4,3,1,0,160,20,0.467,63.3,66.3,0.94,0.65,9,98.69,1,73
LA200174,Odisha,Cuttack,Highway,Major Infrastructure,Normal,36.77,29,22,11,22,86.7,13.3,Objection,38,0,0,0,3,1,0,2,2,2,0,162,22,0.313,51.5,45.1,1.16,0.43,4,84.53,1,71
LA200566,Maharashtra,Pune,Highway,Major Infrastructure,High,70.17,34,13,1,26,50.4,49.6,Objection,51,1,0,0,3,1,0,3,0,2,0,199,10,0.334,50.2,115.4,0.96,0.6,6,62.52,1,71
LA201961,Telangana,Rangareddy,Irrigation,Major Infrastructure,Critical,96.89,30,11,2,17,60.6,39.4,Ownership Verification,,1,0,0,1,0,0,0,0,4,1,127,2,0.202,34.2,24.3,1.17,0.79,3,128.59,1,58
LA200813,Karnataka,Dharwad,Highway,Major Infrastructure,High,81.18,34,14,3,19,81.2,18.8,Compensation,12,0,0,0,2,1,0,2,0,3,1,127,17,0.205,39.6,15.9,1.12,0.89,2,228.7,1,82
LA202688,Telangana,Warangal,Highway,Major Infrastructure,Normal,71.39,25,15,8,14,65.8,34.2,Objection,9,1,1,0,1,0,0,1,0,1,0,58,1,0.233,40.5,12.9,1.13,0.26,2,298.05,0,40
LA200959,Maharashtra,Kolhapur,Industrial,Development Project,High,85.93,30,23,8,16,64.5,35.5,Compensation,24,1,0,0,4,1,0,1,0,0,0,147,5,0.492,75.4,40.3,1.05,0.95,2,437.43,1,41
LA200528,Odisha,Ganjam,Railway,Major Infrastructure,High,39.95,29,15,11,16,39.3,60.7,Possession,36,1,1,0,7,0,0,1,0,2,0,135,17,0.349,48.8,27.7,0.89,0.8,5,92.24,1,72
LA201414,Andhra Pradesh,Visakhapatnam,Industrial,Development Project,Normal,138.87,27,20,3,21,58.4,41.6,Approval,6,1,1,0,1,0,1,1,1,2,0,216,33,0.13,30.4,9.4,1.05,0.59,5,493.48,1,69
LA201612,Odisha,Khordha,Public Infrastructure,Development Project,Normal,32.1,19,14,11,14,37.2,62.8,Possession,5,1,0,0,2,1,0,3,1,2,0,103,12,0.442,57.7,86.9,1.1,0.69,2,138.85,1,53
LA200273,Andhra Pradesh,Tirupati,Industrial,Development Project,Normal,61.81,35,21,3,18,67.3,32.7,Compensation,,1,0,0,1,0,0,2,0,0,0,149,6,0.269,50,33,1.07,0.61,2,44.93,1,35
LA200927,Telangana,Warangal,Irrigation,Major Infrastructure,Critical,45.75,26,17,5,17,69.8,30.2,Compensation,104,1,0,0,3,1,0,2,1,2,0,218,20,0.365,73,21.5,1.03,0.68,2,149.56,1,68
LA201740,Odisha,Khordha,Industrial,Development Project,Normal,98.07,28,21,11,15,98.6,1.4,Compensation,34,0,0,0,3,1,0,1,0,2,0,153,1,0.359,62.3,,1.12,0.86,4,444.8,1,52
LA200848,Telangana,Medchal-Malkajgiri,Highway,Major Infrastructure,Normal,267.39,37,18,7,19,55.1,44.9,Survey,14,1,0,0,5,1,0,1,1,1,0,72,1,0.541,75.5,38.1,0.94,0.24,6,1010.77,1,47
LA200953,Maharashtra,Nagpur,Industrial,Development Project,Normal,36.41,22,13,11,22,47.6,52.4,Approval,43,1,0,0,4,1,1,0,0,0,0,173,26,0.639,80.5,49.5,0.91,0.73,6,107.97,1,72
LA201621,Andhra Pradesh,Krishna,Industrial,Development Project,High,87.5,34,22,9,28,90.5,9.5,Ownership Verification,27,1,0,0,2,0,0,4,2,1,0,155,0,0.43,67.9,78.4,0.96,0.79,7,222.53,1,51
LA203000,Maharashtra,Aurangabad,Highway,Major Infrastructure,Critical,131.3,37,17,3,21,49.7,50.3,Notification,39,1,0,0,2,0,0,3,1,1,0,206,31,0.451,67,15.2,1.03,0.55,4,702.04,1,61
LA202316,Karnataka,Mysuru,Railway,Major Infrastructure,Normal,39.44,24,13,12,11,77.8,22.2,Compensation,5,0,0,0,4,0,0,5,0,2,0,82,6,0.461,69.9,60.5,0.9,0.59,2,150.51,1,48
LA201913,Maharashtra,Pune,Highway,Major Infrastructure,Normal,105.25,24,11,3,21,32.8,67.2,Ownership Verification,103,1,0,1,4,0,0,4,1,2,0,239,7,0.486,71.8,33.6,0.92,0.67,2,431.05,1,77
LA202594,Karnataka,Belagavi,Highway,Major Infrastructure,Normal,24.09,30,22,5,17,74.9,25.1,Possession,41,1,0,0,4,0,0,2,0,3,0,199,19,0.375,63.2,20.1,1.12,0.6,4,64.82,1,61
LA202032,Karnataka,Mysuru,Railway,Major Infrastructure,Normal,46.04,28,14,7,26,31.4,68.6,Ownership Verification,21,0,1,1,3,1,0,1,1,3,0,160,18,0.241,46.3,33.3,1.03,0.59,3,128.88,1,71
LA201101,Maharashtra,Pune,Public Infrastructure,Development Project,Normal,96.74,23,13,11,14,97.6,2.4,Possession,15,1,0,0,3,0,0,0,0,1,0,99,34,0.639,92.5,44.2,0.99,0.3,3,173.07,1,47
LA201293,Telangana,Medchal-Malkajgiri,Public Infrastructure,Development Project,Critical,84.46,36,18,11,20,40.6,59.4,Approval,1,1,0,1,1,0,1,2,0,1,0,147,10,0.482,65.7,56,1.03,0.96,5,217.22,1,69
LA202876,Karnataka,Dharwad,Industrial,Development Project,High,74.06,34,25,1,20,70.8,29.2,Ownership Verification,33,0,0,1,4,1,0,1,0,0,0,158,16,0.614,78.5,42.7,1.01,0.67,3,277.16,1,62
LA200169,Odisha,Cuttack,Irrigation,Major Infrastructure,Normal,37.11,29,17,7,29,62.9,37.1,Ownership Verification,27,1,0,1,1,0,0,,0,5,1,146,11,0.651,88.6,24.9,0.92,0.91,2,52.48,1,81
LA202377,Odisha,Ganjam,Railway,Major Infrastructure,Normal,106.32,,16,4,21,45.3,54.7,Notification,108,1,1,1,3,0,1,,1,3,0,257,15,0.421,70.1,35.6,1.12,0.74,6,363.5,1,92
LA201468,Karnataka,Belagavi,Public Infrastructure,Development Project,Normal,60.16,31,11,2,21,88.6,11.4,Survey,34,1,0,0,4,0,1,,1,1,0,185,26,0.386,44.1,30.1,0.94,0.79,9,53.99,1,69
LA202767,Andhra Pradesh,Guntur,Public Infrastructure,Development Project,Normal,54.71,19,15,1,10,98.9,1.1,Objection,39,1,0,0,1,0,0,4,2,0,0,121,23,0.333,51.5,14.8,1.07,0.33,2,122.5,1,62
LA201399,Maharashtra,Pune,Public Infrastructure,Development Project,Normal,36.87,28,17,9,12,69.4,30.6,Award,35,1,0,0,1,0,0,4,2,2,0,223,19,0.206,40.4,14.7,0.88,0.72,7,42.56,1,64
LA201229,Telangana,Warangal,Industrial,Development Project,Normal,50.13,24,12,11,15,96.6,3.4,Possession,2,1,0,1,4,0,0,1,0,1,0,131,20,0.625,84.3,54.9,1.04,0.76,4,36.02,1,49
LA202235,Maharashtra,Aurangabad,Irrigation,Major Infrastructure,Normal,58.32,27,19,8,17,43.4,56.6,Compensation,73,0,0,0,1,1,0,5,2,2,0,179,19,0.646,72.8,37.8,1.16,0.69,1,202.89,1,93
LA201739,Odisha,Puri,Public Infrastructure,Development Project,Normal,141.11,39,14,4,27,76.6,23.4,Ownership Verification,41,1,0,1,1,0,1,1,0,2,0,156,16,0.471,79.4,34.3,1.14,0.77,4,448.56,1,82
LA200368,Maharashtra,Nashik,Irrigation,Major Infrastructure,High,23.86,40,23,3,23,55.7,44.3,Compensation,11,1,1,1,4,1,1,2,1,0,0,114,10,0.715,99.3,88.9,1.09,0.37,5,103.2,1,79
LA202276,Odisha,Ganjam,Highway,Major Infrastructure,Normal,325.77,26,19,1,13,97,3,Notification,111,1,0,1,2,0,0,,0,1,0,272,24,0.212,48.5,33.4,1.04,0.68,1,713.14,1,66
LA200868,Maharashtra,Pune,Public Infrastructure,Development Project,High,59.54,25,17,3,18,86.9,13.1,Objection,30,1,1,0,4,1,0,0,0,2,0,92,4,0.171,50.9,18,1.06,0.73,8,241.86,0,53
LA201303,Karnataka,Bengaluru Rural,Highway,Major Infrastructure,Normal,14.4,24,18,1,18,46.2,53.8,Objection,11,0,0,0,2,0,0,2,0,1,0,130,4,0.442,61.3,50.2,0.98,0.59,4,43.28,1,32
LA200352,Telangana,Medchal-Malkajgiri,Public Infrastructure,Development Project,Normal,71.13,29,22,12,22,91.2,8.8,Notification,31,1,1,0,2,0,0,2,1,2,0,174,52,0.492,75.7,33.5,1.16,0.57,5,193.98,1,93
LA202395,Odisha,Sambalpur,Highway,Major Infrastructure,Normal,206.51,29,13,3,18,84.4,15.6,Ownership Verification,42,1,1,0,1,0,0,1,0,2,0,114,8,0.517,80.1,27.1,1.18,0.68,3,1187.56,1,56
LA202504,Andhra Pradesh,Visakhapatnam,Irrigation,Major Infrastructure,High,170.53,34,21,2,21,75.8,24.2,Award,51,1,1,1,3,1,1,1,0,0,0,161,13,0.476,60.2,62.9,0.95,0.63,7,234.37,1,88
LA200980,Odisha,Cuttack,Irrigation,Major Infrastructure,Normal,243.56,36,22,2,19,96.8,3.2,Ownership Verification,31,1,1,0,1,1,1,3,0,0,0,163,14,0.473,71.1,32.9,1.07,0.81,1,927.29,1,78
LA201848,Maharashtra,Nashik,Public Infrastructure,Development Project,Normal,101.65,21,15,10,15,60,40,Notification,20,0,0,1,4,0,0,1,0,1,0,95,15,0.715,104.5,56.6,0.9,0.28,2,287.87,1,62
LA202371,Andhra Pradesh,NTR,Highway,Major Infrastructure,Critical,44.57,32,25,1,19,69.3,30.7,Award,35,1,0,1,2,0,0,1,0,2,0,136,17,0.233,32.1,56.6,0.97,0.58,2,145.83,1,52
LA200499,Telangana,Warangal,Public Infrastructure,Development Project,High,147.51,41,29,9,22,74,26,Award,42,0,0,0,3,1,0,2,0,3,0,147,19,0.302,48,18.8,0.96,0.34,6,758.9,1,68
LA201629,Telangana,Warangal,Industrial,Development Project,Critical,29.7,36,15,5,26,93.9,6.1,Survey,7,1,0,0,5,0,0,2,1,2,0,99,30,0.366,56.3,42.9,1,0.95,3,64.33,1,51
LA200211,Telangana,Hyderabad,Industrial,Development Project,High,88.5,41,28,10,24,41.4,58.6,Ownership Verification,27,1,1,1,0,0,0,1,1,2,0,128,22,0.544,,58.9,1.04,0.65,6,490.32,1,78
LA202471,Maharashtra,Aurangabad,Public Infrastructure,Development Project,Normal,116.97,22,14,6,12,36.1,63.9,Award,27,1,0,0,4,0,0,1,0,3,0,115,16,0.65,89.1,50.2,1.1,0.55,7,522.25,1,61
LA200602,Odisha,Cuttack,Highway,Major Infrastructure,Critical,99.92,35,18,9,32,59.9,40.1,Award,63,0,1,0,0,0,0,5,0,2,0,202,20,0.758,91,47.9,1.1,0.72,5,174.25,1,92
LA200228,Odisha,Puri,Irrigation,Major Infrastructure,Normal,241.42,32,16,12,16,81.6,18.4,Objection,69,1,0,0,1,0,0,0,0,3,1,156,6,0.243,39.3,28.5,1.17,0.26,5,675.34,1,65
LA200366,Maharashtra,Kolhapur,Public Infrastructure,Development Project,Normal,38.05,23,16,1,21,80.9,19.1,Approval,19,1,0,0,1,1,0,3,1,0,0,89,6,0.333,45,54.8,0.96,0.91,5,108.27,1,46
LA200582,Odisha,Khordha,Highway,Major Infrastructure,High,55.79,27,11,2,21,72.1,27.9,Approval,52,1,1,1,4,0,1,1,1,4,0,226,6,0.527,81.1,26.9,1.07,0.66,2,131.6,0,85
LA202856,Odisha,Khordha,Public Infrastructure,Development Project,Normal,17.92,30,16,3,25,58.7,41.3,Approval,12,0,1,0,2,1,1,1,0,4,0,143,52,0.365,52.5,51.8,0.94,0.77,7,56.25,1,104
LA202179,Andhra Pradesh,Tirupati,Railway,Major Infrastructure,Normal,59.65,45,20,11,20,97.2,2.8,Notification,,1,0,0,1,1,0,1,1,1,0,151,14,0.821,113.5,60.8,1,0.57,2,159.02,1,77
LA202019,Telangana,Nalgonda,Highway,Major Infrastructure,Normal,44.63,32,24,2,24,87.2,12.8,Compensation,23,0,1,0,4,0,0,1,0,2,0,140,24,0.079,18.5,25.5,1,0.77,4,66.81,1,55
LA200860,Maharashtra,Nagpur,Railway,Major Infrastructure,Normal,71.89,34,18,7,16,34.8,65.2,Compensation,66,1,1,0,0,1,0,1,0,1,0,148,2,0.35,42.9,28.2,0.98,0.58,3,248.04,1,72
LA200408,Karnataka,Mysuru,Public Infrastructure,Development Project,Normal,157.22,31,24,8,15,79.1,20.9,Survey,10,1,0,1,0,1,0,3,2,7,0,138,20,0.809,100.9,35.7,1,0.55,7,499.46,1,113
LA201921,Karnataka,Mysuru,Highway,Major Infrastructure,Normal,133.34,28,20,10,15,48.9,51.1,Compensation,13,1,0,0,3,0,0,1,0,4,1,123,54,0.392,45.5,25.3,0.97,0.75,3,582.45,1,81
LA201614,Telangana,Rangareddy,Industrial,Development Project,High,190.43,23,16,10,16,80.7,19.3,Possession,35,1,1,1,3,0,0,1,0,2,1,180,19,0.636,84.9,33.9,0.99,0.34,4,875.07,1,92
LA200679,Karnataka,Belagavi,Industrial,Development Project,Normal,148.47,28,18,12,15,32.2,67.8,Award,22,1,0,1,2,0,0,2,1,4,0,263,20,0.544,64.6,85.2,1.15,0.52,2,810.39,0,71
LA201265,Karnataka,Tumakuru,Railway,Major Infrastructure,Normal,63.5,23,16,6,20,36.3,63.7,Possession,2,1,1,0,1,0,1,1,1,1,0,71,12,0.469,65.4,19.3,1.12,0.73,5,42.28,1,63
LA202408,Odisha,Sambalpur,Public Infrastructure,Development Project,Normal,99.81,21,9,5,14,53.4,46.6,Compensation,65,1,0,0,0,1,0,2,0,3,0,174,35,0.44,71.8,50.8,1.01,0.52,5,300.75,1,99
LA200692,Andhra Pradesh,Krishna,Industrial,Development Project,Normal,84.93,31,21,11,20,76.1,23.9,Ownership Verification,65,1,1,0,5,0,0,3,2,0,0,158,6,0.526,69.9,37.4,1.06,0.83,3,124.75,1,64
LA200008,Maharashtra,Kolhapur,Highway,Major Infrastructure,High,148.14,26,10,1,12,80.9,19.1,Compensation,13,1,1,1,1,1,0,4,3,0,0,99,2,0.198,35.5,61.7,0.89,0.4,3,293.2,0,65
LA202868,Karnataka,Tumakuru,Highway,Major Infrastructure,Normal,107.67,34,14,11,24,98.4,1.6,Compensation,46,1,1,0,2,1,0,2,1,3,0,135,9,0.624,79.4,29.3,1.01,0.46,4,95.52,1,81
LA201205,Maharashtra,Nagpur,Railway,Major Infrastructure,Normal,74.04,36,23,5,20,48.5,51.5,Compensation,29,1,1,0,4,0,0,3,1,1,1,95,7,0.434,65.4,24.4,0.95,0.78,3,403.42,1,74
LA202234,Maharashtra,Aurangabad,Public Infrastructure,Development Project,Critical,65.09,30,15,4,22,84.4,15.6,Survey,24,1,0,0,3,0,0,2,1,1,0,84,5,0.63,91.7,35.7,0.99,0.78,8,218.1,1,65
LA200416,Telangana,Hyderabad,Irrigation,Major Infrastructure,Normal,44.44,24,15,8,13,40.1,59.9,Compensation,,1,0,0,2,1,0,0,0,1,0,149,2,0.359,57.9,20.2,1.09,0.46,3,95.06,1,38
LA200671,Odisha,Ganjam,Highway,Major Infrastructure,Normal,147.29,27,18,2,17,92.2,7.8,Compensation,25,1,0,0,0,1,0,2,1,1,0,111,2,0.29,58.2,28.5,0.91,0.81,1,588.69,1,56
LA200811,Telangana,Hyderabad,Highway,Major Infrastructure,High,22.46,21,13,6,12,61.5,38.5,Ownership Verification,42,1,1,0,3,0,1,1,0,2,0,135,17,0.139,44.7,28.7,1.03,0.69,3,16.99,0,78
LA201090,Karnataka,Mysuru,Railway,Major Infrastructure,Normal,18.49,34,20,5,20,96.7,3.3,Notification,45,0,1,1,2,1,0,1,0,5,1,289,20,0.337,49,75.2,1.14,0.33,4,85.4,1,109
LA200200,Odisha,Cuttack,Public Infrastructure,Development Project,Normal,127.89,31,16,10,33,95.6,4.4,Survey,40,1,0,0,1,0,0,1,1,2,0,121,10,0.523,88.4,36.8,1.11,0.4,8,132.17,1,44
LA200284,Maharashtra,Nashik,Industrial,Development Project,Normal,125.95,32,18,12,23,33.8,66.2,Approval,67,1,0,0,3,0,1,1,0,2,0,239,52,0.568,68,63.9,1.12,0.6,4,391.49,1,98
LA200232,Maharashtra,Nagpur,Industrial,Development Project,Critical,26.25,30,19,11,20,90.7,9.3,Compensation,,1,1,1,1,0,1,1,0,2,1,101,8,0.354,46.4,32,1.01,0.17,2,47.5,0,90
LA202731,Maharashtra,Kolhapur,Irrigation,Major Infrastructure,Normal,70.75,29,20,9,18,90.5,9.5,Compensation,15,1,1,0,5,1,0,3,1,1,0,92,9,0.44,79.1,44.2,1.16,0.5,3,247.1,1,60
LA202862,Andhra Pradesh,Visakhapatnam,Industrial,Development Project,Normal,57.93,31,20,6,17,63.8,36.2,Possession,64,0,0,0,2,0,0,2,0,2,0,188,13,0.556,87.7,50.9,1.15,0.63,4,123.53,1,48
LA200097,Telangana,Hyderabad,Highway,Major Infrastructure,Normal,75.02,27,21,1,17,47.4,52.6,Notification,9,0,0,1,4,1,0,1,0,5,0,71,2,0.658,88.3,31.3,1.14,0.7,3,257.54,1,62
LA201588,Andhra Pradesh,Visakhapatnam,Highway,Major Infrastructure,Normal,,28,20,3,17,59.5,40.5,Approval,55,1,0,0,1,0,1,4,2,3,0,160,6,0.381,62.6,,1.13,0.58,3,50.21,1,76
LA202570,Maharashtra,Pune,Railway,Major Infrastructure,Normal,109.98,30,17,2,16,46.7,53.3,Compensation,56,1,0,0,3,1,0,3,2,1,1,133,14,0.559,74,53.3,1.16,0.39,2,285.21,1,88
LA201607,Telangana,Medchal-Malkajgiri,Industrial,Development Project,High,103.07,31,22,6,19,46.2,53.8,Notification,21,1,0,1,2,1,0,1,0,3,0,72,8,0.177,40.3,28.8,1.17,0.88,3,260.64,1,48
LA200677,Karnataka,Belagavi,Public Infrastructure,Development Project,Normal,269.69,31,13,8,29,76.6,23.4,Notification,13,1,1,1,6,0,0,0,0,2,0,258,18,0.204,45.2,19.1,1.13,0.84,9,1044.43,1,57
LA201861,Odisha,Cuttack,Highway,Major Infrastructure,Normal,53.5,18,12,4,8,77.8,22.2,Notification,77,1,0,0,3,0,0,1,1,2,0,251,8,0.467,70.1,25.5,0.93,0.65,5,63.62,1,64
LA202782,Telangana,Hyderabad,Highway,Major Infrastructure,High,96.74,25,17,6,23,41.1,58.9,Objection,10,0,0,0,4,0,1,1,0,0,0,96,7,0.436,61.5,63.5,1.17,0.65,2,188.59,1,44
LA202864,Maharashtra,Kolhapur,Public Infrastructure,Development Project,Normal,30.45,27,13,6,11,80,20,Objection,14,1,0,0,2,1,0,2,0,4,1,180,33,0.562,84,126.8,1.17,0.76,3,49.53,1,92
LA202588,Andhra Pradesh,Guntur,Irrigation,Major Infrastructure,Normal,76.65,29,15,5,21,58.4,41.6,Award,4,1,1,0,4,1,1,3,0,0,0,96,9,0.532,82.4,43.7,1.04,0.75,4,231.97,1,73
LA201400,Telangana,Rangareddy,Highway,Major Infrastructure,Normal,75.97,35,21,2,21,33.6,66.4,Award,12,1,0,0,0,1,0,2,0,2,1,90,5,0.612,72.1,59.3,0.9,0.74,4,370.17,1,79
LA201371,Andhra Pradesh,Krishna,Industrial,Development Project,Normal,134.97,23,14,10,16,88.1,11.9,Compensation,37,0,0,0,2,1,1,6,4,2,0,163,19,0.573,73.2,49.8,1.03,0.75,1,404.11,1,103
LA200105,Maharashtra,Pune,Industrial,Development Project,Normal,127.02,28,16,6,22,87.9,12.1,Compensation,8,1,0,0,4,1,0,4,3,3,0,92,22,0.242,39.4,68.7,0.94,0.82,5,632.65,1,72
LA202088,Telangana,Hyderabad,Highway,Major Infrastructure,High,229.41,41,32,5,35,78.7,21.3,Ownership Verification,65,1,0,0,0,0,0,2,0,1,0,147,29,0.172,35.5,69.7,0.89,0.47,3,807.78,1,53
LA200600,Andhra Pradesh,Guntur,Highway,Major Infrastructure,Critical,23.14,25,12,5,26,39.9,60.1,Objection,9,1,0,0,3,0,0,2,0,1,0,106,20,0.353,57.9,85.9,1.16,0.31,1,95.52,1,33
LA201757,Telangana,Nalgonda,Railway,Major Infrastructure,High,33.78,28,15,2,16,60.3,39.7,Objection,14,0,0,0,2,0,1,0,0,0,1,166,13,0.703,93.5,33.9,0.92,0.93,2,70.97,1,63
LA201324,Karnataka,Belagavi,Railway,Major Infrastructure,High,69.83,28,18,3,16,68,32,Ownership Verification,17,1,0,0,4,0,0,2,1,4,0,92,8,0.301,48.5,81.9,0.99,0.78,9,99.92,1,46
LA200643,Maharashtra,Kolhapur,Railway,Major Infrastructure,Normal,180.36,38,24,7,17,30,70,Possession,42,0,0,1,2,1,0,1,1,1,1,134,20,0.317,44.8,115.9,1.06,0.66,4,837.55,1,92
LA200701,Maharashtra,Kolhapur,Railway,Major Infrastructure,High,101.95,28,17,6,21,82,18,Approval,25,1,0,0,0,0,1,1,0,4,1,175,6,0.324,61.3,18.9,1.09,0.84,5,294.33,1,80
LA200227,Odisha,Puri,Public Infrastructure,Development Project,Normal,163.32,28,21,11,17,66.8,33.2,Compensation,48,0,0,0,0,1,1,,0,1,0,151,8,0.44,56.9,54.6,1.15,0.49,2,228.05,1,61
LA201698,Odisha,Cuttack,Highway,Major Infrastructure,Critical,,33,13,12,21,52.7,47.3,Possession,20,0,0,0,2,0,1,1,0,4,0,189,14,0.482,67.1,32.8,1.15,0.39,4,211.28,1,77
LA201011,Maharashtra,Kolhapur,Highway,Major Infrastructure,Normal,38.4,35,17,5,28,96.3,3.7,Compensation,32,1,0,0,1,1,0,2,1,3,0,140,17,0.288,45.3,52.8,1.1,0.48,1,161.15,1,70
LA201573,Telangana,Medchal-Malkajgiri,Irrigation,Major Infrastructure,Normal,97.83,26,11,7,13,40.3,59.7,Award,16,0,0,0,3,0,0,1,0,1,0,177,15,0.628,77.5,54.5,0.98,0.71,3,328.63,1,35
LA200777,Maharashtra,Kolhapur,Irrigation,Major Infrastructure,Normal,60.46,32,17,5,18,44.8,55.2,Objection,26,1,1,0,5,0,1,3,2,1,0,162,42,0.604,78.7,86.8,1.07,0.92,3,301.96,1,112
LA201731,Odisha,Ganjam,Public Infrastructure,Development Project,High,205.11,27,21,9,16,85.5,14.5,Possession,5,1,1,0,4,0,0,2,0,1,0,170,32,0.307,38.2,34.4,1.07,0.54,6,537.12,1,63
LA202827,Maharashtra,Pune,Railway,Major Infrastructure,Normal,107.32,33,17,5,27,43.9,56.1,Compensation,35,1,0,0,4,0,0,3,0,0,0,144,18,0.225,48.6,13.2,0.94,0.72,5,97.82,1,41
LA202229,Odisha,Puri,Highway,Major Infrastructure,High,307.26,21,12,4,12,55.7,44.3,Notification,7,0,1,1,4,1,0,0,0,3,0,165,12,0.565,87.3,43.2,1.14,0.39,6,351.14,1,79
LA202795,Andhra Pradesh,Guntur,Public Infrastructure,Development Project,Normal,31.31,26,19,8,17,71.4,28.6,Notification,72,1,0,0,2,0,0,1,1,0,0,159,8,0.549,83.4,51,0.93,0.65,3,96.11,1,45
LA200465,Karnataka,Mysuru,Railway,Major Infrastructure,Normal,148.53,34,19,12,23,98,2,Award,23,1,1,1,2,0,0,1,1,1,1,151,35,0.443,70.9,57.5,1.09,0.69,4,342.9,1,92
LA202652,Telangana,Hyderabad,Irrigation,Major Infrastructure,Normal,34.27,35,23,5,28,62.6,37.4,Compensation,71,1,0,0,0,0,0,0,0,1,0,266,15,0.267,58.8,43.2,0.91,0.56,6,74.67,1,49
LA201094,Telangana,Warangal,Highway,Major Infrastructure,Normal,53.75,32,15,5,19,65.9,34.1,Award,54,0,1,0,3,1,1,0,0,1,0,232,11,0.14,27.8,20.4,1.07,0.96,5,247.73,1,75
LA201272,Odisha,Cuttack,Irrigation,Major Infrastructure,Normal,59.27,43,20,5,30,34.3,65.7,Notification,59,1,0,1,1,1,0,1,0,1,0,242,1,0.311,58.6,16,1.11,0.91,4,59.88,0,68
LA202924,Karnataka,Tumakuru,Irrigation,Major Infrastructure,High,25.54,26,9,4,18,58.4,41.6,Possession,54,1,0,0,3,0,0,1,0,1,0,204,19,0.339,44.6,72.2,1.01,0.73,7,79.92,1,56
LA201581,Telangana,Nalgonda,Highway,Major Infrastructure,High,389.75,22,10,7,15,82.8,17.2,Objection,33,1,1,0,2,0,0,1,0,0,0,165,11,0.545,87.5,22.2,1.01,0.54,2,1158.64,1,70
LA201208,Telangana,Hyderabad,Industrial,Development Project,High,62.39,30,16,9,22,45.3,54.7,Approval,34,1,0,0,3,0,1,2,1,1,0,147,4,0.203,37,64,0.92,0.5,3,194.58,1,53
LA200213,Andhra Pradesh,Visakhapatnam,Railway,Major Infrastructure,Normal,42.12,24,11,9,12,30.3,69.7,Possession,3,1,0,0,3,1,1,1,0,2,0,123,14,0.605,72.9,62.5,1.05,0.4,9,107.49,1,75
LA200013,Karnataka,Bengaluru Rural,Railway,Major Infrastructure,High,16.03,29,17,5,21,71.8,28.2,Objection,24,0,0,0,0,1,0,1,1,3,0,93,8,0.361,53.3,50,1.12,0.66,5,64.91,1,55
LA202973,Telangana,Warangal,Highway,Major Infrastructure,High,49.74,26,18,6,19,48.8,51.2,Possession,73,1,0,1,1,0,1,2,0,2,0,149,2,0.345,58.8,20.8,1.11,0.22,3,108.1,1,70
LA200423,Andhra Pradesh,Krishna,Highway,Major Infrastructure,High,101.89,38,21,3,29,87,13,Compensation,43,1,1,0,1,1,1,1,0,2,0,164,15,0.504,66.4,40.5,1.14,0.7,4,331.62,0,87
LA201689,Andhra Pradesh,Krishna,Railway,Major Infrastructure,High,67.03,37,24,2,18,71.6,28.4,Objection,32,1,0,0,2,1,0,3,2,1,0,167,7,0.336,47.5,27.6,1.03,0.49,5,139.75,1,63
LA201780,Andhra Pradesh,Tirupati,Public Infrastructure,Development Project,Normal,150.5,27,10,11,21,99.4,0.6,Award,11,1,0,0,2,0,0,3,1,1,0,211,10,0.37,53.4,42.6,0.98,0.36,8,168.34,0,43
LA202640,Maharashtra,Pune,Public Infrastructure,Development Project,Normal,195.47,19,11,6,11,83.3,16.7,Ownership Verification,32,1,1,0,5,1,0,3,2,1,0,92,18,0.379,45.4,56.4,1.12,0.39,7,604.24,1,76
LA202320,Odisha,Puri,Industrial,Development Project,Normal,69.36,30,19,11,20,71.9,28.1,Ownership Verification,38,1,0,0,3,0,0,3,1,3,0,141,5,0.481,73.3,27.7,0.95,0.62,4,49.43,1,54
LA200638,Odisha,Sambalpur,Highway,Major Infrastructure,High,37.95,23,14,9,18,62.1,37.9,Notification,18,1,1,0,4,0,1,3,0,1,0,104,18,0.144,26.4,111.9,1.05,0.76,3,95.78,1,52
LA201279,Maharashtra,Pune,Railway,Major Infrastructure,Normal,39.08,28,14,8,27,92.5,7.5,Award,14,1,1,0,1,0,0,0,0,1,0,107,4,0.289,42.8,48.4,1.06,0.68,6,93.56,0,45
LA201641,Telangana,Warangal,Public Infrastructure,Development Project,Normal,172.27,24,14,12,13,31.3,68.7,Possession,47,0,0,0,0,0,0,4,1,0,0,162,8,0.45,63.7,24.2,0.92,0.66,3,804.72,1,54
LA200510,Telangana,Rangareddy,Highway,Major Infrastructure,Normal,46.17,40,29,6,25,59.3,40.7,Ownership Verification,59,1,0,0,5,1,0,1,0,0,0,143,6,0.706,88.3,29.2,0.91,0.37,1,77.13,1,55
LA200598,Odisha,Puri,Railway,Major Infrastructure,Normal,,37,14,1,24,93.2,6.8,Survey,44,1,1,0,0,0,0,0,0,4,1,168,13,0.166,33.7,27.2,0.95,0.85,0,275.03,1,60
LA202713,Odisha,Ganjam,Highway,Major Infrastructure,High,66.52,35,27,2,23,61,39,Ownership Verification,10,1,0,0,1,1,0,4,4,3,0,82,6,0.444,68.2,33.9,1.02,0.37,6,66.41,1,76
LA202635,Karnataka,Mysuru,Industrial,Development Project,Normal,31.29,23,16,9,17,42.1,57.9,Notification,73,1,0,1,4,0,1,3,0,2,0,139,4,0.26,52,15.2,0.93,0.77,5,34.66,1,80
LA202365,Karnataka,Belagavi,Irrigation,Major Infrastructure,Normal,,19,7,2,14,46.1,53.9,Notification,16,1,1,1,5,1,1,1,0,1,0,126,24,0.663,91.1,88.3,1.06,0.63,1,222.24,1,79
LA202644,Telangana,Rangareddy,Highway,Major Infrastructure,Normal,25.46,28,11,11,21,78.1,21.9,Notification,38,1,0,1,1,1,0,1,0,2,0,131,2,0.653,99,59.8,1.12,0.42,10,75.28,1,63
LA200519,Maharashtra,Nagpur,Industrial,Development Project,Normal,117.39,35,20,6,21,98.2,1.8,Award,17,1,1,0,1,0,0,1,0,0,0,154,15,0.535,83.4,23.8,1.04,0.43,4,248.54,1,57
LA202794,Andhra Pradesh,Guntur,Industrial,Development Project,High,15,44,18,11,33,90.4,9.6,Possession,20,0,0,0,1,0,0,2,1,3,1,137,8,0.347,64.1,20.4,1.02,0.43,4,48.65,1,63
LA200574,Andhra Pradesh,Guntur,Industrial,Development Project,High,114.04,21,14,2,18,47.1,52.9,Award,72,1,0,0,2,0,0,4,4,2,0,162,1,0.359,55.7,64.4,0.92,0.35,5,277.15,1,72
LA202726,Karnataka,Mysuru,Public Infrastructure,Development Project,Normal,12.41,27,9,3,21,86.6,13.4,Objection,29,0,0,0,4,0,1,1,1,2,0,95,3,0.254,46.5,33.6,0.95,0.61,10,15.16,0,49
LA201098,Odisha,Sambalpur,Highway,Major Infrastructure,Normal,128.77,35,26,8,22,80.3,19.7,Notification,,1,0,0,1,1,0,3,2,3,0,163,3,0.495,77.4,25.8,0.9,0.34,4,708.33,1,77
LA201948,Karnataka,Bengaluru Rural,Highway,Major Infrastructure,Normal,198.38,35,22,2,23,66.8,33.2,Compensation,22,1,1,0,3,0,0,1,0,4,1,200,38,0.223,45,56.1,1.01,0.75,3,586.76,1,103
LA201449,Andhra Pradesh,NTR,Railway,Major Infrastructure,Normal,123.02,17,12,10,11,42.4,57.6,Survey,22,1,1,0,3,0,1,0,0,2,0,128,7,0.566,77.4,43.9,1.05,0.71,2,534.39,0,68
LA201585,Karnataka,Dharwad,Railway,Major Infrastructure,Normal,127.38,28,14,2,23,36.1,63.9,Possession,16,1,1,0,1,0,0,2,1,0,0,77,24,0.184,29.1,19,1.13,0.61,2,260.34,1,50
LA202597,Karnataka,Belagavi,Railway,Major Infrastructure,Normal,143.85,33,19,7,21,64.5,35.5,Objection,62,1,1,0,0,0,0,2,1,1,1,252,9,0.468,60,51.5,1,0.64,5,403.03,1,84
LA200965,Odisha,Cuttack,Industrial,Development Project,Normal,99.8,23,15,11,13,62.5,37.5,Objection,32,1,0,0,3,0,0,3,2,3,0,124,11,0.315,,19.2,1.09,0.5,2,155.66,1,51
LA201019,Andhra Pradesh,Visakhapatnam,Railway,Major Infrastructure,High,54.27,29,13,3,24,57.5,42.5,Compensation,37,0,0,0,3,1,0,1,0,1,0,146,9,0.219,44,19.4,0.89,0.31,2,165.97,1,44
LA202909,Odisha,Puri,Public Infrastructure,Development Project,High,27.72,41,30,8,37,73.1,26.9,Ownership Verification,46,1,1,1,3,0,1,4,1,1,0,130,4,0.561,80,51.9,0.93,0.81,6,110.17,1,81
LA200359,Odisha,Ganjam,Highway,Major Infrastructure,High,60.08,27,12,10,10,38.3,61.7,Award,63,1,0,0,1,1,1,2,0,1,0,199,9,0.453,61.9,39.9,1.04,0.73,1,223.18,1,66
LA200737,Karnataka,Bengaluru Rural,Railway,Major Infrastructure,Normal,87.79,22,9,6,12,43.6,56.4,Award,5,1,0,0,3,0,0,1,0,0,0,178,6,0.422,67.9,19.9,1.05,0.55,3,,0,19
LA201785,Maharashtra,Kolhapur,Railway,Major Infrastructure,Normal,64.26,37,22,6,22,31.6,68.4,Notification,53,1,1,1,0,1,0,2,1,1,0,221,40,0.468,60.7,43.6,0.88,0.42,5,206.97,1,114
LA201609,Andhra Pradesh,Guntur,Railway,Major Infrastructure,Normal,18.12,29,19,4,25,88.4,11.6,Notification,7,0,0,0,3,0,0,1,1,2,0,103,10,0.256,54.3,29.8,0.99,0.43,5,27.14,0,48
LA200260,Karnataka,Dharwad,Highway,Major Infrastructure,Normal,88.95,31,16,4,20,80.7,19.3,Possession,42,1,0,0,1,1,0,2,2,0,0,253,28,0.524,70.7,60.5,0.94,0.57,1,340.36,1,59
LA202772,Odisha,Ganjam,Irrigation,Major Infrastructure,High,50.33,15,9,3,6,53.7,46.3,Survey,14,0,0,0,2,1,0,2,0,2,0,100,22,0.133,33.9,46.5,1.02,0.82,5,59.23,1,58
LA202643,Karnataka,Bengaluru Rural,Irrigation,Major Infrastructure,Normal,46.97,22,15,5,10,60.6,39.4,Approval,47,1,1,0,0,1,1,1,0,0,0,99,4,0.495,71.6,27.8,0.98,0.61,2,67.18,1,68
LA202743,Maharashtra,Pune,Highway,Major Infrastructure,Normal,72.68,31,17,10,24,61,39,Survey,41,1,0,0,2,0,0,6,5,1,0,190,14,0.602,85.4,66.4,1.05,0.76,4,83.11,1,70
LA202384,Karnataka,Mysuru,Railway,Major Infrastructure,Critical,59.2,27,11,11,18,53.6,46.4,Ownership Verification,29,1,1,0,3,0,0,3,0,2,0,91,12,0.41,67.3,25.4,1.07,0.52,3,47.51,0,58
LA201030,Karnataka,Tumakuru,Highway,Major Infrastructure,Normal,82.23,34,26,12,24,48.4,51.6,Survey,38,1,0,0,3,0,1,2,0,1,0,222,6,0.682,85.6,81.5,0.93,0.58,3,163.84,1,51
LA202409,Odisha,Khordha,Public Infrastructure,Development Project,Critical,34.12,25,11,12,17,36.2,63.8,Notification,17,1,1,1,4,1,1,4,3,2,0,133,5,0.345,42.2,35.1,0.96,0.62,7,70.31,1,96
LA200970,Andhra Pradesh,Guntur,Railway,Major Infrastructure,Normal,244.61,24,11,2,20,89.4,10.6,Ownership Verification,34,1,0,0,3,0,1,0,0,2,0,119,7,0.281,41.2,30.1,1.18,0.83,2,331.15,1,51
LA202991,Telangana,Hyderabad,Public Infrastructure,Development Project,Normal,83.69,26,16,10,23,53.8,46.2,Survey,28,1,1,0,1,1,0,0,0,3,1,144,5,0.394,64.9,53.7,1.09,0.66,5,274.21,1,73
LA200820,Telangana,Nalgonda,Public Infrastructure,Development Project,High,90.22,45,24,11,31,96.2,3.8,Possession,60,1,0,0,1,1,0,4,1,2,0,200,3,0.175,,72.8,0.93,0.58,4,264.57,1,62
LA202717,Telangana,Hyderabad,Highway,Major Infrastructure,Normal,35.43,25,15,3,17,99.4,0.6,Compensation,8,1,0,1,2,1,0,3,1,2,0,95,9,0.686,80.8,26.8,0.9,0.63,3,47.35,0,68
LA202326,Karnataka,Bengaluru Rural,Railway,Major Infrastructure,Normal,25.17,29,21,9,22,71.4,28.6,Approval,99,1,0,0,2,0,1,4,3,0,0,166,28,0.748,94.5,37.5,1.02,0.91,1,76.68,1,89
LA200457,Maharashtra,Kolhapur,Highway,Major Infrastructure,Normal,89.89,33,19,5,14,65.5,34.5,Compensation,34,1,0,0,1,1,1,0,0,1,0,124,5,0.633,89.4,50.2,0.97,0.5,6,224.11,1,51
LA200463,Odisha,Sambalpur,Railway,Major Infrastructure,High,28.64,36,27,7,28,33.9,66.1,Notification,90,0,0,1,3,0,0,0,0,2,0,252,18,0.353,50.3,25.8,1.06,0.76,5,41.31,1,60
LA202345,Odisha,Sambalpur,Highway,Major Infrastructure,Normal,72.43,28,10,2,21,74.6,25.4,Notification,32,1,0,0,5,0,0,1,1,1,0,155,5,0.564,83.8,71.1,1.06,0.36,4,300.4,1,50
LA202689,Odisha,Cuttack,Railway,Major Infrastructure,Normal,9.67,31,22,2,25,78.5,21.5,Objection,9,1,0,0,2,0,0,1,0,0,0,91,9,0.252,51.2,14.8,1.08,0.82,4,24.84,0,27
LA200382,Odisha,Khordha,Irrigation,Major Infrastructure,High,32.42,22,10,4,15,45.8,54.2,Notification,14,1,1,0,4,0,0,4,2,2,0,79,15,0.365,64.8,37.3,0.91,0.64,2,48.49,1,67
LA201892,Telangana,Medchal-Malkajgiri,Public Infrastructure,Development Project,High,110.1,20,12,3,17,59.7,40.3,Compensation,31,1,1,0,3,1,0,2,1,1,0,111,5,0.478,63.1,39.3,1.01,0.61,2,258.64,1,62
LA201833,Telangana,Hyderabad,Highway,Major Infrastructure,Critical,47.97,26,15,3,17,98.6,1.4,Survey,20,1,1,0,3,0,1,0,0,0,0,134,24,0.596,82.4,43.4,0.96,0.74,3,122.05,0,64
LA202309,Telangana,Hyderabad,Public Infrastructure,Development Project,Normal,69.27,37,19,2,35,97,3,Ownership Verification,55,1,0,0,2,0,0,2,2,4,0,149,10,0.464,70.5,33.5,1.02,0.61,7,312.76,1,81
LA201507,Odisha,Puri,Public Infrastructure,Development Project,Normal,25.72,22,16,4,13,33.3,66.7,Ownership Verification,16,1,1,0,4,0,0,4,2,4,0,144,3,0.417,68.5,34.9,1.07,0.54,7,24.65,1,87
LA200806,Andhra Pradesh,NTR,Public Infrastructure,Development Project,Normal,33.3,29,17,11,17,95.2,4.8,Approval,71,1,1,0,0,0,1,1,0,3,0,190,13,0.467,70.3,50.1,0.9,0.23,5,105.76,1,83
LA202439,Odisha,Cuttack,Railway,Major Infrastructure,High,27.93,26,10,5,15,86,14,Possession,4,1,0,0,4,1,0,1,0,0,0,129,11,0.627,90.2,35.9,0.99,0.68,4,85,1,53
LA200757,Telangana,Warangal,Irrigation,Major Infrastructure,High,35.3,43,30,9,32,97.5,2.5,Compensation,19,1,1,0,6,0,0,0,0,0,0,142,18,0.152,35.2,47.2,1.06,0.59,4,86.24,0,45
LA202516,Karnataka,Dharwad,Highway,Major Infrastructure,Normal,55.19,31,11,9,14,44.8,55.2,Possession,13,1,1,0,1,0,0,2,2,0,0,87,11,0.375,51.8,56.6,1.18,0.35,8,259.87,0,43
LA201254,Odisha,Ganjam,Industrial,Development Project,Critical,41.88,32,19,2,31,84.3,15.7,Notification,61,1,0,1,2,1,1,0,0,0,0,145,5,0.54,75.2,40.4,1.08,0.65,3,185.4,1,65
LA200870,Andhra Pradesh,Krishna,Irrigation,Major Infrastructure,Normal,49.69,32,17,10,27,40.2,59.8,Award,36,0,1,0,1,0,0,2,2,1,0,153,11,0.208,47.2,45,1.04,0.77,6,193.07,1,64
LA202065,Maharashtra,Kolhapur,Industrial,Development Project,Normal,49.21,35,27,9,21,64.6,35.4,Objection,4,1,0,0,9,0,0,4,4,4,1,82,8,0.162,25.2,18.4,1.06,0.48,3,72.95,0,71
LA201411,Odisha,Cuttack,Highway,Major Infrastructure,Normal,41.29,32,22,12,20,46.3,53.7,Notification,27,1,0,0,1,0,0,1,0,0,0,200,28,0.532,,67,1.07,0.86,5,203.32,1,59
LA202361,Maharashtra,Nagpur,Industrial,Development Project,Normal,93.57,27,12,9,18,75.6,24.4,Approval,19,0,1,1,1,0,1,2,1,0,0,138,15,0.56,68.3,33,0.89,0.72,4,532.85,1,76
LA202288,Telangana,Warangal,Highway,Major Infrastructure,Critical,96.45,26,18,10,14,42.7,57.3,Survey,13,1,1,1,1,0,0,0,0,1,0,140,7,0.551,84.4,61.4,1.1,0.87,3,287.8,1,50
LA202859,Andhra Pradesh,Visakhapatnam,Railway,Major Infrastructure,High,32.36,37,19,12,24,63.2,36.8,Ownership Verification,42,1,0,0,3,1,1,3,1,3,0,178,10,0.521,76.1,21,1.03,0.44,2,73.54,1,73
LA201174,Odisha,Sambalpur,Industrial,Development Project,Normal,349.72,41,17,9,23,44.6,55.4,Ownership Verification,14,1,0,1,2,0,1,2,1,4,0,81,3,0.689,86.7,39.9,1.09,0.08,6,304.16,1,74
LA200543,Maharashtra,Nagpur,Public Infrastructure,Development Project,Normal,12.82,29,21,1,22,85.8,14.2,Ownership Verification,31,1,1,0,3,0,0,1,1,0,0,170,8,0.631,82.2,26.7,1.06,0.59,3,54.4,1,48
LA202105,Karnataka,Mysuru,Public Infrastructure,Development Project,Normal,49.17,24,17,7,16,68.7,31.3,Ownership Verification,34,1,1,0,3,1,0,3,0,0,0,180,4,0.288,46.1,23.8,0.98,0.72,3,205.51,1,58
LA201256,Telangana,Warangal,Highway,Major Infrastructure,High,26.8,31,23,6,16,63.5,36.5,Ownership Verification,20,1,1,1,0,1,0,3,0,2,0,124,7,0.508,60,68.7,0.97,0.53,4,110.78,1,70
LA201767,Karnataka,Bengaluru Rural,Railway,Major Infrastructure,High,72.95,26,15,2,15,48.6,51.4,Ownership Verification,36,1,1,0,1,0,0,0,0,2,0,164,6,0.377,61,26.4,0.93,0.6,5,136.03,1,49
LA201766,Telangana,Warangal,Public Infrastructure,Development Project,Normal,192.63,27,17,12,21,93,7,Ownership Verification,83,1,1,1,2,0,0,1,0,1,0,159,10,0.692,96.3,65.2,1.03,0.51,1,557.6,1,70
LA201290,Karnataka,Mysuru,Highway,Major Infrastructure,High,116.17,26,11,7,18,95.8,4.2,Notification,12,1,1,1,3,0,0,2,1,1,0,159,7,0.26,59.1,39.5,1.15,0.2,2,159.76,1,65
LA202422,Telangana,Nalgonda,Irrigation,Major Infrastructure,Normal,33.98,20,14,3,17,48.8,51.2,Survey,15,1,0,0,1,0,1,1,1,3,0,98,8,0.677,105.9,42.6,1.12,0.87,3,115.32,1,62
LA202528,Telangana,Nalgonda,Railway,Major Infrastructure,Critical,61.97,17,8,10,10,50.6,49.4,Survey,23,1,0,0,1,0,1,3,1,0,0,112,2,0.658,87.1,65.4,0.96,0.39,5,336.6,1,58
LA201344,Telangana,Warangal,Public Infrastructure,Development Project,Normal,17.98,32,20,5,20,43.7,56.3,Objection,49,1,1,0,2,0,0,1,0,5,1,189,14,0.44,63.6,38.6,0.91,0.83,1,103.08,1,99
LA201526,Maharashtra,Pune,Highway,Major Infrastructure,High,43.26,28,19,3,19,69.8,30.2,Survey,34,1,0,0,4,1,0,2,0,4,1,219,4,0.386,45.6,29.7,0.93,0.9,5,245.35,1,79
LA202895,Andhra Pradesh,Visakhapatnam,Irrigation,Major Infrastructure,Normal,43.31,27,18,3,17,35,65,Compensation,13,0,0,0,3,1,0,2,0,2,0,129,36,0.251,54.4,49.6,0.91,0.56,2,135.39,0,61
LA202687,Telangana,Medchal-Malkajgiri,Highway,Major Infrastructure,Normal,89.5,24,11,11,13,89.8,10.2,Ownership Verification,13,1,1,1,2,0,1,1,0,1,1,90,2,0.464,58.6,20.7,1.03,0.76,5,261.33,1,82
LA202195,Maharashtra,Kolhapur,Irrigation,Major Infrastructure,High,61.88,30,12,6,25,47.7,52.3,Compensation,18,1,1,0,1,0,1,0,0,1,0,136,6,0.314,47.3,33.3,1.11,0.52,3,168.77,0,49
LA202421,Telangana,Rangareddy,Railway,Major Infrastructure,Normal,33.51,31,20,7,14,45.4,54.6,Compensation,22,0,0,0,3,1,1,1,0,2,0,115,3,0.694,84.5,57.1,0.98,0.26,5,44.47,1,72
LA201678,Karnataka,Bengaluru Rural,Industrial,Development Project,Normal,19.69,26,19,7,21,77.3,22.7,Compensation,58,1,1,0,4,0,0,0,0,1,0,200,12,0.643,83.1,28.3,1.01,0.35,3,64.04,1,62
LA201287,Andhra Pradesh,NTR,Railway,Major Infrastructure,Critical,63.94,23,15,7,13,40.1,59.9,Possession,45,0,1,0,1,0,0,1,0,0,0,217,18,0.046,20.2,32.4,0.93,0.77,4,203.14,1,56
LA200436,Odisha,Sambalpur,Highway,Major Infrastructure,High,109.31,28,17,6,17,68.6,31.4,Survey,13,0,0,0,2,0,0,6,2,0,0,179,18,0.366,56.2,25.3,0.96,0.61,1,249.25,1,34
LA201728,Karnataka,Tumakuru,Railway,Major Infrastructure,High,15.29,28,11,3,24,51.5,48.5,Approval,8,1,0,0,3,0,1,2,2,0,0,153,13,0.458,68.7,23.3,1.13,0.63,7,25.7,1,60
LA200238,Maharashtra,Nagpur,Public Infrastructure,Development Project,Normal,67,25,10,8,22,54.3,45.7,Approval,25,1,0,1,1,1,1,2,1,0,0,134,2,0.108,40.1,17.2,1.08,0.58,4,63.7,0,59
LA202348,Karnataka,Bengaluru Rural,Highway,Major Infrastructure,Normal,309.09,37,24,6,27,35.1,64.9,Ownership Verification,69,1,1,0,1,0,0,1,1,0,0,191,10,0.63,83.4,56.9,1.15,0.76,6,874.04,1,57
LA200110,Odisha,Puri,Railway,Major Infrastructure,Normal,70.9,24,16,3,14,93.2,6.8,Possession,73,1,0,1,3,0,0,2,2,1,0,181,23,0.35,,24.6,1.18,0.71,2,192.45,1,78
LA202275,Karnataka,Mysuru,Public Infrastructure,Development Project,Critical,17.38,33,19,6,13,65.8,34.2,Ownership Verification,54,1,1,0,2,0,1,4,1,3,0,108,7,0.267,47.7,53,1.05,0.56,2,47.11,1,67
LA200164,Karnataka,Bengaluru Rural,Railway,Major Infrastructure,Normal,81.64,28,19,2,12,78.1,21.9,Compensation,17,0,0,0,2,0,0,2,1,1,0,82,6,0.626,101.5,29,0.89,0.73,5,238.21,1,43
LA200289,Odisha,Ganjam,Highway,Major Infrastructure,Normal,121.38,24,18,1,18,76.2,23.8,Compensation,20,1,1,1,1,1,0,2,1,1,0,108,32,0.389,62.2,34,0.99,0.94,5,320.74,1,95
LA200253,Maharashtra,Nashik,Railway,Major Infrastructure,Normal,69.04,21,14,8,8,50.7,49.3,Objection,6,1,0,0,5,0,0,4,0,2,0,98,8,0.652,81.6,44.7,1.11,0.67,4,,1,43
LA202584,Andhra Pradesh,Krishna,Industrial,Development Project,Normal,59.06,33,24,5,22,59.7,40.3,Award,10,1,0,1,2,0,1,1,0,2,0,157,8,0.175,37.7,30.9,1.03,0.84,3,206.3,1,49
LA201965,Telangana,Warangal,Highway,Major Infrastructure,High,56.77,27,19,12,16,99.9,0.1,Notification,37,0,0,0,1,0,0,4,3,0,0,118,15,0.559,70.1,42.2,0.94,0.72,8,317.42,1,59
LA201289,Andhra Pradesh,Visakhapatnam,Irrigation,Major Infrastructure,Normal,99.86,24,11,3,14,56,44,Notification,24,1,0,0,2,0,1,1,0,0,0,134,9,0.52,76,67.4,0.93,0.86,2,520,1,30
LA200745,Maharashtra,Pune,Irrigation,Major Infrastructure,High,61.83,31,15,6,23,66.5,33.5,Award,16,1,1,0,3,0,0,0,0,2,1,135,9,0.672,93.1,41.8,1.18,0.74,5,114.07,1,62
LA201207,Maharashtra,Pune,Highway,Major Infrastructure,High,32.67,26,20,2,21,81.3,18.7,Ownership Verification,11,1,1,0,5,0,1,1,0,1,0,112,2,0.108,16.6,32.4,1.03,0.83,4,104.46,1,55
LA202420,Andhra Pradesh,Tirupati,Highway,Major Infrastructure,High,60.85,18,12,9,6,76.1,23.9,Compensation,26,1,0,1,3,1,1,1,0,1,0,134,6,0.337,48.6,65.2,1.09,0.61,4,184.23,1,57
LA201392,Odisha,Khordha,Highway,Major Infrastructure,High,34.94,26,12,4,16,86.1,13.9,Ownership Verification,38,0,1,0,5,0,0,2,0,3,0,136,12,0.251,33.9,21.4,0.98,0.87,1,142.58,1,68
LA202334,Maharashtra,Nagpur,Highway,Major Infrastructure,Critical,146.91,38,17,9,21,33.6,66.4,Possession,32,0,0,0,2,0,0,1,0,4,0,114,14,0.659,87.1,34.2,1.1,0.27,4,386.43,0,74
LA200991,Odisha,Ganjam,Highway,Major Infrastructure,Normal,62.32,29,22,8,18,57.7,42.3,Compensation,13,1,0,1,2,1,0,1,0,5,1,99,6,0.4,,24.1,0.98,0.63,5,223.59,1,80
LA200840,Odisha,Puri,Highway,Major Infrastructure,High,247.91,24,18,8,12,78,22,Compensation,60,1,0,0,0,0,0,4,2,3,0,142,6,0.397,61.2,17.2,1.04,0.63,3,801.97,1,60
LA201150,Maharashtra,Nashik,Public Infrastructure,Development Project,Normal,9.09,33,24,6,19,30.5,69.5,Survey,6,1,0,0,3,0,0,1,0,3,0,103,7,0.546,68.9,18.1,1.03,0.81,2,33.79,1,46
LA201222,Andhra Pradesh,NTR,Highway,Major Infrastructure,Normal,26.06,23,11,4,14,96,4,Award,7,1,0,0,1,0,1,1,1,0,0,102,40,0.17,41.1,14.2,0.95,0.49,8,46,1,60
LA201744,Telangana,Warangal,Irrigation,Major Infrastructure,Critical,90.34,25,17,10,17,67.7,32.3,Ownership Verification,30,1,1,0,4,1,0,3,2,2,0,135,43,0.676,97,33.1,1.02,0.52,3,67.19,1,104
LA202401,Andhra Pradesh,Tirupati,Railway,Major Infrastructure,Critical,87.13,28,11,5,19,77.7,22.3,Approval,12,1,1,1,3,0,1,1,0,2,0,157,7,0.344,53.3,45.2,0.93,0.64,4,176.33,1,68
LA200462,Telangana,Rangareddy,Public Infrastructure,Development Project,Critical,94.62,37,23,11,13,54.9,45.1,Approval,25,1,1,0,1,0,1,2,1,1,0,112,24,0.454,62.8,49.1,1.05,0.3,5,409.57,1,78
LA201310,Karnataka,Mysuru,Irrigation,Major Infrastructure,Normal,46.5,31,13,1,23,57.5,42.5,Notification,6,1,0,0,1,0,0,1,1,3,0,163,11,0.5,79.7,57.1,0.94,0.77,3,93.11,0,46
LA201436,Karnataka,Mysuru,Highway,Major Infrastructure,High,62.56,22,8,5,20,56,44,Ownership Verification,14,1,0,0,1,0,0,0,0,1,0,135,4,0.713,92,31.7,1.1,0.83,1,211.46,1,38
LA200158,Maharashtra,Nashik,Irrigation,Major Infrastructure,High,68.43,32,12,9,29,53.5,46.5,Compensation,83,1,0,0,4,1,0,6,2,2,0,198,26,0.424,69.4,71.9,0.93,0.61,7,161.85,1,104
LA201912,Maharashtra,Nagpur,Highway,Major Infrastructure,Normal,378.54,27,12,7,11,96,4,Approval,41,1,1,0,2,0,0,3,1,1,1,121,17,0.25,44.4,26.7,0.96,0.81,3,789.98,1,82
LA202360,Odisha,Khordha,Highway,Major Infrastructure,Critical,63.56,37,14,4,13,90,10,Possession,26,1,0,0,5,0,0,2,0,0,0,174,17,0.252,45.8,30.6,0.97,0.37,4,83.61,1,43
LA200678,Telangana,Nalgonda,Irrigation,Major Infrastructure,Critical,31.59,33,20,1,29,65.5,34.5,Survey,31,1,1,0,2,0,0,2,0,1,0,181,8,0.25,39.8,22.1,1.13,0.65,1,130.13,0,44
LA202849,Telangana,Nalgonda,Railway,Major Infrastructure,High,131.73,29,14,11,19,36.3,63.7,Award,61,1,0,0,2,0,0,2,1,4,1,172,3,0.445,66.3,20.3,1.05,0.74,3,419.89,0,84
LA201873,Telangana,Nalgonda,Irrigation,Major Infrastructure,High,94.13,26,11,9,19,77.6,22.4,Compensation,15,1,0,0,3,1,0,0,0,3,0,134,25,0.102,37,40.7,0.99,0.47,2,253.24,0,47
LA200239,Karnataka,Mysuru,Highway,Major Infrastructure,High,67.1,36,14,7,17,82.6,17.4,Award,29,1,0,0,4,0,0,3,0,2,0,120,10,0.453,69.7,89.3,1.11,0.77,4,181.23,1,43
LA202918,Karnataka,Tumakuru,Irrigation,Major Infrastructure,Normal,48.94,44,27,7,28,57.1,42.9,Survey,68,1,1,0,4,0,0,1,0,2,0,141,6,0.346,42.8,37.5,0.94,0.73,1,221.91,1,56
LA201092,Andhra Pradesh,Guntur,Highway,Major Infrastructure,Normal,35.3,26,10,3,20,75.6,24.4,Award,20,1,1,1,0,0,0,1,1,1,0,128,7,0.76,96.6,64.5,0.93,0.5,5,56.84,1,73
LA202871,Maharashtra,Kolhapur,Railway,Major Infrastructure,Normal,,22,17,11,18,94.2,5.8,Objection,58,1,0,0,3,0,0,4,1,2,0,105,1,0.187,42,12.3,1.14,0.77,5,154.95,1,44
LA200101,Odisha,Ganjam,Irrigation,Major Infrastructure,High,66.8,30,21,12,21,93.5,6.5,Compensation,31,1,0,0,2,1,0,3,1,1,0,89,5,0.236,37.5,41.6,1.15,0.66,4,352.02,0,62
LA200316,Maharashtra,Kolhapur,Public Infrastructure,Development Project,High,32.84,36,19,7,21,49.4,50.6,Award,34,0,0,0,1,1,1,0,0,1,0,193,16,0.301,45,42.3,1.08,0.71,3,135.36,1,80
LA201024,Odisha,Cuttack,Irrigation,Major Infrastructure,Critical,164.03,31,21,11,15,98.1,1.9,Approval,34,1,0,0,3,1,1,1,1,3,0,170,12,0.369,57.1,35.3,0.91,0.35,2,387.04,1,66
LA202747,Karnataka,Belagavi,Highway,Major Infrastructure,High,179.3,33,24,9,33,53.6,46.4,Notification,14,1,0,1,4,1,0,1,0,2,0,141,17,0.656,93,40.3,0.92,0.65,9,179.4,1,64
LA200768,Karnataka,Tumakuru,Railway,Major Infrastructure,Critical,244.68,32,19,5,22,81.4,18.6,Ownership Verification,20,1,1,0,1,0,0,1,0,1,0,174,17,0.435,63.7,43.2,0.9,0.55,6,1065.59,1,65
LA201345,Maharashtra,Aurangabad,Industrial,Development Project,Critical,460.62,23,11,11,15,61.4,38.6,Ownership Verification,9,1,0,0,4,1,1,1,0,2,0,151,5,0.486,67.3,27.1,1.13,0.39,5,871.14,0,64
LA200262,Maharashtra,Nagpur,Industrial,Development Project,High,58.81,22,15,10,12,37,63,Objection,19,1,0,0,2,0,0,2,1,1,0,102,12,0.595,81.4,66.3,0.89,0.7,2,66.75,0,35
LA201452,Telangana,Medchal-Malkajgiri,Highway,Major Infrastructure,Critical,108.09,28,13,12,19,98.2,1.8,Possession,34,1,0,0,1,0,0,4,2,1,0,160,26,0.657,92.8,48.4,1.07,0.75,1,309.06,1,72
LA202835,Odisha,Ganjam,Public Infrastructure,Development Project,High,102.96,25,16,6,10,81,19,Possession,28,0,0,1,2,0,1,0,0,0,0,119,23,0.372,53.9,27.1,1.1,0.68,2,394.97,1,53
LA200196,Odisha,Puri,Railway,Major Infrastructure,Critical,74.24,29,21,9,21,92.2,7.8,Compensation,6,1,0,0,4,1,0,1,0,1,1,143,7,0.334,66,12.5,1.18,0.69,2,175.4,1,59
LA201776,Maharashtra,Nashik,Highway,Major Infrastructure,Normal,49.96,36,25,2,26,42.4,57.6,Possession,46,0,0,0,3,0,0,3,1,1,0,141,6,0.193,50.5,15.4,0.97,0.38,3,136.58,1,52
LA202842,Telangana,Hyderabad,Public Infrastructure,Development Project,Normal,131.98,26,20,6,14,74.4,25.6,Objection,27,1,0,0,1,0,0,1,0,3,0,221,41,0.657,96.1,38.9,1.1,0.77,4,471.96,1,69
LA201736,Karnataka,Belagavi,Irrigation,Major Infrastructure,High,92.1,27,20,3,18,67.8,32.2,Award,33,1,1,0,1,0,0,2,1,2,0,121,7,0.507,68.1,35.9,1.01,0.59,3,304.4,1,45
LA200180,Telangana,Hyderabad,Irrigation,Major Infrastructure,Normal,229.75,27,20,2,13,91.5,8.5,Award,64,0,0,0,3,0,0,1,1,2,0,191,12,0.261,47.1,26.7,1.17,0.55,3,262.65,1,62
LA202923,Maharashtra,Pune,Highway,Major Infrastructure,Critical,57.51,36,14,8,25,56.1,43.9,Approval,22,1,0,0,4,1,0,5,3,1,0,117,4,0.725,98.9,45,1.06,0.77,8,70.27,1,77
LA200341,Maharashtra,Aurangabad,Public Infrastructure,Development Project,Normal,204.69,20,11,6,9,87.9,12.1,Notification,8,1,0,0,3,1,0,3,1,3,0,113,19,0.651,81.7,47.5,1.02,0.34,5,861.2,1,66
LA201100,Maharashtra,Nagpur,Railway,Major Infrastructure,High,79.98,21,10,3,18,44.5,55.5,Compensation,32,1,0,0,1,1,0,1,0,1,0,97,19,0.575,78.3,18.4,1.14,0.41,7,,1,62
LA201544,Andhra Pradesh,NTR,Industrial,Development Project,High,63.35,24,16,8,10,67.4,32.6,Approval,24,1,0,1,3,0,1,1,0,2,0,222,15,0.39,61.6,83.6,1.14,0.85,6,209,1,69
LA200749,Andhra Pradesh,Guntur,Railway,Major Infrastructure,High,177.86,31,19,12,22,53.3,46.7,Possession,36,1,0,0,1,1,0,0,0,2,0,110,16,0.481,59.4,32,1.14,0.58,3,690.33,1,66
LA202756,Telangana,Hyderabad,Highway,Major Infrastructure,Normal,232.34,24,12,4,20,96.4,3.6,Objection,59,1,0,0,1,0,0,2,1,2,1,176,15,0.448,73.1,27.4,1.01,0.87,5,1136.04,1,81
LA200663,Andhra Pradesh,Krishna,Irrigation,Major Infrastructure,High,51.05,30,17,10,21,80,20,Approval,29,1,0,0,4,0,1,0,0,1,0,171,10,0.674,94.7,46.8,1.13,0.51,3,75.87,1,54
LA200481,Telangana,Nalgonda,Public Infrastructure,Development Project,High,209.85,32,17,5,24,64.6,35.4,Possession,37,0,1,0,3,0,0,0,0,2,0,121,8,0.715,95.9,35.2,0.97,0.38,5,828.06,0,55
LA202139,Karnataka,Belagavi,Railway,Major Infrastructure,High,74.46,37,20,4,21,50.6,49.4,Ownership Verification,73,1,0,1,2,0,0,0,0,1,0,255,19,0.265,42.9,22.3,1.04,0.36,5,274.56,1,55
LA200872,Telangana,Warangal,Industrial,Development Project,Critical,70.41,41,23,7,36,95.6,4.4,Objection,25,1,0,0,2,0,0,2,1,0,0,115,7,0.519,68.4,42,1.17,0.74,3,147.02,1,37
LA201454,Maharashtra,Nagpur,Highway,Major Infrastructure,Normal,32.99,27,20,8,23,74.5,25.5,Compensation,33,1,0,0,2,1,0,1,0,0,0,221,25,0.442,69.1,22.2,1.03,0.61,4,96.95,1,63
LA202953,Andhra Pradesh,Guntur,Industrial,Development Project,High,48.82,29,10,9,27,39.9,60.1,Notification,38,1,0,0,3,1,0,4,1,1,0,181,20,0.564,71.8,34.8,1.16,0.5,4,45.42,1,62
LA200550,Andhra Pradesh,NTR,Highway,Major Infrastructure,Normal,54.26,36,26,1,17,68.1,31.9,Compensation,48,0,0,0,1,1,1,1,0,2,0,165,5,0.574,82.2,47.5,0.99,0.69,1,131.61,1,62
LA202021,Maharashtra,Aurangabad,Highway,Major Infrastructure,Critical,34.46,27,11,12,27,60.3,39.7,Compensation,5,1,0,0,3,0,1,1,0,3,0,71,5,0.043,29.9,28.5,1.05,0.77,2,187.85,0,45
LA202709,Maharashtra,Aurangabad,Highway,Major Infrastructure,Normal,74.21,23,18,11,12,55.8,44.2,Possession,12,1,0,0,0,0,0,4,0,2,0,153,15,0.629,95.6,39.4,0.95,0.82,5,191.03,1,56
LA200743,Telangana,Hyderabad,Railway,Major Infrastructure,High,95.79,28,12,8,17,47,53,Approval,13,1,1,0,2,0,1,3,0,0,0,112,17,0.56,83.1,,1.01,0.32,9,334.71,0,64
LA202416,Andhra Pradesh,NTR,Irrigation,Major Infrastructure,High,33.41,28,14,1,20,78.5,21.5,Possession,66,1,0,0,4,0,1,0,0,0,0,162,0,0.595,74.2,25.7,0.94,0.76,1,130.23,1,40
LA202638,Karnataka,Tumakuru,Industrial,Development Project,Normal,,24,11,1,16,99,1,Compensation,18,0,0,0,5,1,0,3,2,0,0,112,8,0.404,62.4,38.3,1.08,0.82,6,252.36,0,52
LA202567,Karnataka,Bengaluru Rural,Railway,Major Infrastructure,Normal,193.26,36,27,1,26,64,36,Compensation,59,1,1,0,0,1,0,0,0,0,1,187,5,0.243,39.2,87.2,1.17,0.61,5,773.39,1,93
LA202293,Karnataka,Tumakuru,Public Infrastructure,Development Project,Normal,69.5,33,15,3,20,36.8,63.2,Objection,14,1,1,0,2,1,1,0,0,3,0,116,11,0.529,76.1,30,0.92,0.64,4,80.27,1,76
LA201910,Karnataka,Mysuru,Industrial,Development Project,High,188.41,30,18,11,22,64.1,35.9,Compensation,35,1,0,0,3,1,0,3,2,1,0,89,11,0.578,72.6,20.9,0.94,0.66,4,748.94,1,68
LA200791,Karnataka,Bengaluru Rural,Industrial,Development Project,High,58.95,27,12,5,20,80.6,19.4,Ownership Verification,57,1,0,0,4,0,0,1,1,0,0,123,7,0.117,15.7,122.8,1.05,0.53,5,82.21,1,31
LA202121,Maharashtra,Aurangabad,Public Infrastructure,Development Project,Normal,55.43,32,24,11,25,64,36,Objection,23,1,0,0,2,1,0,1,0,1,0,106,25,0.4,61.3,28.6,0.89,0.72,5,174.39,1,69
LA201447,Karnataka,Dharwad,Highway,Major Infrastructure,Normal,84.18,24,9,3,20,89.6,10.4,Notification,12,1,0,0,2,0,0,1,1,1,0,96,9,0.572,82.7,36.3,0.95,0.64,5,333.6,1,43
LA200248,Andhra Pradesh,Tirupati,Irrigation,Major Infrastructure,High,144.08,29,21,9,16,37.4,62.6,Ownership Verification,21,1,1,0,3,0,0,2,1,3,0,123,22,0.388,57.8,41.9,1.17,0.6,6,118.25,1,74
LA200830,Telangana,Nalgonda,Highway,Major Infrastructure,High,40.94,34,20,8,19,84.4,15.6,Ownership Verification,1,1,0,0,3,0,0,2,1,0,0,162,26,0.451,65.8,63,0.89,0.82,5,131.56,1,54
LA201125,Maharashtra,Aurangabad,Public Infrastructure,Development Project,High,,23,11,8,19,43,57,Objection,51,1,1,0,0,0,0,2,2,3,0,194,7,0.413,57.2,76.4,0.94,0.46,1,57.73,0,69
LA202721,Telangana,Hyderabad,Highway,Major Infrastructure,Normal,95.56,26,16,1,14,42.8,57.2,Objection,23,1,0,0,1,0,0,1,1,2,0,108,12,0.739,103,42.9,0.88,0.67,3,198.23,1,48
LA200627,Odisha,Khordha,Irrigation,Major Infrastructure,High,5,26,18,1,18,38.6,61.4,Ownership Verification,69,1,0,0,2,0,0,2,0,0,0,175,6,0.331,56,19.3,0.94,0.4,4,23.55,1,35
LA200348,Andhra Pradesh,Tirupati,Highway,Major Infrastructure,Normal,46.17,29,19,7,17,71.3,28.7,Compensation,51,1,0,0,3,1,0,2,2,3,0,157,6,0.461,67.9,16.9,0.97,0.63,4,38.62,1,75
LA200279,Andhra Pradesh,NTR,Irrigation,Major Infrastructure,Normal,123.87,21,11,11,15,48,52,Ownership Verification,10,1,1,0,2,0,1,3,0,1,0,86,5,0.581,72.2,19,0.99,0.32,5,316.86,0,59
LA201784,Maharashtra,Nagpur,Highway,Major Infrastructure,Normal,33.96,25,15,9,16,41,59,Ownership Verification,47,1,1,0,0,1,1,1,0,3,0,199,5,0.56,84.4,24.3,1.07,0.22,6,45.46,1,67
LA202281,Karnataka,Tumakuru,Irrigation,Major Infrastructure,High,87.08,24,17,6,16,85.9,14.1,Objection,35,1,0,0,1,0,0,0,0,1,0,165,5,0.524,65,122.7,0.99,0.69,5,192.9,1,46
LA200656,Karnataka,Dharwad,Highway,Major Infrastructure,High,84.34,24,10,1,11,88.6,11.4,Ownership Verification,43,1,0,0,1,0,0,0,0,1,1,125,8,0.472,64.3,53,1.12,0.5,4,441.65,0,56
LA201214,Maharashtra,Nashik,Industrial,Development Project,High,67.98,,13,2,13,39,61,Approval,28,1,1,0,3,0,1,2,0,2,0,112,12,0.468,72.4,53.8,0.91,0.7,0,188.19,1,58
LA200839,Telangana,Warangal,Public Infrastructure,Development Project,High,101.82,22,9,3,18,63.9,36.1,Award,25,1,0,0,0,1,0,2,1,2,1,118,17,0.488,70.5,21.4,1.17,0.45,2,248.91,1,73
LA202625,Andhra Pradesh,Visakhapatnam,Irrigation,Major Infrastructure,Critical,77.62,20,10,8,9,42,58,Possession,7,0,0,0,2,0,1,1,1,0,0,115,14,0.375,58.6,29.4,0.89,0.41,3,235.97,1,37
LA202589,Maharashtra,Aurangabad,Public Infrastructure,Development Project,Critical,43.86,31,23,1,25,87.9,12.1,Objection,33,1,0,1,2,0,1,2,1,1,0,104,25,0.446,67.3,48.5,1.13,0.53,3,85.73,1,79
LA202351,Andhra Pradesh,Visakhapatnam,Public Infrastructure,Development Project,Normal,58.36,27,20,11,23,56.3,43.7,Objection,31,1,0,1,0,0,0,0,0,0,0,206,1,0.735,101.6,28.8,1.05,0.73,2,126.35,0,42
LA201710,Odisha,Khordha,Railway,Major Infrastructure,Normal,132.42,28,20,10,22,75.7,24.3,Award,18,1,0,0,1,0,0,1,1,2,0,154,10,0.463,75.3,26,1.02,0.93,2,488.01,1,30
LA202024,Karnataka,Belagavi,Industrial,Development Project,High,91.63,33,18,11,29,88.2,11.8,Ownership Verification,16,0,1,0,1,1,0,6,4,1,0,191,26,0.751,103.8,40.7,1.16,0.33,3,265.55,1,85
LA200977,Maharashtra,Pune,Irrigation,Major Infrastructure,Critical,31.05,31,19,10,10,59.9,40.1,Ownership Verification,150,1,1,0,5,0,0,2,2,2,0,281,11,0.814,101.1,54.3,0.92,0.66,7,103.97,1,113
LA200446,Odisha,Sambalpur,Highway,Major Infrastructure,Critical,117.64,23,13,6,19,82.7,17.3,Possession,49,1,0,0,3,0,0,0,0,0,0,188,3,0.476,71.2,57.9,1.16,0.54,6,280.88,0,37
LA200618,Odisha,Ganjam,Highway,Major Infrastructure,High,248.51,40,27,7,29,51.9,48.1,Notification,52,1,0,0,0,0,1,0,0,3,0,141,5,0.728,89.9,83.8,0.97,0.65,3,369.41,1,68
LA201475,Karnataka,Belagavi,Public Infrastructure,Development Project,High,17.45,36,24,8,26,56.2,43.8,Notification,11,1,0,1,6,0,0,0,0,1,0,118,5,0.437,65.6,51.3,0.91,0.8,7,73.96,1,33
LA201779,Karnataka,Tumakuru,Railway,Major Infrastructure,High,31.04,24,18,8,7,88.1,11.9,Possession,13,0,1,0,0,0,0,2,1,0,0,115,16,0.52,76.3,21.5,1.07,0.45,3,84.9,0,44
LA202518,Karnataka,Dharwad,Industrial,Development Project,Normal,106.02,29,15,9,18,56.7,43.3,Ownership Verification,55,1,0,1,4,1,1,1,0,1,0,117,9,0.365,56.2,40.3,1.02,0.8,2,326.55,0,66
LA201245,Karnataka,Tumakuru,Industrial,Development Project,High,74.02,29,21,9,12,52.2,47.8,Notification,17,1,0,1,6,0,0,3,2,1,0,249,67,0.294,51.9,22.6,0.94,0.89,3,267.99,1,97
LA202996,Andhra Pradesh,NTR,Irrigation,Major Infrastructure,Normal,30.83,41,21,7,23,89.4,10.6,Objection,36,0,1,0,5,0,1,1,1,2,0,222,17,0.662,74.7,66.7,1.07,0.37,2,31.22,0,80
LA202553,Karnataka,Tumakuru,Railway,Major Infrastructure,Critical,125.28,38,16,11,25,64.9,35.1,Approval,44,1,0,0,5,0,1,3,0,5,1,277,29,0.375,54.5,38.1,0.9,0.84,6,348.25,1,119
LA200548,Karnataka,Dharwad,Irrigation,Major Infrastructure,Normal,17.45,26,20,4,19,88.7,11.3,Objection,50,1,0,0,4,0,1,2,0,4,0,173,9,0.46,75.6,26.5,0.96,0.34,4,24.2,1,57
LA202211,Maharashtra,Aurangabad,Highway,Major Infrastructure,High,103.38,29,12,8,14,41.8,58.2,Objection,28,1,0,1,5,0,0,1,0,2,0,161,7,0.749,98.9,42.3,0.92,0.7,6,489.52,1,59
LA201624,Maharashtra,Nagpur,Highway,Major Infrastructure,Normal,50.87,28,14,4,18,67.3,32.7,Survey,17,1,0,0,2,1,0,1,0,3,0,129,18,0.546,68.2,25.9,1.17,0.53,1,108.28,1,54
LA200264,Andhra Pradesh,Krishna,Railway,Major Infrastructure,Normal,51.1,23,10,2,24,35.8,64.2,Survey,18,0,0,0,4,0,0,0,0,1,0,154,66,0.408,63.3,39.5,1.06,0.66,5,225.15,1,70
LA201398,Telangana,Nalgonda,Public Infrastructure,Development Project,Normal,164.05,35,17,3,12,33.1,66.9,Compensation,83,1,0,0,2,0,0,3,2,2,0,132,3,0.224,,25.6,1.1,0.49,7,523.87,1,44
LA202354,Odisha,Puri,Highway,Major Infrastructure,Critical,44.45,34,21,4,28,35,65,Approval,15,1,0,1,1,0,1,2,1,3,0,214,42,0.521,70.4,21,1.11,0.7,6,155.8,1,94
LA201816,Karnataka,Dharwad,Industrial,Development Project,Normal,31.32,29,12,2,19,58.9,41.1,Compensation,10,1,0,0,3,1,0,2,1,1,0,150,24,0.42,,68.4,1,0.65,5,120.33,1,77
LA200354,Karnataka,Dharwad,Highway,Major Infrastructure,High,105.9,24,10,10,16,65.1,34.9,Possession,54,1,0,0,5,0,0,2,0,1,0,158,13,0.43,62.4,69.7,1.08,0.78,5,250.08,1,42
LA201076,Karnataka,Tumakuru,Railway,Major Infrastructure,Normal,133.09,30,18,5,17,90.7,9.3,Notification,2,1,1,1,1,0,0,2,0,2,0,172,11,0.577,86.1,59.1,0.97,0.85,3,326.96,0,71
LA200209,Telangana,Warangal,Highway,Major Infrastructure,Normal,31.93,29,17,10,23,71.1,28.9,Objection,32,1,1,0,1,1,0,1,1,1,0,175,12,0.353,67.2,21.5,0.9,0.55,5,121.98,1,63
LA200614,Maharashtra,Nashik,Highway,Major Infrastructure,Normal,140.35,30,22,2,18,39.5,60.5,Notification,89,0,0,0,2,0,0,4,3,3,0,206,18,0.417,66.3,18.9,0.97,0.61,4,593.83,1,81
LA202091,Maharashtra,Nashik,Industrial,Development Project,Normal,322.87,31,11,12,18,33.5,66.5,Survey,9,0,0,0,3,1,0,2,2,0,0,115,18,0.505,70.7,46.3,1.16,0.42,7,546.48,1,50
LA202100,Telangana,Rangareddy,Irrigation,Major Infrastructure,Normal,70.04,32,14,4,18,96,4,Ownership Verification,1,1,0,0,3,0,1,0,0,0,0,86,4,0.283,48.4,17.4,1.09,0.61,5,122.51,0,40
LA201499,Andhra Pradesh,Tirupati,Industrial,Development Project,Normal,54.71,26,15,6,26,62.2,37.8,Approval,29,1,1,0,4,1,0,3,3,3,0,123,16,0.674,83.8,50.3,1.13,0.29,4,58.31,1,92
LA201136,Karnataka,Tumakuru,Public Infrastructure,Development Project,High,48.46,27,18,3,10,64.7,35.3,Compensation,84,0,0,1,5,1,0,1,1,1,0,174,16,0.457,60.2,64,0.96,0.52,5,92.15,1,87
LA202881,Maharashtra,Nagpur,Highway,Major Infrastructure,High,20.87,24,15,5,20,36.2,63.8,Approval,56,1,0,0,2,1,1,3,2,4,1,131,2,0.53,85.6,44,1.02,0.82,8,77.7,1,116
LA202079,Odisha,Sambalpur,Highway,Major Infrastructure,High,90.8,40,14,6,19,71.6,28.4,Ownership Verification,72,0,0,0,3,0,1,2,1,3,0,191,16,0.55,69.1,130,1.15,0.9,4,337.95,1,79
LA200058,Karnataka,Bengaluru Rural,Industrial,Development Project,High,80.43,29,13,9,18,56.7,43.3,Objection,47,1,0,0,1,0,0,3,1,1,0,134,12,0.488,67.7,17,1.08,0.67,6,156.62,0,62
LA202484,Maharashtra,Aurangabad,Highway,Major Infrastructure,Normal,94.7,31,12,11,23,67,33,Approval,27,1,1,0,2,1,1,1,0,1,0,180,18,0.504,69.7,40.3,1.05,0.65,1,437.15,1,66
LA200812,Andhra Pradesh,Tirupati,Railway,Major Infrastructure,High,90.02,30,16,6,12,67.8,32.2,Objection,22,1,0,0,3,0,1,2,1,2,0,102,2,0.102,,28.5,0.97,0.66,5,222.58,1,35
LA202196,Odisha,Sambalpur,Irrigation,Major Infrastructure,Normal,138.43,29,22,4,16,69.1,30.9,Ownership Verification,24,1,0,0,2,1,0,0,0,1,0,252,25,0.325,60.7,59.4,1.05,0.4,4,424.14,0,50
LA200562,Odisha,Ganjam,Industrial,Development Project,High,29.35,17,12,7,6,90.4,9.6,Compensation,24,1,0,0,3,1,0,1,1,1,0,174,6,0.361,51.3,30.2,1.14,0.35,5,60.46,1,50
LA202944,Andhra Pradesh,NTR,Irrigation,Major Infrastructure,Normal,61.48,26,16,6,13,77.7,22.3,Survey,5,1,0,0,3,1,0,3,1,1,0,175,7,0.307,45,24.5,0.93,0.69,2,254.88,1,42
LA200230,Maharashtra,Nashik,Industrial,Development Project,Normal,49.88,35,14,1,18,85.3,14.7,Ownership Verification,25,1,0,0,5,0,0,4,1,2,0,150,24,0.541,68,57.5,1.13,0.85,5,110.39,1,53
LA202510,Andhra Pradesh,NTR,Irrigation,Major Infrastructure,High,140.22,28,15,3,17,31.5,68.5,Ownership Verification,20,0,0,1,2,0,0,0,0,2,0,145,5,0.473,69.5,80.7,1.17,0.93,6,379.4,1,34
LA201722,Telangana,Medchal-Malkajgiri,Railway,Major Infrastructure,Normal,48.31,24,19,7,14,84.9,15.1,Objection,27,1,0,0,3,0,0,,0,2,0,124,12,0.376,60.9,41.2,0.92,0.37,3,162.9,1,31
LA202180,Odisha,Sambalpur,Railway,Major Infrastructure,Normal,80.18,21,11,12,23,33,67,Approval,42,0,0,0,3,0,1,2,0,1,0,129,6,0.298,47.5,47.1,1.04,0.59,5,348.41,1,62
LA201451,Karnataka,Dharwad,Railway,Major Infrastructure,Normal,167.54,33,24,1,27,70.6,29.4,Ownership Verification,27,1,0,0,2,0,1,1,1,2,0,128,7,0.374,58.5,57.2,0.91,0.22,5,604.47,1,46
LA201235,Telangana,Rangareddy,Public Infrastructure,Development Project,Critical,51.62,29,13,6,13,34.2,65.8,Objection,23,1,1,0,1,0,0,2,1,2,0,130,11,0.329,61.2,43.9,1.03,0.35,2,278.08,1,57
LA201072,Telangana,Hyderabad,Highway,Major Infrastructure,High,23.78,41,17,12,30,56.3,43.7,Survey,18,1,1,0,3,1,0,1,0,3,0,106,10,0.117,33.4,12.9,1.02,0.85,7,51.19,1,43
LA202850,Telangana,Nalgonda,Public Infrastructure,Development Project,High,89.48,29,18,8,12,77.8,22.2,Award,24,1,0,0,3,0,1,2,1,2,0,85,1,0.634,93.5,50.4,0.94,0.75,5,251.74,1,62
LA201038,Karnataka,Mysuru,Irrigation,Major Infrastructure,Normal,79.23,30,13,10,24,31.6,68.4,Award,17,1,0,1,1,0,0,3,2,2,0,111,6,0.236,41.4,19.2,1.1,0.79,2,145.66,0,43
LA200890,Maharashtra,Kolhapur,Highway,Major Infrastructure,Normal,168.18,40,25,4,30,57.4,42.6,Ownership Verification,133,0,0,0,4,0,0,4,2,1,0,236,9,0.257,48.6,39.1,0.98,0.66,3,588.74,1,83
LA201054,Karnataka,Mysuru,Highway,Major Infrastructure,Normal,62.35,38,19,12,19,98.2,1.8,Objection,66,1,1,1,3,0,0,1,1,5,0,195,6,0.56,66.5,41.3,1.09,0.57,1,80.76,1,95
LA200708,Maharashtra,Pune,Irrigation,Major Infrastructure,Normal,236.4,28,17,11,20,63.7,36.3,Notification,11,0,1,0,3,1,0,2,0,1,0,125,11,0.079,24,13,1.16,0.37,1,909.21,1,53
LA200425,Odisha,Sambalpur,Highway,Major Infrastructure,High,111.83,19,14,1,17,82.2,17.8,Award,19,1,0,0,4,0,0,1,0,0,0,81,14,0.477,74.4,69.1,1.17,0.65,4,499.49,1,36
LA200070,Andhra Pradesh,Tirupati,Railway,Major Infrastructure,Normal,42.69,24,10,9,10,43.7,56.3,Award,57,1,0,0,2,0,0,2,2,1,0,121,5,0.28,55.1,110.5,1.01,0.27,5,56.1,0,43
LA202250,Karnataka,Dharwad,Highway,Major Infrastructure,Normal,11.37,25,14,11,19,91.5,8.5,Approval,71,1,0,0,3,0,1,3,1,2,0,167,5,0.365,55.5,21.7,1.17,0.61,3,32.99,1,57
LA202536,Maharashtra,Kolhapur,Highway,Major Infrastructure,High,41.87,38,23,1,30,76.8,23.2,Ownership Verification,29,1,1,0,0,0,0,1,0,2,0,125,9,0.533,83.6,45.7,0.92,0.66,4,103.38,1,60
LA202840,Andhra Pradesh,Tirupati,Highway,Major Infrastructure,High,112.39,33,17,9,26,95.4,4.6,Possession,55,1,0,0,4,0,0,3,1,0,0,180,3,0.465,79.4,30.3,0.94,0.7,3,111.76,1,59
LA202407,Telangana,Hyderabad,Highway,Major Infrastructure,Normal,14.84,30,20,9,23,56.9,43.1,Notification,17,1,0,1,4,1,1,,0,1,0,100,7,0.496,70.7,35.2,1.05,0.33,3,37.88,1,58
LA202964,Maharashtra,Nashik,Irrigation,Major Infrastructure,Normal,137.88,28,10,10,11,81.8,18.2,Notification,21,1,0,1,2,1,0,2,0,1,0,102,3,0.326,62.7,35.9,0.89,0.72,3,144.06,1,52
LA202582,Odisha,Cuttack,Railway,Major Infrastructure,Critical,37.5,22,11,8,23,82.3,17.7,Compensation,53,1,0,0,3,1,0,4,0,1,0,200,10,0.319,57.4,30.7,0.99,0.79,3,171.71,1,64
LA202093,Odisha,Ganjam,Railway,Major Infrastructure,Normal,47.48,31,12,12,20,47.6,52.4,Compensation,77,1,1,0,1,1,0,0,0,3,0,157,11,0.226,48.2,62.7,1.08,0.48,3,43.46,1,84
LA200941,Andhra Pradesh,NTR,Public Infrastructure,Development Project,Normal,41.08,41,19,4,25,50.9,49.1,Objection,14,1,1,0,1,0,0,1,0,2,1,88,18,0.353,44.3,23.5,1,0.61,4,56.33,1,69
LA200621,Odisha,Puri,Railway,Major Infrastructure,Normal,66.39,31,21,8,17,99.7,0.3,Notification,22,1,1,0,3,1,0,2,2,1,1,88,4,0.331,63.8,35.7,0.92,0.81,7,67.76,1,75
LA202520,Odisha,Khordha,Railway,Major Infrastructure,Normal,178.93,30,18,10,14,78.2,21.8,Possession,51,0,1,0,6,0,0,1,0,1,0,144,5,0.353,54,52.5,0.89,0.78,6,663.05,1,42
LA201197,Karnataka,Mysuru,Irrigation,Major Infrastructure,Normal,31.24,19,9,7,19,69.7,30.3,Ownership Verification,86,1,1,0,1,0,0,2,0,0,0,243,6,0.519,80.2,23.8,1.07,0.56,4,101.73,1,62
LA202068,Odisha,Ganjam,Industrial,Development Project,Normal,33.15,22,12,1,12,99.6,0.4,Ownership Verification,11,1,1,0,1,1,0,,0,4,0,152,13,0.428,56.3,28.9,1.11,0.76,2,151.9,1,62
LA201033,Maharashtra,Kolhapur,Railway,Major Infrastructure,High,77.17,16,8,4,13,34.5,65.5,Compensation,39,0,0,0,1,0,0,4,2,3,1,221,2,0.218,46,39.3,1.05,0.7,3,201.96,1,77
LA201506,Odisha,Cuttack,Railway,Major Infrastructure,High,210.88,27,14,2,13,45.8,54.2,Objection,48,1,0,0,5,0,0,1,0,5,0,180,20,0.317,46.7,49.6,0.93,0.57,2,645.14,1,78
LA201577,Odisha,Ganjam,Industrial,Development Project,Normal,67.49,31,18,7,21,56.6,43.4,Award,17,1,0,1,3,1,0,1,0,1,0,94,4,0.305,,15.7,0.96,0.72,5,184.32,1,44
LA202131,Karnataka,Bengaluru Rural,Irrigation,Major Infrastructure,Normal,10.99,25,14,9,16,73.7,26.3,Compensation,66,1,0,0,4,0,0,2,1,2,0,161,18,0.579,71.3,105.9,1.15,0.94,3,18.37,1,77
LA202045,Telangana,Warangal,Irrigation,Major Infrastructure,Normal,,31,23,11,26,45.3,54.7,Objection,27,0,0,0,2,0,0,4,2,1,0,160,32,0.794,98.3,62,1.14,0.61,7,355.66,1,79
LA201396,Karnataka,Dharwad,Highway,Major Infrastructure,Critical,70.28,34,26,2,26,38.2,61.8,Approval,30,1,0,1,1,0,0,1,1,1,0,169,6,0.339,47.1,21.8,0.98,0.87,8,260.04,1,46
LA200280,Odisha,Puri,Highway,Major Infrastructure,High,39.26,29,18,2,17,38.3,61.7,Ownership Verification,13,1,0,0,1,0,0,,1,0,0,118,1,0.211,52.2,41.9,0.95,0.62,2,129.22,1,24
LA201466,Andhra Pradesh,NTR,Highway,Major Infrastructure,High,91.06,38,29,5,13,33.5,66.5,Ownership Verification,24,1,1,0,2,0,0,2,1,1,0,84,11,0.173,33.5,29.6,0.94,0.5,3,425.44,1,59
LA201504,Telangana,Nalgonda,Highway,Major Infrastructure,Normal,112.54,30,23,5,20,44,56,Possession,34,1,1,0,2,0,0,0,0,3,1,99,9,0.653,86.8,48.6,0.95,0.56,3,547.61,1,75
LA202283,Maharashtra,Pune,Railway,Major Infrastructure,Critical,31.05,35,18,4,28,89.1,10.9,Survey,30,0,1,1,3,1,0,1,1,2,0,103,9,0.231,49.4,53.1,1.06,0.41,3,35.64,1,74
LA202839,Telangana,Medchal-Malkajgiri,Public Infrastructure,Development Project,High,67.44,26,18,6,8,45.5,54.5,Compensation,54,1,0,0,2,1,0,2,2,0,0,131,6,0.62,90.7,46.3,1.06,0.69,4,55.84,1,61
LA202724,Maharashtra,Aurangabad,Highway,Major Infrastructure,Critical,368.83,27,10,10,21,56.2,43.8,Approval,26,1,0,0,2,1,1,2,0,1,0,111,5,0.507,69.6,49,1.01,0.73,2,561.56,1,65
LA200554,Andhra Pradesh,NTR,Public Infrastructure,Development Project,Normal,337.2,37,27,12,23,46.1,53.9,Possession,,1,0,0,0,1,0,3,0,2,0,111,8,0.593,81.2,69.6,1.16,0.65,7,1453.39,1,61
LA200835,Odisha,Puri,Railway,Major Infrastructure,Normal,136.27,33,12,11,18,45.6,54.4,Approval,16,1,1,1,3,0,1,2,0,4,1,86,4,0.162,35.8,49.1,0.98,0.53,3,662.2,1,90
LA200963,Karnataka,Belagavi,Highway,Major Infrastructure,High,100.24,22,16,4,17,50.4,49.6,Compensation,41,1,0,0,4,0,0,3,1,0,0,215,11,0.462,70.4,33.1,0.9,0.76,4,320.7,1,39
LA200597,Karnataka,Bengaluru Rural,Irrigation,Major Infrastructure,High,74.41,28,16,8,17,65.3,34.7,Compensation,28,1,1,0,6,0,0,2,0,1,0,167,4,0.451,64.5,77.6,1.08,0.61,3,379.37,0,55
LA202452,Andhra Pradesh,Tirupati,Irrigation,Major Infrastructure,Normal,94.55,21,11,11,13,96.1,3.9,Possession,19,0,0,0,5,0,0,1,0,2,0,77,15,0.782,93.1,38.8,1.05,0.81,4,228.1,1,42
LA200803,Karnataka,Tumakuru,Highway,Major Infrastructure,Normal,55.2,23,17,10,9,44.6,55.4,Award,47,1,0,1,4,0,0,2,1,2,0,151,11,0.448,53.7,28.8,0.93,0.79,6,126.51,1,62
LA202137,Karnataka,Dharwad,Highway,Major Infrastructure,Normal,58.33,26,20,7,15,78.4,21.6,Compensation,11,1,0,0,5,1,0,0,0,2,0,109,6,0.397,68.9,63,1.07,0.2,3,144.78,0,47
LA202986,Maharashtra,Nashik,Public Infrastructure,Development Project,Normal,57.8,36,21,6,24,49.8,50.2,Compensation,73,1,0,0,0,0,0,2,1,4,1,172,3,0.344,64.8,50.6,1.08,0.57,4,74.99,1,85
LA202720,Telangana,Medchal-Malkajgiri,Highway,Major Infrastructure,Normal,74.86,38,15,6,25,75.8,24.2,Compensation,36,1,0,0,5,1,1,1,1,2,0,148,12,0.793,91.8,130,1.17,0.6,5,,1,73
LA200441,Telangana,Medchal-Malkajgiri,Public Infrastructure,Development Project,High,123.09,26,18,3,16,69.8,30.2,Compensation,40,1,1,0,4,0,1,3,0,1,0,114,21,0.599,79.2,50.6,1.08,0.9,4,641.17,1,88
LA200509,Maharashtra,Nagpur,Public Infrastructure,Development Project,Normal,41.51,39,30,5,31,64.7,35.3,Objection,40,1,0,0,1,0,1,4,1,2,0,167,22,0.3,49.1,23.5,1.13,0.64,4,87.93,1,62
LA200077,Odisha,Sambalpur,Highway,Major Infrastructure,High,152.01,23,12,5,15,74.2,25.8,Possession,26,1,0,0,2,0,0,0,0,4,1,121,21,0.291,50.9,62.4,0.94,0.94,6,240.8,1,83
LA202482,Maharashtra,Nashik,Irrigation,Major Infrastructure,Normal,24.74,35,18,1,17,69.3,30.7,Possession,4,1,0,0,2,0,0,0,0,2,0,192,6,0.32,46,37.3,1.16,0.58,4,84.39,1,33
LA200650,Maharashtra,Nashik,Railway,Major Infrastructure,Normal,137.89,32,14,8,28,73.9,26.1,Compensation,14,1,0,0,2,1,1,2,1,1,1,167,11,0.423,47.9,50.5,0.96,0.66,7,142.66,1,95
LA200523,Andhra Pradesh,Guntur,Irrigation,Major Infrastructure,Normal,14.29,24,16,11,11,70.7,29.3,Approval,54,1,0,1,0,0,0,0,0,1,0,147,5,0.395,58.5,19,0.95,0.85,3,43.18,1,50
LA201488,Karnataka,Bengaluru Rural,Industrial,Development Project,High,48.25,32,18,11,19,53.3,46.7,Objection,14,0,0,0,0,1,1,2,1,0,0,97,5,0.6,72.7,36.5,0.99,0.74,5,89.55,1,59
LA202209,Maharashtra,Kolhapur,Railway,Major Infrastructure,Normal,33.32,25,17,5,17,71,29,Objection,25,1,0,0,2,1,0,4,1,3,0,116,6,0.604,76,28.7,1.06,0.67,5,127.56,1,74
LA201495,Telangana,Medchal-Malkajgiri,Industrial,Development Project,High,92.2,31,22,12,22,82.4,17.6,Compensation,29,1,0,0,3,1,1,1,1,1,1,177,19,0.35,51.9,59.6,1.16,0.57,4,296.45,1,97
LA200655,Telangana,Warangal,Public Infrastructure,Development Project,High,97.31,30,20,4,14,34.4,65.6,Notification,53,1,0,0,2,0,0,1,0,3,0,164,8,0.241,32.6,24.9,1.1,0.77,8,485.83,1,55
LA202817,Karnataka,Belagavi,Highway,Major Infrastructure,High,85.65,26,17,11,17,38.9,61.1,Notification,12,1,0,1,3,0,0,2,1,1,0,85,12,0.168,35.6,77.5,0.93,0.26,2,84.86,0,39
LA201539,Karnataka,Bengaluru Rural,Public Infrastructure,Development Project,Normal,12.78,19,7,10,9,55.1,44.9,Approval,22,1,0,0,3,0,1,0,0,2,0,140,5,0.682,87.2,60.5,1.1,0.54,1,9.54,1,48
LA201424,Andhra Pradesh,NTR,Highway,Major Infrastructure,High,121.69,28,16,8,16,72.5,27.5,Award,26,1,0,0,4,0,1,1,0,0,0,137,7,0.563,85.5,33.9,1,0.5,2,481.54,1,49
LA201652,Maharashtra,Nashik,Public Infrastructure,Development Project,Normal,115.32,33,16,12,17,90.6,9.4,Ownership Verification,54,1,1,0,1,0,0,1,0,3,0,175,7,0.54,83.1,60.6,1.08,0.82,3,169,0,62
LA200631,Telangana,Warangal,Highway,Major Infrastructure,Normal,27.41,30,18,3,18,61.7,38.3,Objection,13,1,0,0,2,0,0,3,1,1,0,83,10,0.419,65.9,41.1,1.12,0.85,6,54.85,1,47
LA202542,Karnataka,Bengaluru Rural,Highway,Major Infrastructure,High,184.38,30,21,4,20,53.7,46.3,Possession,,1,0,0,5,0,1,2,1,2,0,201,17,0.304,45.6,29.2,1.01,0.54,5,688.17,0,56
LA201508,Karnataka,Dharwad,Industrial,Development Project,Normal,105.88,28,20,6,12,60.1,39.9,Possession,66,1,0,0,3,0,0,2,1,3,0,189,8,0.347,61.5,18.2,0.93,0.95,4,270.79,1,64
LA202942,Maharashtra,Kolhapur,Highway,Major Infrastructure,High,85.65,38,17,8,29,47.2,52.8,Approval,40,0,0,0,1,1,1,1,0,2,0,96,4,0.393,53.5,52.1,1.15,0.61,1,324.87,1,60
LA200483,Maharashtra,Aurangabad,Highway,Major Infrastructure,Critical,79.82,27,10,6,18,51.1,48.9,Ownership Verification,61,0,1,1,3,0,0,0,0,2,0,135,15,0.462,64.5,39.5,1.09,0.54,6,123.45,1,78
LA201928,Telangana,Rangareddy,Highway,Major Infrastructure,High,45.06,31,18,9,29,61.9,38.1,Approval,10,0,1,0,0,0,1,1,1,3,1,137,21,0.736,87.1,36.3,0.94,0.72,5,110.26,0,98
LA201114,Andhra Pradesh,NTR,Irrigation,Major Infrastructure,Normal,49.52,21,12,5,18,60.8,39.2,Objection,10,0,0,0,4,1,0,1,0,2,0,104,24,0.797,102,45.9,1.03,0.67,1,71.78,1,56
LA202564,Odisha,Puri,Industrial,Development Project,Normal,36.09,35,19,2,22,58,42,Award,50,1,0,0,1,0,0,2,0,2,0,168,20,0.649,87.8,37.7,0.92,0.77,2,69.26,1,53
LA201089,Andhra Pradesh,Visakhapatnam,Irrigation,Major Infrastructure,High,62.3,30,18,12,24,45.2,54.8,Ownership Verification,76,1,1,0,1,0,1,2,0,1,0,201,6,0.456,64.8,30.4,1.12,0.56,4,50.2,1,74
LA200439,Maharashtra,Aurangabad,Public Infrastructure,Development Project,Normal,101.42,36,27,9,27,86,14,Objection,46,1,1,0,2,0,1,2,0,3,0,136,23,0.152,30.5,11.1,1.08,0.43,4,243.38,1,75
LA201718,Andhra Pradesh,Krishna,Irrigation,Major Infrastructure,Normal,51.13,25,18,2,17,72.3,27.7,Ownership Verification,11,1,1,0,3,0,1,1,0,2,0,123,27,0.751,96.4,40.9,1.04,0.29,4,200.09,1,88
LA202444,Odisha,Cuttack,Railway,Major Infrastructure,High,185.41,35,23,10,26,58.9,41.1,Ownership Verification,55,1,1,0,2,0,0,,1,2,0,132,23,0.235,30.6,49.2,0.9,0.62,8,697.01,1,63
LA200857,Odisha,Sambalpur,Highway,Major Infrastructure,Normal,49.58,27,18,12,20,48.1,51.9,Approval,16,1,0,0,3,1,0,,1,1,0,183,3,0.451,68.3,30.2,1.1,0.62,2,161.78,1,44
LA201984,Karnataka,Belagavi,Irrigation,Major Infrastructure,Normal,124.24,30,19,4,22,36.6,63.4,Compensation,28,1,1,0,1,0,0,3,3,3,0,106,6,0.742,102.7,,0.95,0.45,10,223.1,1,79
LA200167,Andhra Pradesh,Visakhapatnam,Highway,Major Infrastructure,High,61.48,34,18,8,19,49.4,50.6,Ownership Verification,62,1,0,0,3,1,0,1,0,5,0,175,21,0.716,94.5,43.8,1.1,0.8,5,194.73,1,103
LA200060,Telangana,Rangareddy,Railway,Major Infrastructure,High,295.14,33,18,9,24,48.2,51.8,Objection,6,1,0,0,3,1,1,2,0,1,0,136,5,0.576,89.1,45.1,0.98,0.62,8,935.96,1,46
LA200612,Maharashtra,Nagpur,Railway,Major Infrastructure,Normal,96.29,30,20,8,20,94.2,5.8,Possession,22,0,1,0,0,0,1,2,1,1,0,101,7,0.437,56,33.6,1.17,0.61,1,280.11,1,52
LA200531,Telangana,Rangareddy,Highway,Major Infrastructure,Normal,41.04,32,22,4,19,89.6,10.4,Compensation,20,1,1,1,6,1,1,2,1,3,0,131,5,0.157,34.3,38.5,0.88,0.26,3,26.07,1,90
LA202788,Karnataka,Dharwad,Public Infrastructure,Development Project,Normal,95.44,32,14,4,20,85.6,14.4,Objection,7,1,0,1,1,0,0,1,0,4,0,185,20,0.421,73.1,36.8,1.02,0.54,2,355.71,0,52
LA200050,Maharashtra,Pune,Irrigation,Major Infrastructure,Normal,106.46,29,16,2,19,65.7,34.3,Approval,30,1,0,0,1,0,0,3,1,0,0,91,12,0.521,64.2,30,0.99,0.56,6,132.43,1,56
LA201884,Telangana,Nalgonda,Public Infrastructure,Development Project,High,50.85,26,15,12,20,30.4,69.6,Compensation,48,1,0,1,1,1,0,1,1,3,0,227,8,0.269,38.2,28.6,0.96,0.56,6,51.68,1,83
LA201012,Karnataka,Tumakuru,Industrial,Development Project,High,283.55,36,17,9,19,52,48,Survey,11,1,0,0,1,0,0,0,0,0,0,153,25,0.314,54.8,38.5,0.89,0.44,5,1258.82,1,38
LA200859,Karnataka,Belagavi,Highway,Major Infrastructure,High,28.81,26,9,1,17,60.4,39.6,Survey,19,1,0,0,1,0,0,3,1,2,1,106,27,0.679,104.8,46.2,0.97,0.59,2,54.34,1,80
LA201018,Andhra Pradesh,Visakhapatnam,Highway,Major Infrastructure,High,81.9,32,24,5,17,81.6,18.4,Approval,10,1,0,0,0,0,1,4,1,2,0,114,6,0.63,90.6,55.4,1.01,0.62,4,176.86,1,60
LA200049,Andhra Pradesh,Visakhapatnam,Highway,Major Infrastructure,Normal,35,22,15,1,15,35.3,64.7,Compensation,41,1,1,0,3,1,1,2,1,3,0,148,9,0.461,56.6,56.1,0.97,0.59,4,133.65,1,84
LA200720,Andhra Pradesh,Guntur,Highway,Major Infrastructure,Normal,167.96,27,12,1,17,98.7,1.3,Notification,74,1,0,0,2,1,1,5,3,1,0,152,5,0.448,57.9,52.6,1.14,0.68,3,244.84,1,89
LA202391,Andhra Pradesh,Guntur,Public Infrastructure,Development Project,High,106.19,24,18,12,17,41.7,58.3,Notification,17,1,1,1,0,1,0,0,0,1,0,138,34,0.333,54.3,22.1,0.99,0.55,7,269.45,1,81
LA202653,Telangana,Hyderabad,Highway,Major Infrastructure,Normal,61.38,28,12,7,17,34,66,Notification,30,1,0,1,0,1,1,1,0,0,0,160,12,0.129,40.2,33.7,1.1,0.63,3,152.02,1,53
LA202247,Odisha,Ganjam,Industrial,Development Project,Normal,34.23,32,19,4,25,96.1,3.9,Compensation,8,1,0,1,1,1,0,0,0,1,0,110,6,0.625,93,34.9,1.12,0.74,6,94.4,0,58
LA201160,Andhra Pradesh,Guntur,Irrigation,Major Infrastructure,High,68.85,26,12,7,16,30.4,69.6,Ownership Verification,24,1,0,1,2,0,0,1,1,4,0,86,2,0.286,54.9,24.3,1.13,0.75,4,310.87,1,65
LA200633,Maharashtra,Nagpur,Highway,Major Infrastructure,Normal,46.79,32,20,2,15,99.6,0.4,Award,24,0,0,1,2,0,1,0,0,1,0,114,1,0.247,51.5,37.3,0.96,0.89,6,183.1,1,44
LA201339,Karnataka,Tumakuru,Highway,Major Infrastructure,Normal,97.82,35,24,10,22,53.2,46.8,Objection,53,0,0,0,1,0,0,0,0,0,0,235,6,0.49,72.2,24.9,1.17,0.31,5,287.02,1,43
LA202128,Karnataka,Bengaluru Rural,Highway,Major Infrastructure,High,35.89,31,16,5,26,31.4,68.6,Possession,73,0,1,0,0,0,1,2,0,2,0,148,7,0.37,49.1,64.3,1.12,0.52,7,70.44,1,83
LA202603,Karnataka,Dharwad,Public Infrastructure,Development Project,High,201.87,23,12,11,14,97.1,2.9,Approval,13,1,1,0,2,0,1,1,0,1,0,86,9,0.457,60.4,35.3,0.98,0.76,4,633.57,1,56
LA201437,Odisha,Khordha,Highway,Major Infrastructure,Normal,45.59,26,19,3,25,58.4,41.6,Survey,27,0,0,0,3,0,0,3,0,1,0,180,10,0.197,,,0.93,0.85,6,122.29,1,37
LA200026,Odisha,Puri,Industrial,Development Project,Normal,19.54,31,18,1,20,69.1,30.9,Approval,46,0,1,1,3,0,1,1,1,4,0,198,11,0.259,47.9,27.4,1.02,0.63,2,52.68,1,89
LA202966,Andhra Pradesh,Visakhapatnam,Irrigation,Major Infrastructure,Normal,36.05,31,23,11,15,90.8,9.2,Survey,11,1,0,0,3,0,1,2,1,3,0,195,8,0.27,51.3,19.6,1.06,0.45,2,37.46,1,48
LA200220,Karnataka,Dharwad,Railway,Major Infrastructure,Normal,35.47,28,12,9,13,68.8,31.2,Approval,27,1,0,0,5,1,0,1,0,3,0,144,11,0.346,55.8,36.3,1.13,0.28,4,42.55,1,60
LA202819,Maharashtra,Pune,Industrial,Development Project,High,39.41,27,12,1,22,43.1,56.9,Objection,83,1,0,0,1,0,1,0,0,2,0,182,31,0.562,74.9,66.7,1.14,0.57,4,70.61,1,76
LA200277,Telangana,Hyderabad,Irrigation,Major Infrastructure,Normal,99.28,40,31,4,25,38.5,61.5,Approval,66,0,0,0,3,0,0,6,3,1,0,184,6,0.107,45.7,33.7,1.03,0.77,7,190.03,1,50
LA202158,Odisha,Cuttack,Public Infrastructure,Development Project,Normal,41.88,31,23,8,19,84.2,15.8,Survey,36,1,0,0,5,0,0,2,1,2,0,186,38,0.643,71.3,34,0.96,0.7,5,229.87,1,68
LA201481,Maharashtra,Nagpur,Highway,Major Infrastructure,Normal,57.7,28,15,4,12,38.3,61.7,Award,64,1,0,0,1,0,0,4,1,3,0,238,25,0.638,83,129.1,1.09,0.4,7,249.41,1,96
LA201236,Maharashtra,Pune,Industrial,Development Project,Normal,402.2,26,13,3,25,76.5,23.5,Compensation,62,1,0,0,0,1,0,3,3,1,0,163,4,0.303,43.8,37.7,0.98,0.9,6,387.28,1,68
LA201594,Maharashtra,Kolhapur,Highway,Major Infrastructure,Normal,47.8,31,11,3,14,44.2,55.8,Approval,38,1,0,0,5,1,0,3,1,0,1,133,5,0.671,95.6,33.4,1.1,0.69,3,177.98,1,70
LA201000,Karnataka,Tumakuru,Public Infrastructure,Development Project,Normal,46.48,26,20,7,15,93.8,6.2,Award,11,1,0,1,1,0,1,1,0,2,1,213,6,0.632,90.3,34.7,1.05,0.88,4,151.56,1,75
LA202141,Telangana,Nalgonda,Highway,Major Infrastructure,Critical,191.98,29,11,4,23,42.8,57.2,Notification,31,1,0,0,1,0,1,1,0,2,0,102,3,0.77,100.7,85.5,0.9,0.22,2,752.05,1,56
LA200362,Karnataka,Tumakuru,Public Infrastructure,Development Project,Normal,29.46,31,20,2,18,48.1,51.9,Award,29,0,1,0,1,0,0,3,1,0,0,96,15,0.571,69.3,60.9,1,0.27,2,78.08,1,49
LA201458,Telangana,Warangal,Highway,Major Infrastructure,High,33.97,30,15,1,26,65.4,34.6,Survey,26,0,0,0,1,1,0,1,0,0,0,185,2,0.603,90.2,67,1.05,0.92,4,83.46,1,40
LA201994,Odisha,Sambalpur,Highway,Major Infrastructure,Normal,86.6,32,24,3,27,99.2,0.8,Possession,58,1,1,0,4,0,1,1,0,2,0,168,19,0.629,84.2,36.5,1.06,0.59,4,148.95,1,91
LA201672,Andhra Pradesh,Tirupati,Industrial,Development Project,Normal,268.38,39,20,10,23,71.1,28.9,Notification,47,1,0,0,0,0,0,1,0,3,0,228,25,0.16,31.4,22.6,1,0.87,4,1067.97,1,57
LA202335,Maharashtra,Kolhapur,Public Infrastructure,Development Project,Normal,20.54,29,22,2,14,85,15,Possession,48,1,1,0,0,0,0,1,0,1,0,185,4,0.31,46.7,50.2,1.01,0.79,4,87.44,1,54
LA201651,Odisha,Ganjam,Industrial,Development Project,Normal,12.15,34,15,2,23,70.8,29.2,Notification,13,1,0,0,1,0,0,0,0,0,1,292,12,0.578,77.2,36.3,0.97,0.72,2,14.64,1,55
LA201836,Maharashtra,Kolhapur,Highway,Major Infrastructure,Normal,76.83,32,21,5,20,80.3,19.7,Award,22,1,0,1,2,0,0,2,1,3,0,144,19,0.308,40.4,18.4,0.94,0.35,4,270.27,1,62
LA201115,Telangana,Rangareddy,Public Infrastructure,Development Project,Normal,74.85,24,9,12,17,37.1,62.9,Ownership Verification,29,1,1,0,4,1,1,2,1,1,0,128,17,0.562,76.4,46.7,1,0.61,9,139.54,1,80
LA201847,Odisha,Puri,Highway,Major Infrastructure,High,79.7,31,18,3,17,96.8,3.2,Ownership Verification,19,1,0,0,1,0,0,5,3,0,0,223,25,0.357,62,15.2,1.03,0.44,4,240.49,1,56
LA201318,Telangana,Rangareddy,Railway,Major Infrastructure,Normal,106.43,24,9,11,11,81.4,18.6,Notification,18,1,1,0,2,0,1,2,1,2,0,230,10,0.33,50.9,66.8,0.94,0.57,4,267.17,1,58
LA202630,Karnataka,Dharwad,Highway,Major Infrastructure,Normal,27.35,20,8,9,12,85.3,14.7,Notification,45,1,0,1,0,0,0,1,0,1,0,155,24,0.409,53.1,33.7,0.93,0.89,4,111.43,1,59
LA200298,Maharashtra,Nagpur,Highway,Major Infrastructure,Critical,123.64,27,9,5,13,92.5,7.5,Survey,11,1,0,0,1,0,0,1,0,6,1,126,11,0.552,75.7,44.9,0.99,0.68,3,185.24,0,85
LA201314,Andhra Pradesh,Krishna,Railway,Major Infrastructure,High,46.72,23,13,8,13,99.4,0.6,Survey,24,1,0,0,1,1,1,4,3,0,0,162,15,0.232,48.4,53.2,0.96,0.52,5,171.51,1,67
LA200938,Andhra Pradesh,Tirupati,Railway,Major Infrastructure,High,226.65,26,12,5,11,77.1,22.9,Survey,8,1,0,1,3,1,1,2,2,2,0,114,15,0.317,43.9,25.6,0.94,0.67,2,766.35,1,77
LA200241,Telangana,Rangareddy,Highway,Major Infrastructure,High,162.36,29,19,6,13,47.8,52.2,Award,33,1,0,0,1,0,1,0,0,1,0,91,14,0.399,61.6,41.2,1.1,0.81,4,579.13,1,35
LA201433,Odisha,Sambalpur,Highway,Major Infrastructure,Normal,506.64,27,19,5,18,96.9,3.1,Award,65,1,0,0,2,0,1,1,0,3,0,274,16,0.599,88.8,52.3,0.93,0.64,3,1839.01,1,78
LA200583,Odisha,Ganjam,Highway,Major Infrastructure,Normal,69.93,39,30,9,21,35.3,64.7,Approval,34,1,0,0,2,0,0,1,0,2,0,168,9,0.074,45.3,42.3,0.97,0.58,5,263.82,1,33
LA202907,Karnataka,Bengaluru Rural,Irrigation,Major Infrastructure,Normal,29,29,13,4,17,43.3,56.7,Award,25,1,0,1,1,0,1,3,0,2,0,184,29,0.433,70.6,25.7,1.05,0.82,5,68.28,1,61
LA201955,Telangana,Hyderabad,Highway,Major Infrastructure,Critical,37.89,36,15,3,31,64.8,35.2,Ownership Verification,56,1,1,0,2,1,0,2,2,1,0,139,3,0.21,43.8,25.1,0.98,0.72,5,36.75,1,80
LA201335,Andhra Pradesh,Krishna,Irrigation,Major Infrastructure,Normal,56.58,24,15,5,17,85.2,14.8,Notification,68,1,0,1,7,0,0,4,2,2,0,130,3,0.448,68.6,43.2,1.12,0.78,3,156.74,1,66
LA201730,Telangana,Nalgonda,Highway,Major Infrastructure,Normal,31.39,24,16,1,15,67.7,32.3,Notification,23,1,0,1,4,0,0,2,1,2,0,133,8,0.208,34.6,11,0.96,0.68,4,64.51,1,52
LA201673,Telangana,Rangareddy,Highway,Major Infrastructure,High,45.68,32,13,12,20,40.3,59.7,Possession,23,0,0,0,1,0,0,1,0,1,0,112,13,0.668,94.4,57.6,1.08,0.5,5,171.91,0,37
LA200351,Maharashtra,Pune,Industrial,Development Project,Normal,105.34,30,11,8,19,55.5,44.5,Survey,3,1,0,0,1,0,0,3,1,4,1,123,11,0.124,36.3,17.9,0.97,0.63,8,198.43,1,77
LA202746,Odisha,Puri,Public Infrastructure,Development Project,Normal,48.12,34,15,9,23,42.3,57.7,Notification,7,1,0,1,2,1,0,1,1,1,0,118,5,0.51,77.2,50.6,1.09,0.67,2,124.73,1,61
LA201221,Andhra Pradesh,NTR,Railway,Major Infrastructure,High,37.33,,10,9,11,32.4,67.6,Approval,5,1,0,0,3,0,1,1,0,1,0,93,6,0.685,90.8,39.8,1.1,0.65,2,59.31,1,30
LA200350,Telangana,Rangareddy,Irrigation,Major Infrastructure,Normal,118.98,26,18,10,10,98.1,1.9,Compensation,23,1,0,1,2,1,0,,1,1,0,88,8,0.174,,24.9,1.12,0.62,2,112.49,1,67
LA201519,Andhra Pradesh,Krishna,Industrial,Development Project,Critical,94.77,37,23,7,24,52.9,47.1,Award,61,0,0,0,0,0,1,1,0,2,0,179,2,0.537,76.2,64.2,0.91,0.66,8,77.51,1,73
LA202548,Karnataka,Tumakuru,Railway,Major Infrastructure,Normal,136.28,,14,5,21,57.7,42.3,Survey,46,1,0,0,3,0,0,6,2,2,0,146,5,0.46,59.2,24.2,0.98,0.74,6,575.37,1,54
LA200644,Odisha,Cuttack,Irrigation,Major Infrastructure,Normal,62.11,36,28,5,21,67,33,Award,32,1,0,1,2,1,0,2,0,1,0,111,5,0.371,53.5,23.1,0.94,0.82,5,237.53,1,78
LA202836,Telangana,Rangareddy,Highway,Major Infrastructure,Normal,21.91,29,11,6,18,90.3,9.7,Approval,43,1,0,0,3,1,1,2,0,0,1,169,4,0.412,73.3,29.3,1.1,0.61,1,100.08,1,78
LA200945,Telangana,Rangareddy,Public Infrastructure,Development Project,High,129.89,36,16,7,13,44.8,55.2,Compensation,7,0,0,0,2,1,0,2,0,3,0,85,3,0.751,,39.8,1.16,0.5,4,484.47,0,51
LA201463,Odisha,Cuttack,Industrial,Development Project,Normal,,36,22,11,26,84.2,15.8,Ownership Verification,80,1,1,0,3,0,1,0,0,2,0,188,4,0.235,36,23.7,0.99,0.54,5,287.07,1,73
LA200658,Odisha,Puri,Public Infrastructure,Development Project,High,37.87,38,20,11,34,69,31,Ownership Verification,23,1,1,0,2,1,0,5,1,1,0,154,14,0.691,84.7,76.6,1.03,0.64,4,136.15,1,77
LA202703,Telangana,Warangal,Railway,Major Infrastructure,Normal,67.97,35,26,8,22,45.9,54.1,Ownership Verification,29,1,1,0,1,1,0,2,0,1,1,160,47,0.517,73.9,47.4,1.18,0.46,4,233.17,1,112
LA202894,Odisha,Khordha,Irrigation,Major Infrastructure,Normal,50.23,32,16,8,29,38.7,61.3,Survey,5,1,0,0,5,0,1,1,0,3,0,94,3,0.55,67.6,36.5,0.94,0.4,3,174.75,0,49
LA201237,Karnataka,Belagavi,Highway,Major Infrastructure,High,75.11,36,13,8,26,53.4,46.6,Compensation,16,1,0,0,2,1,0,2,1,1,1,251,32,0.297,59.5,29.7,1,0.69,3,130.17,1,83
LA202468,Karnataka,Mysuru,Highway,Major Infrastructure,Normal,72.04,32,24,8,23,73.2,26.8,Compensation,26,1,0,0,4,1,0,1,0,1,1,118,13,0.218,45,49.4,1.11,0.69,4,179.74,1,72
LA200648,Telangana,Rangareddy,Irrigation,Major Infrastructure,Normal,28.69,26,19,12,16,96.1,3.9,Survey,39,1,0,0,0,0,0,1,1,3,1,109,5,0.59,80.1,25,1.01,0.69,3,117.82,1,59
LA201126,Odisha,Puri,Irrigation,Major Infrastructure,High,28.03,28,15,10,23,45.7,54.3,Ownership Verification,15,1,1,0,3,1,1,1,1,3,0,177,31,0.755,101.2,89.3,0.97,0.83,10,60.57,1,109
LA201111,Karnataka,Mysuru,Irrigation,Major Infrastructure,High,35.6,35,13,11,24,62.4,37.6,Survey,67,0,1,0,1,1,0,2,2,4,1,137,19,0.447,83.1,27.5,1.12,0.59,5,44.28,1,111
LA202651,Karnataka,Bengaluru Rural,Highway,Major Infrastructure,Normal,87.46,27,15,6,9,92,8,Notification,24,1,0,0,3,0,1,3,1,3,0,154,20,0.328,43.5,59,1.01,0.66,8,195.71,1,71
LA201941,Andhra Pradesh,Tirupati,Highway,Major Infrastructure,Critical,96.76,28,10,4,21,40.8,59.2,Possession,34,1,1,0,4,0,0,4,3,1,0,135,8,0.233,34,37.9,1.07,0.7,4,319.43,1,63
LA200539,Andhra Pradesh,Tirupati,Highway,Major Infrastructure,Critical,90.47,41,30,12,23,80.8,19.2,Compensation,28,0,0,0,1,1,0,1,0,3,0,146,3,0.372,46.6,35,0.92,0.34,2,504.2,1,47
LA201049,Andhra Pradesh,Krishna,Industrial,Development Project,Normal,39.07,24,10,10,15,59.7,40.3,Possession,9,1,1,0,1,0,0,1,0,1,0,123,9,0.174,39.8,15.4,1.06,0.6,2,150.61,1,33
LA202984,Andhra Pradesh,Tirupati,Highway,Major Infrastructure,Normal,80.38,32,16,1,27,43.7,56.3,Survey,39,1,0,0,3,0,1,0,0,0,0,137,2,0.406,45.4,58,0.98,0.79,7,270.34,0,34
LA202376,Karnataka,Mysuru,Highway,Major Infrastructure,Critical,81.48,,11,3,18,33.6,66.4,Ownership Verification,14,1,1,1,3,0,1,1,1,2,0,91,20,0.335,59.4,32.5,1.13,0.64,2,159.13,0,72
LA202210,Telangana,Hyderabad,Public Infrastructure,Development Project,Critical,68.05,25,19,9,17,96.5,3.5,Award,31,1,0,0,2,0,0,2,1,3,0,167,14,0.363,67.6,67.1,0.99,0.79,5,336.5,1,54
LA202339,Andhra Pradesh,Tirupati,Irrigation,Major Infrastructure,Normal,75.76,28,13,10,22,83.2,16.8,Possession,50,1,0,0,0,0,0,0,0,1,0,188,17,0.38,68.8,75.7,0.96,0.86,4,69.85,0,49
LA202163,Karnataka,Belagavi,Highway,Major Infrastructure,High,76.13,26,11,11,18,83.3,16.7,Notification,94,1,1,0,1,0,0,3,2,3,0,202,2,0.603,89.1,37.6,1.04,0.8,1,109.67,1,79
LA200802,Karnataka,Dharwad,Irrigation,Major Infrastructure,Critical,177.91,21,9,9,21,33.6,66.4,Ownership Verification,57,0,1,0,3,0,1,2,1,3,0,138,6,0.216,37.7,,1.16,0.56,5,652.59,1,78
LA200787,Andhra Pradesh,Krishna,Irrigation,Major Infrastructure,Normal,95.92,38,25,2,22,91.5,8.5,Ownership Verification,17,1,0,0,1,1,0,5,0,2,0,107,17,0.364,62.5,22.5,1.11,0.72,7,153.89,1,59
LA202695,Andhra Pradesh,Krishna,Irrigation,Major Infrastructure,Critical,91.81,29,22,1,21,79.2,20.8,Approval,15,0,0,0,0,0,0,0,0,2,0,142,16,0.743,103.1,29.1,0.98,0.48,4,493.42,1,63
LA202041,Odisha,Sambalpur,Public Infrastructure,Development Project,Normal,130.62,30,16,10,21,34.4,65.6,Ownership Verification,6,1,0,0,2,0,0,0,0,2,0,137,3,0.74,91.7,47.9,0.95,0.48,6,335.35,1,30
LA200789,Karnataka,Tumakuru,Public Infrastructure,Development Project,Normal,66.53,27,18,8,15,77.7,22.3,Objection,50,1,0,0,3,0,0,3,1,2,0,188,30,0.353,47.4,31,0.95,0.39,6,219.15,1,74
LA202184,Odisha,Ganjam,Highway,Major Infrastructure,Normal,157.64,22,11,6,12,35.9,64.1,Approval,20,1,0,0,2,1,1,1,1,1,0,83,0,0.213,41.2,28.9,1.02,0.64,5,232.86,1,47
LA202469,Karnataka,Mysuru,Irrigation,Major Infrastructure,High,16.78,14,8,7,10,31,69,Objection,31,1,1,0,2,1,0,2,1,3,0,126,19,0.366,58.2,59.7,1.14,0.56,2,19.3,1,78
LA202014,Odisha,Cuttack,Industrial,Development Project,High,104.32,29,16,8,17,88.3,11.7,Possession,27,1,1,1,3,0,0,1,0,1,0,125,4,0.346,65.6,56.2,1.06,0.8,8,454.37,1,55
LA200715,Maharashtra,Kolhapur,Irrigation,Major Infrastructure,Normal,97.43,23,9,2,7,62,38,Objection,12,1,0,0,5,0,0,4,3,3,0,94,2,0.305,44.1,63.3,0.96,0.66,1,262.51,1,56
LA200804,Maharashtra,Kolhapur,Irrigation,Major Infrastructure,Normal,95.02,22,16,4,19,76,24,Award,19,1,1,0,3,0,0,2,0,0,0,92,14,0.477,61.5,44.4,0.9,0.46,6,198.25,1,55
LA202009,Karnataka,Belagavi,Public Infrastructure,Development Project,Critical,36.37,24,16,2,18,55.8,44.2,Notification,21,0,0,1,1,0,1,3,2,2,0,105,12,0.606,70.1,33.7,1.11,0.63,3,56.7,1,70
LA202762,Andhra Pradesh,Krishna,Highway,Major Infrastructure,High,33.95,30,15,3,14,39.6,60.4,Compensation,27,1,0,0,4,1,0,2,2,2,1,124,13,0.824,104.5,61.1,1.02,0.76,11,54.22,1,100
LA200124,Andhra Pradesh,Guntur,Industrial,Development Project,Normal,119.52,26,12,5,18,65.6,34.4,Possession,22,1,0,0,2,0,1,3,3,1,1,174,26,0.361,45.9,33.9,1.03,0.22,4,387.84,1,87
LA201809,Maharashtra,Nagpur,Industrial,Development Project,Normal,124.06,32,17,2,34,41.8,58.2,Compensation,87,1,0,0,1,1,0,0,0,3,0,246,9,0.607,84.4,38.6,1.18,0.45,2,598.84,1,71
LA202287,Telangana,Warangal,Public Infrastructure,Development Project,High,68.13,28,20,6,24,96.8,3.2,Objection,16,1,0,0,1,0,0,3,0,1,0,105,9,0.348,45.4,16.6,1.03,0.21,4,47.44,0,36
LA202148,Andhra Pradesh,Tirupati,Public Infrastructure,Development Project,Critical,148.29,27,15,3,19,86.6,13.4,Compensation,119,1,0,0,1,1,0,2,1,3,0,206,10,0.531,79.2,34.9,0.94,0.59,3,157.68,1,91
LA200619,Maharashtra,Aurangabad,Highway,Major Infrastructure,High,40.92,22,12,11,12,70.2,29.8,Survey,35,1,0,0,1,0,0,3,1,1,0,139,10,0.255,35.9,41.1,0.91,0.47,4,102.98,1,38
LA200407,Maharashtra,Pune,Irrigation,Major Infrastructure,High,81.98,27,12,9,12,91,9,Notification,20,1,0,1,1,0,0,1,1,3,0,206,8,0.723,89.4,,1.12,0.78,5,427.89,1,75
LA201158,Karnataka,Tumakuru,Railway,Major Infrastructure,Normal,77.22,30,12,7,18,71.9,28.1,Approval,50,1,1,1,2,0,1,1,0,0,0,149,6,0.414,69.2,60.3,1.07,0.76,3,,1,67
LA201069,Andhra Pradesh,Krishna,Highway,Major Infrastructure,Normal,66.95,39,26,7,23,51.7,48.3,Approval,24,1,1,0,4,1,0,2,0,3,0,206,13,0.272,58.2,29.7,0.89,0.65,2,171.81,1,69
LA201134,Telangana,Warangal,Railway,Major Infrastructure,High,42.64,26,9,12,17,90.4,9.6,Compensation,25,1,0,0,2,1,0,2,1,0,0,87,5,0.482,52.4,18.4,1.03,0.41,2,47.25,1,50
LA202906,Andhra Pradesh,Guntur,Highway,Major Infrastructure,Normal,48.25,27,16,6,18,71.1,28.9,Survey,62,0,0,0,5,0,0,4,4,5,0,198,6,0.579,82.8,18.6,0.95,0.58,3,132.33,1,79
LA200498,Odisha,Cuttack,Public Infrastructure,Development Project,Normal,59.94,34,13,2,28,72.9,27.1,Compensation,13,1,0,0,1,1,0,1,1,1,0,116,4,0.647,85.6,60.9,1.04,0.53,4,98.37,0,46
LA201062,Karnataka,Tumakuru,Highway,Major Infrastructure,High,105.36,30,19,7,19,96.2,3.8,Notification,29,1,1,0,5,0,0,2,1,4,0,113,8,0.235,35.9,15.9,0.96,0.56,7,149.95,1,52
LA200326,Maharashtra,Kolhapur,Public Infrastructure,Development Project,High,36.08,24,15,1,17,69.3,30.7,Notification,43,1,0,1,4,0,0,1,0,3,0,145,3,0.371,71.1,32.5,1.16,0.67,6,94.02,1,57
LA200343,Maharashtra,Nagpur,Industrial,Development Project,Normal,223.15,27,15,9,16,68.4,31.6,Possession,9,1,0,0,3,0,0,2,1,2,0,83,22,0.137,17.6,78.6,1.08,0.73,1,762.07,1,43
LA202357,Maharashtra,Nashik,Public Infrastructure,Development Project,High,117.54,47,34,9,35,80.5,19.5,Notification,17,1,0,0,4,1,0,2,0,1,0,131,9,0.466,67.1,40.4,0.97,0.57,5,595.43,0,52
LA202267,Andhra Pradesh,Visakhapatnam,Public Infrastructure,Development Project,Normal,75.73,37,25,8,32,30.2,69.8,Award,17,0,0,0,2,1,0,1,1,2,0,104,11,0.144,42.1,32.9,1.05,0.58,3,120.59,1,47
LA200783,Andhra Pradesh,Guntur,Highway,Major Infrastructure,High,73.96,43,16,5,37,92.3,7.7,Possession,72,1,0,0,4,0,0,3,0,2,0,164,15,0.468,,36.5,1.12,0.41,2,179.63,1,68
LA202368,Karnataka,Belagavi,Industrial,Development Project,Normal,31.15,26,14,8,15,57.9,42.1,Ownership Verification,31,1,0,0,5,0,0,2,0,3,0,257,3,0.708,97.9,37.7,0.99,0.91,5,145.06,1,59
LA200300,Odisha,Sambalpur,Railway,Major Infrastructure,Normal,33.81,36,28,10,28,69.9,30.1,Survey,41,1,0,0,3,0,0,2,1,3,1,160,6,0.383,57.5,43.2,1.06,0.62,4,104,1,70
LA201462,Karnataka,Tumakuru,Irrigation,Major Infrastructure,Normal,34.35,28,11,11,21,53.6,46.4,Approval,52,1,1,0,4,1,0,1,0,1,0,193,20,0.327,51.8,17.8,0.91,0.6,4,112.85,1,78
LA202374,Telangana,Warangal,Industrial,Development Project,Normal,32.77,29,20,5,19,44.3,55.7,Notification,35,1,1,1,2,0,0,1,1,1,0,191,0,0.669,77.6,98.3,1.02,0.47,7,27.78,1,65
LA200304,Karnataka,Bengaluru Rural,Public Infrastructure,Development Project,High,119.42,27,12,8,15,31.7,68.3,Approval,68,0,0,0,3,0,0,1,1,1,0,196,11,0.65,83.9,28.5,1.09,0.63,4,584.14,1,64
LA201238,Maharashtra,Pune,Highway,Major Infrastructure,High,78.99,35,19,2,35,34.4,65.6,Possession,8,0,0,0,3,1,0,4,1,4,0,123,5,0.25,45.9,36.3,0.98,0.51,9,51.75,0,52
LA202572,Maharashtra,Nagpur,Railway,Major Infrastructure,High,47.39,27,18,9,12,45.7,54.3,Compensation,7,1,0,0,0,1,0,1,1,3,0,252,11,0.381,61.7,43,1.14,0.74,4,153.34,1,55
LA201657,Odisha,Cuttack,Irrigation,Major Infrastructure,Normal,65.13,25,14,1,21,94.2,5.8,Compensation,60,1,0,0,3,1,0,4,0,1,0,310,42,0.565,71.3,46.1,1.17,0.81,4,92.09,1,100
LA200665,Telangana,Medchal-Malkajgiri,Irrigation,Major Infrastructure,Critical,57.76,29,16,6,21,45.6,54.4,Ownership Verification,37,1,0,0,2,0,0,2,1,1,0,127,7,0.501,67,49.3,0.89,0.68,2,277.83,0,41
LA201691,Andhra Pradesh,Guntur,Irrigation,Major Infrastructure,Normal,49.83,26,18,4,21,60.2,39.8,Ownership Verification,32,1,1,0,2,0,0,0,0,1,1,80,6,0.603,84.5,56.3,1.05,0.77,3,66.22,1,74
LA200221,Maharashtra,Nashik,Public Infrastructure,Development Project,High,58.8,32,19,6,20,71.5,28.5,Notification,9,1,1,0,2,1,0,1,0,4,0,99,5,0.179,45.7,47.2,1.09,0.63,7,222.12,0,50
LA201627,Odisha,Khordha,Irrigation,Major Infrastructure,High,72.96,23,9,4,11,98.7,1.3,Compensation,62,1,1,0,4,1,0,3,2,3,0,185,9,0.495,68.5,37.1,1.12,0.62,1,374.13,1,94
LA201189,Maharashtra,Kolhapur,Highway,Major Infrastructure,High,84.51,27,19,1,19,74.6,25.4,Compensation,25,0,0,0,1,0,0,2,1,3,0,298,44,0.876,99.7,61.3,1.05,0.66,6,290.22,1,79
LA201456,Maharashtra,Pune,Railway,Major Infrastructure,Normal,60.23,21,11,11,12,83.4,16.6,Possession,98,1,0,0,1,0,1,3,1,0,0,166,21,0.517,70.2,33.2,0.93,0.78,4,169.74,1,81
LA200450,Karnataka,Mysuru,Railway,Major Infrastructure,Critical,26.29,26,12,3,18,62.8,37.2,Possession,3,1,0,0,3,0,1,4,2,2,0,131,19,0.646,81.9,57.6,1.07,0.87,3,65.33,1,61
LA202003,Andhra Pradesh,NTR,Public Infrastructure,Development Project,Critical,126.56,31,20,12,20,45.9,54.1,Survey,18,0,1,1,6,0,0,0,0,1,0,175,29,0.464,68.7,25.3,0.89,0.84,3,91.49,1,76
LA202617,Odisha,Khordha,Railway,Major Infrastructure,High,103.33,33,23,5,17,56.9,43.1,Notification,25,1,0,1,2,0,0,2,1,2,0,112,7,0.359,53.9,68,0.98,0.81,1,175.44,1,54
LA200085,Odisha,Ganjam,Highway,Major Infrastructure,Normal,59.05,32,14,8,25,63.1,36.9,Notification,20,1,0,1,4,0,1,2,2,1,0,117,12,0.219,42.8,126.9,0.91,0.58,4,111.84,1,79
LA200942,Andhra Pradesh,Krishna,Industrial,Development Project,Normal,33.51,27,15,3,17,82.7,17.3,Ownership Verification,19,1,1,0,1,0,1,4,1,3,0,179,23,0.491,73.5,35.9,1.01,0.55,3,38.89,1,93
LA200962,Andhra Pradesh,Guntur,Public Infrastructure,Development Project,High,27.13,33,20,11,32,62.8,37.2,Ownership Verification,11,0,0,0,1,0,0,0,0,2,0,97,7,0.163,33.4,56.1,1.03,0.75,6,106.1,1,24
LA200842,Karnataka,Mysuru,Irrigation,Major Infrastructure,Critical,126.43,27,16,9,16,45,55,Ownership Verification,10,1,0,0,5,0,0,1,1,2,0,92,9,0.123,31.1,27.8,1.04,0.29,9,115.76,1,46
LA201327,Karnataka,Bengaluru Rural,Industrial,Development Project,Normal,193.06,35,26,3,40,37,63,Ownership Verification,103,1,0,0,1,1,0,2,0,2,0,305,4,0.673,102.1,53.6,0.9,0.79,5,605.96,1,72
LA202379,Karnataka,Mysuru,Highway,Major Infrastructure,Normal,68.08,31,20,3,29,67.8,32.2,Award,33,1,0,0,1,1,0,0,0,3,0,118,13,0.492,69.2,129.7,1.07,0.76,2,101.13,1,64
LA202431,Andhra Pradesh,Visakhapatnam,Irrigation,Major Infrastructure,High,80.62,27,9,7,22,46.3,53.7,Notification,62,1,0,1,6,1,0,2,0,1,0,139,10,0.551,77.3,44.7,0.93,0.33,7,348.85,1,67
LA201374,Andhra Pradesh,Tirupati,Industrial,Development Project,Critical,98.58,31,13,12,11,77.1,22.9,Approval,66,1,0,0,1,0,1,1,0,5,1,192,4,0.699,98.4,35.2,1.15,0.95,3,328.64,1,103
LA200291,Telangana,Warangal,Railway,Major Infrastructure,Normal,81.5,34,19,11,16,41.2,58.8,Notification,10,1,1,0,4,1,0,3,0,2,0,100,8,0.333,56.3,28.3,1.09,0.72,1,322.06,1,51
LA201868,Karnataka,Dharwad,Highway,Major Infrastructure,Normal,84.98,31,20,12,26,88.7,11.3,Award,55,1,0,0,5,0,0,3,1,2,0,186,11,0.245,46.4,24,1,0.65,2,167.35,1,53
LA201555,Karnataka,Dharwad,Irrigation,Major Infrastructure,Critical,54.56,14,10,8,6,81.5,18.5,Notification,17,0,0,1,3,0,0,1,0,5,0,129,15,0.293,34.6,32.1,0.94,0.71,4,48.97,1,60
LA200605,Maharashtra,Nagpur,Highway,Major Infrastructure,High,36.94,35,18,2,20,83.6,16.4,Approval,25,1,0,0,2,0,1,0,0,2,0,108,3,0.418,57.4,14.3,0.92,0.58,2,67.89,0,44
LA202033,Odisha,Cuttack,Railway,Major Infrastructure,Normal,105.44,35,18,12,15,97.8,2.2,Objection,21,0,0,0,8,0,0,3,1,2,0,124,9,0.382,51.7,33.3,1,0.78,6,170.52,0,47
LA200917,Karnataka,Bengaluru Rural,Highway,Major Infrastructure,Normal,82.59,28,14,9,20,45.4,54.6,Compensation,21,0,0,0,5,1,1,1,0,2,0,177,35,0.469,56.2,48.6,1.04,0.68,5,225.47,1,82
LA202633,Karnataka,Dharwad,Public Infrastructure,Development Project,Normal,105.24,32,18,4,13,53.4,46.6,Possession,10,1,0,0,1,0,0,3,3,1,0,127,10,0.27,54.7,37.1,0.89,0.47,3,454.78,0,40
LA202338,Odisha,Khordha,Railway,Major Infrastructure,High,74.88,34,20,11,24,40.7,59.3,Compensation,104,1,0,0,1,1,1,,0,3,0,177,23,0.359,57.9,29.9,1.1,0.49,4,135.84,1,108
LA202099,Andhra Pradesh,Guntur,Irrigation,Major Infrastructure,Normal,22.42,22,12,10,16,86.6,13.4,Ownership Verification,52,1,0,0,2,0,1,2,0,2,0,231,26,0.332,62.9,26.3,1.11,0.41,3,63.05,1,64
LA202438,Odisha,Cuttack,Highway,Major Infrastructure,Critical,183.43,42,25,1,33,70.9,29.1,Survey,3,1,0,0,3,1,0,1,0,2,0,181,19,0.609,78.2,30.1,1.13,0.47,3,166.38,0,57
LA200822,Maharashtra,Pune,Public Infrastructure,Development Project,Normal,20.33,33,14,10,17,79.7,20.3,Objection,33,1,0,0,3,1,1,1,1,0,0,133,35,0.617,82.9,48.6,1.09,0.9,6,32.82,1,87
LA202470,Karnataka,Tumakuru,Highway,Major Infrastructure,Normal,115.16,31,20,9,17,58.4,41.6,Objection,43,1,0,0,1,0,0,0,0,3,0,128,3,0.395,,61.6,1.01,0.77,3,437.04,0,54
LA201001,Karnataka,Bengaluru Rural,Industrial,Development Project,High,84.95,30,23,5,19,78.1,21.9,Award,17,1,0,0,2,0,0,1,0,3,0,101,30,0.336,62.3,28,1.11,0.71,6,184.12,1,49
LA201704,Andhra Pradesh,Visakhapatnam,Highway,Major Infrastructure,Normal,82.35,34,16,12,20,85.6,14.4,Ownership Verification,35,1,1,0,1,0,0,,0,0,0,199,2,0.498,70.5,48.3,0.92,0.61,3,171.95,1,44
LA200019,Karnataka,Belagavi,Public Infrastructure,Development Project,Normal,33.55,37,16,4,17,45,55,Notification,31,1,0,0,5,0,0,1,0,1,0,113,23,0.557,62.4,52,1.03,0.69,4,49.22,1,53
LA201778,Karnataka,Tumakuru,Irrigation,Major Infrastructure,High,134.94,29,22,10,23,74.6,25.4,Award,45,1,0,0,2,0,0,2,0,3,0,103,0,0.33,62,29.5,1.04,0.36,3,635.28,1,56
LA201209,Odisha,Puri,Railway,Major Infrastructure,Normal,64.93,32,14,7,22,57.6,42.4,Objection,47,1,0,0,1,0,0,7,4,1,0,174,12,0.484,56.4,37.6,1.03,0.84,0,232.04,1,77
LA202561,Telangana,Rangareddy,Highway,Major Infrastructure,Normal,53.72,27,13,11,13,39.5,60.5,Ownership Verification,16,1,1,0,1,0,0,2,1,2,0,99,6,0.365,54.5,29.1,0.88,0.48,3,44.66,1,42
LA201937,Telangana,Nalgonda,Public Infrastructure,Development Project,High,51.34,30,17,12,17,41,59,Award,3,1,0,0,1,0,0,2,2,0,0,122,12,0.357,40.9,33.2,1.05,0.51,2,166.86,0,49
LA201719,Andhra Pradesh,NTR,Industrial,Development Project,Normal,66.16,26,15,2,12,67.7,32.3,Award,19,1,0,0,2,0,0,2,0,2,0,135,12,0.258,34.7,22.1,1.09,0.42,0,87.26,1,33
LA201428,Karnataka,Bengaluru Rural,Highway,Major Infrastructure,Normal,83.97,24,16,2,19,36.5,63.5,Objection,66,1,0,0,4,1,0,0,0,2,0,189,23,0.656,85.6,27.2,0.94,0.77,4,195.35,1,71
LA202242,Telangana,Warangal,Irrigation,Major Infrastructure,Normal,90.34,25,19,7,19,85.9,14.1,Ownership Verification,35,0,1,0,0,0,0,1,0,3,0,126,9,0.1,39.7,19.8,0.98,0.77,3,61.92,1,52
LA202311,Andhra Pradesh,Visakhapatnam,Irrigation,Major Infrastructure,Normal,,34,19,2,24,78.3,21.7,Notification,100,1,0,1,2,0,0,2,1,3,0,193,12,0.559,73.7,31.4,0.97,0.43,4,107.04,1,77
LA201358,Andhra Pradesh,NTR,Industrial,Development Project,Normal,47.97,23,15,11,17,41,59,Approval,16,1,1,0,2,0,1,0,0,2,1,172,16,0.57,83.6,39.2,0.96,0.57,8,71.93,1,87
LA202058,Odisha,Sambalpur,Public Infrastructure,Development Project,Critical,84.43,35,14,9,32,72.2,27.8,Objection,26,1,0,0,3,0,0,4,1,3,0,212,4,0.625,83.8,32.5,1.14,0.37,3,220.43,1,46
LA200361,Telangana,Medchal-Malkajgiri,Public Infrastructure,Development Project,High,124.57,30,16,2,18,36.7,63.3,Survey,19,1,0,0,1,0,1,4,2,0,0,80,7,0.186,34.7,46.3,0.9,0.64,1,444.99,1,35
LA202271,Odisha,Sambalpur,Railway,Major Infrastructure,Normal,126.66,26,15,1,20,86.4,13.6,Possession,38,1,0,1,3,0,0,0,0,2,0,151,22,0.223,39.1,14.5,0.93,0.77,6,435.87,1,48
LA202085,Odisha,Ganjam,Irrigation,Major Infrastructure,High,124.18,31,18,12,10,54.6,45.4,Approval,22,1,0,0,2,0,0,3,2,1,0,126,21,0.558,85.8,48.5,0.97,0.66,5,425.44,1,60
LA201565,Maharashtra,Nagpur,Industrial,Development Project,Normal,73.11,41,27,5,26,59.1,40.9,Notification,105,0,1,0,3,0,0,4,1,3,0,255,8,0.543,67.3,39.3,0.97,0.65,5,294.68,1,85
LA200345,Karnataka,Dharwad,Irrigation,Major Infrastructure,Normal,137.45,44,33,1,29,41.4,58.6,Notification,14,1,1,1,2,0,0,3,1,4,1,118,25,0.4,,35.5,0.97,0.27,3,643.57,1,104
LA200987,Karnataka,Bengaluru Rural,Highway,Major Infrastructure,Normal,12.8,26,13,8,16,32.6,67.4,Possession,48,0,0,0,2,0,0,2,2,3,0,174,20,0.375,59.2,31.9,1.15,0.43,5,19.61,1,55
LA201261,Odisha,Cuttack,Highway,Major Infrastructure,Normal,9.37,31,11,7,22,44.7,55.3,Award,38,1,0,0,2,0,1,1,0,2,0,119,14,0.466,68.1,30.2,1.06,0.36,3,36.7,1,51
LA201714,Telangana,Warangal,Highway,Major Infrastructure,High,61.92,27,19,4,20,67.1,32.9,Award,16,1,0,0,4,0,1,2,0,4,0,150,28,0.287,54.6,58.4,1.06,0.62,4,63.39,1,54
LA201721,Karnataka,Dharwad,Highway,Major Infrastructure,Normal,135.06,33,12,5,9,78.2,21.8,Survey,2,1,1,0,2,0,0,0,0,3,1,83,15,0.161,28.1,24.2,1.06,0.69,2,498.87,1,65
LA202647,Andhra Pradesh,NTR,Railway,Major Infrastructure,Normal,61.27,31,16,2,19,35.6,64.4,Approval,17,0,0,0,1,0,1,4,1,2,0,150,5,0.546,88.2,77.2,1.03,0.47,4,161.14,1,56
LA202887,Telangana,Nalgonda,Railway,Major Infrastructure,Normal,49.25,27,19,8,17,68.1,31.9,Approval,24,1,0,0,3,0,1,1,0,2,0,88,3,0.242,44.3,35,1.17,0.37,6,256.93,1,54
LA201576,Andhra Pradesh,Tirupati,Highway,Major Infrastructure,High,78.05,35,24,8,20,61.8,38.2,Compensation,47,1,1,0,5,1,0,2,2,1,0,105,3,0.47,56.1,31.8,0.93,0.48,0,313.27,1,76
LA200086,Maharashtra,Pune,Highway,Major Infrastructure,Normal,61.22,34,23,2,23,94.7,5.3,Compensation,57,0,0,0,3,1,0,2,1,2,0,136,5,0.228,41.2,32.6,1,0.71,2,275.84,1,59
LA202064,Maharashtra,Nashik,Industrial,Development Project,High,77.62,27,15,4,17,36.9,63.1,Ownership Verification,14,1,1,0,3,0,0,1,1,1,0,94,18,0.467,60.7,59.3,1.1,0.56,4,279.63,1,51
LA200669,Odisha,Cuttack,Industrial,Development Project,High,58.4,29,19,12,16,49.4,50.6,Objection,29,1,0,0,4,1,0,3,1,2,0,129,9,0.166,30.3,47.2,1.12,0.8,3,155.04,1,71
LA201015,Maharashtra,Nashik,Highway,Major Infrastructure,High,210.47,26,13,3,22,31.2,68.8,Ownership Verification,42,1,0,0,2,1,0,0,0,4,0,178,5,0.524,,45.3,1.04,0.62,2,410.93,1,50
LA200129,Andhra Pradesh,Krishna,Irrigation,Major Infrastructure,Normal,133.38,26,15,10,14,71.3,28.7,Compensation,32,1,1,0,2,0,0,0,0,0,0,125,2,0.517,73.3,70.4,0.93,0.4,5,353.82,1,51
LA201874,Telangana,Nalgonda,Railway,Major Infrastructure,Normal,112.27,27,16,6,19,76.7,23.3,Survey,19,1,0,0,6,1,1,2,1,0,0,94,10,0.352,54.6,,1.05,0.81,6,547.05,1,61
LA201147,Andhra Pradesh,Krishna,Railway,Major Infrastructure,High,38.4,29,17,6,24,46.7,53.3,Approval,21,1,1,0,5,1,0,3,0,4,1,112,2,0.243,38.2,25.9,1.05,0.82,3,93.01,1,94
LA200892,Telangana,Nalgonda,Highway,Major Infrastructure,Normal,15.02,30,16,8,23,44.7,55.3,Award,55,1,0,0,2,0,0,0,0,5,0,260,3,0.666,90.5,33.7,0.9,0.71,3,85.68,1,60
LA202472,Maharashtra,Aurangabad,Railway,Major Infrastructure,Normal,127.11,26,17,3,17,45.2,54.8,Possession,50,1,0,0,2,0,0,0,0,0,0,200,2,0.275,46.7,24.6,1.04,0.91,5,429.42,1,23
LA200308,Telangana,Hyderabad,Railway,Major Infrastructure,Normal,52.31,26,20,10,16,50.9,49.1,Compensation,55,1,0,0,1,1,0,1,1,1,0,182,9,0.807,93,39.7,1.18,0.54,7,119.03,1,81
LA200384,Maharashtra,Kolhapur,Highway,Major Infrastructure,Normal,103.6,,18,2,22,86.3,13.7,Compensation,66,1,1,0,3,0,0,1,1,1,0,186,15,0.546,91.9,32.8,1.16,0.77,1,292.77,1,78
LA201834,Odisha,Cuttack,Industrial,Development Project,Normal,73.99,32,17,4,28,99.1,0.9,Notification,3,0,1,0,1,1,0,1,0,2,0,99,7,0.38,67,57.2,0.95,0.67,0,246.36,1,53
LA201128,Odisha,Ganjam,Irrigation,Major Infrastructure,High,52.05,26,9,6,11,38.1,61.9,Survey,25,1,0,0,1,1,0,0,0,3,0,84,3,0.472,74.2,62,1.17,0.81,2,249.2,1,55
LA200427,Andhra Pradesh,NTR,Highway,Major Infrastructure,Critical,46.99,38,20,11,22,40.2,59.8,Ownership Verification,5,1,1,0,2,0,0,2,1,0,0,89,7,0.089,19.7,38.4,0.96,0.67,3,118.18,1,35
LA200495,Telangana,Hyderabad,Irrigation,Major Infrastructure,Critical,34.07,35,16,11,22,63.2,36.8,Ownership Verification,30,1,0,0,1,1,1,0,0,3,0,103,14,0.387,59.4,52.8,0.91,0.65,5,105.22,1,81
LA201566,Odisha,Khordha,Highway,Major Infrastructure,Normal,86.62,32,17,8,16,52.8,47.2,Ownership Verification,19,1,1,0,3,1,0,0,0,4,1,92,2,0.393,60.7,19.4,0.93,0.73,3,78.61,1,82
LA202792,Andhra Pradesh,Krishna,Irrigation,Major Infrastructure,Critical,175.25,32,23,11,13,89.7,10.3,Survey,79,0,0,0,0,0,0,1,0,1,0,181,11,0.68,87.7,39.8,0.88,0.66,2,774.46,1,45
LA202612,Andhra Pradesh,Guntur,Public Infrastructure,Development Project,Critical,64.7,30,22,7,19,85.9,14.1,Objection,25,0,0,0,3,1,0,0,0,1,1,97,21,0.355,55.1,18.6,1.02,0.68,1,197.97,0,74
LA201252,Telangana,Hyderabad,Public Infrastructure,Development Project,Normal,65.39,27,14,9,11,51.6,48.4,Survey,16,1,0,0,3,1,0,3,2,2,0,189,21,0.334,56,34.3,1.01,0.44,6,75.09,0,68
LA201296,Odisha,Puri,Irrigation,Major Infrastructure,High,52.52,21,15,6,9,90.6,9.4,Survey,30,1,0,1,2,0,0,1,1,3,0,182,19,0.251,47.8,,1.04,0.62,5,205.67,1,56
LA200276,Telangana,Warangal,Railway,Major Infrastructure,High,54.91,33,17,3,23,98,2,Award,81,1,0,0,3,1,0,3,1,3,0,190,19,0.558,73.1,58.5,1,0.82,4,209.54,1,77
LA200490,Andhra Pradesh,NTR,Railway,Major Infrastructure,Normal,48.62,24,15,11,21,39.2,60.8,Survey,28,1,0,0,3,1,0,3,2,6,1,170,22,0.58,82.5,26.9,0.95,0.32,4,211.91,1,103
LA201958,Maharashtra,Aurangabad,Highway,Major Infrastructure,High,74.52,30,23,3,19,91.6,8.4,Objection,43,1,0,0,2,0,0,1,0,1,0,169,15,0.222,47.8,42,1.1,0.77,1,286.82,1,44
LA200691,Maharashtra,Kolhapur,Highway,Major Infrastructure,Normal,76.16,28,20,6,20,71.1,28.9,Approval,23,1,0,0,3,1,1,0,0,1,0,181,26,0.499,71.3,54.1,1.14,0.34,4,291.49,1,60
LA202052,Maharashtra,Nashik,Public Infrastructure,Development Project,Normal,34.85,34,20,2,29,48.2,51.8,Possession,42,1,0,0,2,1,0,4,0,3,0,157,11,0.397,54.1,51.8,0.93,0.44,6,99.99,0,69
LA202239,Telangana,Hyderabad,Highway,Major Infrastructure,Normal,85.73,26,19,8,19,43.5,56.5,Objection,26,1,1,0,2,0,1,1,1,4,0,141,21,0.611,71.8,54.1,0.97,0.81,4,344.17,1,80
LA201243,Telangana,Warangal,Irrigation,Major Infrastructure,High,55.42,29,13,7,22,96.5,3.5,Survey,19,1,0,0,3,1,1,4,0,0,0,165,16,0.643,84.8,42.2,1.09,0.8,6,84.23,0,63
LA202674,Karnataka,Mysuru,Industrial,Development Project,High,217.93,34,17,5,21,44.7,55.3,Compensation,84,1,0,0,3,1,0,1,0,2,0,278,21,0.414,61.4,32.5,0.98,0.83,4,498.08,1,84
LA202080,Andhra Pradesh,Tirupati,Railway,Major Infrastructure,Normal,85.51,33,13,8,27,70.9,29.1,Notification,47,1,1,0,1,0,0,1,0,2,0,99,5,0.263,40.4,30.1,1.11,0.6,4,247.08,1,54
LA201059,Telangana,Warangal,Industrial,Development Project,Normal,22.77,26,9,6,25,81.5,18.5,Award,33,0,0,1,4,0,0,2,0,2,0,122,13,0.36,53.5,35.1,1.14,0.34,7,44.41,1,58
LA200119,Karnataka,Tumakuru,Highway,Major Infrastructure,High,96.71,37,17,8,15,86.4,13.6,Ownership Verification,29,1,0,0,4,1,1,2,1,1,0,138,9,0.526,85.1,29,1.18,0.62,1,309.67,1,54
LA201996,Telangana,Nalgonda,Railway,Major Infrastructure,Normal,33.25,26,15,3,26,65.5,34.5,Survey,8,1,0,0,2,1,0,1,0,0,0,132,11,0.43,60.8,17.6,1.14,0.77,0,26.58,0,36
LA202286,Karnataka,Belagavi,Public Infrastructure,Development Project,High,99.77,37,16,5,24,90.9,9.1,Objection,24,1,0,0,1,0,1,0,0,3,0,167,2,0.37,67.8,34.4,1.15,0.32,1,202.08,1,48
LA200282,Telangana,Medchal-Malkajgiri,Public Infrastructure,Development Project,Normal,201,32,25,6,16,32.7,67.3,Possession,6,0,0,0,2,0,0,0,0,1,0,91,3,0.512,71.6,,0.99,0.65,6,523.19,0,21
LA202808,Maharashtra,Nashik,Irrigation,Major Infrastructure,Normal,71.07,38,19,12,23,84.4,15.6,Survey,56,1,1,0,2,1,0,4,3,3,0,160,4,0.117,7.9,56.8,1,0.71,8,167.7,0,73
LA202336,Andhra Pradesh,Krishna,Railway,Major Infrastructure,Critical,112.99,33,21,10,20,31.4,68.6,Compensation,20,1,0,0,0,0,1,1,0,0,0,132,9,0.263,40.5,33.9,1.16,0.76,2,226.69,0,36
LA202763,Odisha,Cuttack,Irrigation,Major Infrastructure,High,26.52,30,12,3,20,66.3,33.7,Award,46,1,0,0,3,0,0,7,2,0,0,154,18,0.522,89,,1.18,0.38,11,82.97,1,75
LA202946,Maharashtra,Nashik,Industrial,Development Project,Normal,26.22,26,18,2,16,33.5,66.5,Notification,46,1,1,1,1,0,0,5,1,1,0,109,4,0.692,79.6,49.2,1.04,0.42,5,94.9,1,74
LA201180,Maharashtra,Kolhapur,Highway,Major Infrastructure,Normal,128.64,29,14,5,22,56.9,43.1,Award,57,1,0,0,4,1,1,2,1,1,0,170,8,0.313,58,18.4,0.91,0.51,5,538.24,1,72
LA201603,Karnataka,Tumakuru,Railway,Major Infrastructure,Normal,96.84,29,14,1,17,95.4,4.6,Approval,9,0,0,0,2,0,0,2,1,4,0,69,11,0.415,73.5,25.3,1.11,0.48,5,228.64,0,54
LA202117,Andhra Pradesh,Tirupati,Highway,Major Infrastructure,High,26.74,31,13,12,24,36.8,63.2,Ownership Verification,24,1,0,0,1,1,0,4,2,2,0,75,2,0.787,110.9,38.3,1.08,0.9,2,101.42,1,65
LA200305,Andhra Pradesh,Krishna,Highway,Major Infrastructure,Normal,53.37,34,21,9,21,58.7,41.3,Compensation,26,1,1,0,6,0,0,0,0,1,0,163,15,0.602,86.4,38.3,1.07,0.58,2,161.05,1,54
LA201845,Andhra Pradesh,NTR,Highway,Major Infrastructure,Normal,67.96,33,20,11,24,44.4,55.6,Compensation,56,1,0,1,1,1,0,1,1,3,0,142,6,0.48,57.3,25.1,1.09,0.73,1,248.03,1,81
LA201357,Karnataka,Tumakuru,Industrial,Development Project,Normal,48.24,33,19,6,12,34,66,Possession,28,1,1,0,0,0,0,1,0,6,0,90,17,0.619,89.1,94,1,0.4,3,114.47,1,82
LA202437,Maharashtra,Nashik,Highway,Major Infrastructure,Normal,340.24,15,10,8,6,31,69,Approval,25,1,0,0,2,0,1,2,1,2,0,147,18,0.456,69.7,58.7,1.12,0.65,4,657.66,1,67
LA200576,Andhra Pradesh,Guntur,Public Infrastructure,Development Project,High,22.79,29,16,8,28,35.3,64.7,Award,14,1,0,0,1,0,1,1,1,1,0,118,16,0.342,55.6,29.5,0.93,0.71,6,58.29,1,49
LA201872,Karnataka,Belagavi,Highway,Major Infrastructure,Normal,274.48,28,18,8,11,59.8,40.2,Ownership Verification,31,0,0,0,1,1,0,1,1,1,0,159,40,0.542,69.4,40.1,1.01,0.44,1,587.45,1,84
LA202846,Maharashtra,Aurangabad,Highway,Major Infrastructure,Normal,65.22,27,18,12,18,42.8,57.2,Compensation,11,1,0,0,1,0,0,0,0,4,1,90,12,0.6,84.4,36.2,1.16,0.59,8,143.85,1,65
LA202624,Maharashtra,Kolhapur,Highway,Major Infrastructure,Normal,24.19,34,20,8,18,75.5,24.5,Objection,44,1,0,0,2,1,0,5,0,3,0,185,9,0.141,33.2,23.4,1.1,0.74,3,114.47,1,65
LA201418,Telangana,Nalgonda,Public Infrastructure,Development Project,High,67.83,26,12,9,15,65.3,34.7,Notification,38,1,0,0,0,1,0,1,0,6,1,147,23,0.554,75.1,81.4,0.93,0.56,4,142.59,1,97
LA201796,Telangana,Hyderabad,Irrigation,Major Infrastructure,Normal,61.66,29,10,11,14,59.5,40.5,Award,69,1,0,0,5,0,0,0,0,3,0,215,8,0.304,51.9,32.6,1.17,0.83,4,85.21,1,56
LA200844,Maharashtra,Aurangabad,Railway,Major Infrastructure,Normal,58.03,30,15,7,19,60.1,39.9,Objection,45,1,0,1,0,0,0,2,2,3,0,123,12,0.425,67.1,23.3,1.05,0.61,4,,1,70
LA202813,Maharashtra,Pune,Railway,Major Infrastructure,Normal,143.07,25,10,2,14,53.8,46.2,Survey,53,1,0,0,2,1,0,0,0,1,0,190,11,0.69,82.6,48,0.99,0.88,4,594.15,1,60
LA200270,Karnataka,Tumakuru,Public Infrastructure,Development Project,High,32.88,22,13,1,12,33.1,66.9,Notification,48,1,0,1,5,0,0,5,2,0,0,130,27,0.49,62.7,22,1.14,0.58,1,117.49,1,75
LA200630,Odisha,Khordha,Highway,Major Infrastructure,High,33.53,34,25,2,18,74,26,Compensation,17,1,0,0,2,1,0,1,1,2,0,166,8,0.442,70.9,39.8,1.07,0.57,2,,1,52
LA201034,Odisha,Cuttack,Highway,Major Infrastructure,Normal,61.25,26,12,6,18,58.8,41.2,Compensation,44,1,0,0,4,1,0,2,1,2,0,144,12,0.349,49.1,47.1,1.05,0.51,7,57.79,1,62
LA200287,Karnataka,Mysuru,Highway,Major Infrastructure,Critical,120.8,27,20,4,20,92.8,7.2,Notification,48,0,0,0,3,0,1,2,1,1,0,187,5,0.577,64.9,44.1,1.07,0.63,4,533.57,1,62
LA202212,Maharashtra,Aurangabad,Highway,Major Infrastructure,Normal,82.59,34,23,11,18,34.5,65.5,Objection,52,1,1,0,3,0,0,0,0,2,0,261,32,0.544,79.5,29.6,0.95,0.6,4,247.38,1,67
LA200301,Maharashtra,Kolhapur,Industrial,Development Project,High,48.06,22,16,12,16,57.5,42.5,Compensation,8,1,0,0,2,0,1,0,0,2,0,130,16,0.665,89.9,43.7,0.99,0.57,5,150.51,0,47
LA201511,Telangana,Warangal,Irrigation,Major Infrastructure,Normal,61.13,38,17,11,29,77.6,22.4,Ownership Verification,31,1,1,0,4,0,0,3,0,2,0,224,13,0.507,73,23.7,0.9,0.77,4,74.74,1,72
LA201812,Odisha,Puri,Irrigation,Major Infrastructure,Normal,32.49,35,25,9,21,45.4,54.6,Possession,113,0,0,0,2,0,0,2,0,1,1,219,0,0.114,27.7,15.3,1.06,0.27,2,64.3,1,66
LA200066,Odisha,Puri,Industrial,Development Project,Critical,90.66,32,12,9,16,30.2,69.8,Possession,12,0,0,0,2,0,0,3,2,1,0,125,26,0.577,77.2,40.4,0.9,0.48,0,90.67,1,64
LA202398,Odisha,Sambalpur,Irrigation,Major Infrastructure,Critical,70.27,29,13,3,30,46.2,53.8,Compensation,5,1,1,1,1,1,0,0,0,2,0,221,12,0.232,,36.4,0.99,0.77,7,152.22,1,70
LA200891,Telangana,Hyderabad,Public Infrastructure,Development Project,Normal,43.97,28,17,10,12,70.4,29.6,Notification,27,1,0,1,2,0,0,3,1,2,0,168,19,0.191,,26.8,0.98,0.64,5,98.72,1,59
LA201768,Andhra Pradesh,Guntur,Irrigation,Major Infrastructure,Normal,38.89,31,12,8,16,74.9,25.1,Objection,27,0,0,0,2,0,0,0,0,1,0,168,10,0.778,98.2,46.5,1.16,0.7,5,31.86,1,42
LA201732,Maharashtra,Nashik,Highway,Major Infrastructure,Normal,134.74,23,12,8,11,34.3,65.7,Notification,91,1,1,0,4,0,0,1,0,3,0,214,19,0.604,81.9,31.5,1.13,0.75,1,267.23,1,86
LA201377,Karnataka,Mysuru,Irrigation,Major Infrastructure,Normal,109.27,28,14,9,23,49.5,50.5,Possession,29,1,0,1,3,0,0,2,2,3,0,178,9,0.635,79,36,0.88,0.54,1,374.01,0,67
LA200231,Karnataka,Tumakuru,Highway,Major Infrastructure,Critical,171.01,25,18,4,15,66.9,33.1,Compensation,105,1,1,0,1,0,0,1,0,0,0,284,23,0.566,77.6,46.7,1.02,0.32,7,300.16,1,78
LA200504,Telangana,Rangareddy,Highway,Major Infrastructure,High,222.37,28,21,3,21,61.9,38.1,Survey,57,1,0,0,6,0,0,3,1,1,1,126,22,0.339,59.2,32.6,0.91,0.78,3,873.25,1,88
LA202460,Odisha,Sambalpur,Highway,Major Infrastructure,High,173.55,27,17,9,20,75.6,24.4,Compensation,45,0,0,0,5,1,0,0,0,4,0,232,19,0.139,21.5,29.8,1.15,0.88,4,373.36,0,56
LA201351,Andhra Pradesh,Guntur,Industrial,Development Project,High,24.25,30,11,11,17,32.9,67.1,Compensation,29,0,0,0,3,1,0,2,1,5,1,101,19,0.422,61.1,24,1.1,0.51,5,29.1,1,102
LA201445,Andhra Pradesh,Krishna,Highway,Major Infrastructure,Normal,120.03,17,9,10,13,38.1,61.9,Possession,27,1,1,0,3,1,0,1,1,3,0,115,10,0.708,88.3,80.9,0.93,0.51,5,343.69,1,84
LA202552,Andhra Pradesh,Visakhapatnam,Highway,Major Infrastructure,Normal,38.67,33,22,2,27,97.1,2.9,Notification,5,0,0,1,4,0,1,1,0,0,0,106,1,0.238,39.2,20.4,1.17,0.59,1,98.59,1,35
LA201005,Maharashtra,Kolhapur,Highway,Major Infrastructure,High,204.55,27,13,5,12,56.9,43.1,Notification,38,1,0,1,3,0,1,2,1,2,0,160,19,0.468,73.9,21.5,1.03,0.73,3,737.9,1,78
LA200837,Odisha,Cuttack,Irrigation,Major Infrastructure,High,166.98,25,15,4,16,71.5,28.5,Approval,28,0,0,0,3,0,1,1,1,5,0,157,5,0.599,93.1,60.8,0.99,0.69,5,550.41,1,79
LA201589,Andhra Pradesh,Guntur,Industrial,Development Project,Normal,55.14,31,15,11,19,89.9,10.1,Ownership Verification,35,1,1,0,1,1,1,4,1,1,0,101,10,0.282,43,34.9,0.93,0.83,5,46.39,1,75
LA200375,Telangana,Medchal-Malkajgiri,Industrial,Development Project,Normal,117.51,30,22,11,17,79.1,20.9,Award,34,0,0,1,2,0,1,4,3,1,0,190,40,0.277,41.3,14.8,1.17,0.24,5,439.39,1,101
LA201353,Telangana,Nalgonda,Highway,Major Infrastructure,Critical,53.3,22,13,10,14,74.2,25.8,Award,30,1,1,0,1,0,1,1,1,3,0,164,24,0.459,56.7,25.7,0.99,0.29,4,104.25,1,97
LA202111,Odisha,Sambalpur,Irrigation,Major Infrastructure,Normal,26.51,32,13,1,20,82.3,17.7,Possession,34,1,0,0,3,0,0,0,0,3,0,90,8,0.183,45.1,21.6,1.03,0.81,5,122.02,0,43
LA201787,Andhra Pradesh,Krishna,Highway,Major Infrastructure,High,21.29,33,12,11,22,32.9,67.1,Survey,55,1,0,1,4,1,0,1,1,2,0,203,6,0.348,50.9,19.1,1.14,0.38,5,49.57,1,68
LA201804,Odisha,Ganjam,Railway,Major Infrastructure,Normal,229.48,22,17,2,18,78.5,21.5,Approval,11,1,0,0,3,0,1,3,1,2,0,142,18,0.386,63.8,23.9,1.17,0.46,6,625.87,1,67
LA202072,Maharashtra,Pune,Industrial,Development Project,Critical,345.31,25,14,2,14,57.9,42.1,Approval,3,1,0,0,1,0,1,4,2,0,0,97,21,0.734,101.8,79.6,1.04,0.55,1,820.91,1,76
LA200752,Odisha,Sambalpur,Public Infrastructure,Development Project,High,77.4,,23,2,30,81.9,18.1,Possession,65,1,0,0,2,1,0,1,0,2,0,161,1,0.526,65,34,0.94,0.36,2,186.24,1,58
LA200100,Maharashtra,Nagpur,Railway,Major Infrastructure,Normal,299.83,38,24,8,31,38.8,61.2,Survey,31,1,0,0,0,0,0,0,0,1,0,164,12,0.486,61.1,42,0.96,0.25,5,615.44,0,41
LA201724,Odisha,Sambalpur,Public Infrastructure,Development Project,Normal,128.57,24,9,8,20,87.7,12.3,Ownership Verification,36,1,1,0,4,0,0,1,1,3,0,162,3,0.546,90.5,44.1,1,0.7,3,313.74,1,54
LA200867,Odisha,Sambalpur,Public Infrastructure,Development Project,Normal,110.51,43,22,7,22,64.4,35.6,Award,13,0,0,0,3,0,1,2,0,2,0,112,6,0.399,54.4,32.5,1.14,0.75,4,180.05,1,32
LA200911,Odisha,Ganjam,Irrigation,Major Infrastructure,Normal,110.15,21,16,5,14,72.4,27.6,Objection,56,1,0,0,4,0,0,2,0,2,0,152,21,0.358,65,49.1,1.1,0.83,3,370.21,0,69
LA202010,Andhra Pradesh,Visakhapatnam,Highway,Major Infrastructure,Normal,29.98,35,25,6,30,93.3,6.7,Notification,33,1,0,1,1,1,1,2,1,2,0,128,10,0.486,59.4,60.1,1.07,0.55,2,104.57,1,73
LA200530,Maharashtra,Kolhapur,Highway,Major Infrastructure,Normal,123.32,32,12,6,22,85.4,14.6,Approval,105,1,0,0,0,0,1,3,0,0,0,193,9,0.247,41.2,13.7,1.13,0.58,1,350.97,1,61
LA200637,Karnataka,Dharwad,Irrigation,Major Infrastructure,High,171.77,26,11,3,16,86.9,13.1,Objection,86,1,0,0,4,0,0,1,1,3,0,250,4,0.699,90.8,39.8,0.88,0.72,6,257.7,0,59
LA200186,Telangana,Rangareddy,Industrial,Development Project,High,55.01,37,21,5,16,84.3,15.7,Notification,83,1,0,0,2,0,0,1,0,3,0,138,2,0.473,70.5,16.1,1.07,0.75,3,46,1,59
LA201188,Andhra Pradesh,NTR,Industrial,Development Project,Normal,90.04,34,17,9,13,47.9,52.1,Possession,34,0,0,0,2,0,0,0,0,6,0,108,6,0.191,57,10.8,0.9,0.78,2,518.34,0,64
LA201972,Odisha,Ganjam,Public Infrastructure,Development Project,Normal,600.78,30,15,4,16,41.2,58.8,Approval,30,1,0,0,1,0,0,1,1,0,0,229,20,0.261,46.5,31.2,1.17,0.96,4,1200.23,1,51
LA200932,Karnataka,Mysuru,Railway,Major Infrastructure,High,67.91,28,19,5,18,78.3,21.7,Approval,11,0,0,0,2,0,1,2,1,0,0,120,35,0.15,36.7,13.5,1.17,0.58,5,245.94,1,51
LA201382,Odisha,Sambalpur,Public Infrastructure,Development Project,Normal,35.29,32,17,5,23,76.9,23.1,Notification,37,1,0,0,4,0,0,2,0,1,0,155,12,0.618,77,,1.02,0.25,2,52.02,1,46
LA202296,Telangana,Medchal-Malkajgiri,Public Infrastructure,Development Project,Normal,92.13,37,15,2,25,39.6,60.4,Possession,38,1,0,0,3,0,0,2,0,2,0,183,7,0.676,96.1,,1.11,0.72,4,240.6,0,44
LA202383,Telangana,Warangal,Highway,Major Infrastructure,Critical,123.1,42,19,3,29,55.2,44.8,Survey,25,1,0,0,3,1,0,0,0,4,1,124,26,0.529,73.6,91.5,1.18,0.57,5,250.51,1,97
LA202402,Telangana,Hyderabad,Irrigation,Major Infrastructure,Normal,63.79,27,20,7,21,90.1,9.9,Compensation,50,1,1,0,5,1,0,2,0,3,0,127,12,0.202,23.4,47.4,1.16,0.83,2,294.32,1,90
LA202000,Odisha,Khordha,Highway,Major Infrastructure,Normal,60.31,23,11,2,15,68.2,31.8,Possession,37,1,0,0,2,1,0,0,0,1,0,137,16,0.677,81.8,53.3,0.98,0.19,2,189.65,0,64
LA200608,Maharashtra,Pune,Highway,Major Infrastructure,Normal,102.13,32,18,12,18,60.2,39.8,Survey,9,1,0,0,1,0,0,2,0,0,0,127,6,0.183,41,61.9,1.04,0.37,3,530.84,0,9
LA202897,Telangana,Nalgonda,Highway,Major Infrastructure,Critical,68.92,24,12,8,14,60.2,39.8,Notification,26,1,0,1,4,0,0,0,0,1,1,112,12,0.355,58,55.2,0.91,0.79,1,226.45,0,46
LA200152,Andhra Pradesh,NTR,Highway,Major Infrastructure,Normal,42.75,30,14,4,16,47.2,52.8,Possession,29,1,0,0,1,0,0,2,1,1,0,147,2,0.299,41.4,30.9,1.01,0.69,1,,1,44
LA201284,Karnataka,Dharwad,Railway,Major Infrastructure,Normal,157.17,39,20,9,24,68.4,31.6,Compensation,37,1,0,0,6,0,0,1,0,3,0,130,4,0.665,98.8,32.3,1.11,0.31,2,103.07,1,59
LA202263,Karnataka,Dharwad,Public Infrastructure,Development Project,Normal,40.36,32,23,2,21,88.4,11.6,Compensation,36,1,0,1,1,0,0,0,0,2,0,122,9,0.217,49.7,,1.03,0.73,3,161.21,1,42
LA200732,Telangana,Rangareddy,Industrial,Development Project,Normal,45.28,30,13,10,19,50.2,49.8,Ownership Verification,73,0,0,0,1,0,1,2,1,3,0,133,20,0.302,49.1,25,1.11,0.84,4,179.13,1,80
LA201338,Telangana,Warangal,Irrigation,Major Infrastructure,Normal,35.44,28,10,1,13,81.3,18.7,Compensation,19,1,0,0,1,1,0,0,0,1,0,159,7,0.116,29.7,39.3,0.97,0.51,3,54.71,0,34
LA201599,Maharashtra,Pune,Public Infrastructure,Development Project,Critical,55.05,25,15,4,13,89.8,10.2,Notification,38,1,0,0,3,1,1,6,2,3,0,129,6,0.313,54.7,29.7,1.13,0.53,2,250.16,1,69
LA202841,Karnataka,Tumakuru,Highway,Major Infrastructure,Normal,62.27,26,13,7,18,86.4,13.6,Approval,46,1,0,0,2,1,0,2,2,4,1,165,5,0.389,60,23.2,0.95,0.64,5,120.47,1,88
LA200024,Maharashtra,Kolhapur,Irrigation,Major Infrastructure,Normal,37.99,33,25,8,10,59.8,40.2,Award,57,1,0,0,0,1,0,3,1,3,0,153,14,0.513,64.8,28.2,1.06,0.54,1,201.71,1,72
LA202858,Odisha,Khordha,Highway,Major Infrastructure,Critical,20.32,30,20,5,23,46,54,Compensation,12,1,0,0,3,1,0,2,1,1,0,169,2,0.031,25.6,30.9,0.99,0.44,3,81.36,0,45
LA200159,Maharashtra,Nagpur,Highway,Major Infrastructure,Normal,150.65,26,19,10,20,75.8,24.2,Notification,49,1,1,1,3,0,0,1,1,0,0,164,13,0.423,72.4,30.3,1.1,0.57,5,135.24,0,57
LA200862,Odisha,Cuttack,Industrial,Development Project,Normal,51.59,29,11,5,20,96.8,3.2,Compensation,73,0,0,1,1,1,0,1,1,2,0,161,7,0.461,70.8,49.8,1.12,0.76,4,95.09,1,88
LA200903,Telangana,Warangal,Industrial,Development Project,Normal,33.17,26,20,4,19,76.5,23.5,Notification,47,0,0,1,4,1,0,1,0,1,0,244,13,0.142,29.2,22.2,0.93,0.9,7,104.85,0,70
LA202656,Maharashtra,Nashik,Irrigation,Major Infrastructure,Normal,76.06,24,18,4,21,48.1,51.9,Award,38,1,0,0,2,0,1,5,3,1,0,135,2,0.512,69.4,22.7,1.04,0.87,3,206.4,0,69
LA202938,Telangana,Hyderabad,Highway,Major Infrastructure,Normal,108.32,31,19,2,25,44.4,55.6,Ownership Verification,66,1,1,1,2,1,0,1,0,1,1,190,18,0.091,32.1,22.8,0.96,0.49,2,210.41,1,90
LA200445,Telangana,Hyderabad,Highway,Major Infrastructure,High,18.73,33,14,1,20,54.1,45.9,Survey,44,1,0,0,4,0,0,3,1,3,0,116,1,0.335,51.5,21.2,1.02,0.82,5,81.53,0,53
LA202939,Karnataka,Bengaluru Rural,Industrial,Development Project,Critical,105.27,28,14,12,15,61.1,38.9,Approval,5,1,1,0,2,1,1,3,2,2,0,110,3,0.286,35.2,34,1.17,0.47,5,383.44,1,74
LA200755,Odisha,Puri,Industrial,Development Project,Normal,196.34,30,18,7,23,67,33,Survey,14,1,0,0,1,1,0,0,0,1,0,130,19,0.422,53.1,85.3,0.9,0.65,5,840.13,1,39
LA200924,Andhra Pradesh,Visakhapatnam,Railway,Major Infrastructure,Normal,30.03,30,11,11,19,88.9,11.1,Ownership Verification,28,0,1,0,2,0,0,4,1,4,0,96,6,0.385,53.9,26.4,1.09,0.51,2,88.42,1,62
LA202971,Telangana,Warangal,Public Infrastructure,Development Project,Normal,91.31,34,12,9,25,42.4,57.6,Approval,,1,0,0,2,1,0,1,0,0,0,149,17,0.256,41.4,59.9,0.91,0.76,3,319.59,1,49
LA202103,Andhra Pradesh,Visakhapatnam,Public Infrastructure,Development Project,Normal,81.26,30,19,9,25,44.4,55.6,Survey,24,1,1,0,3,0,0,3,1,4,0,92,13,0.443,66.6,44.7,0.92,0.59,6,192.51,1,73
LA200312,Telangana,Warangal,Railway,Major Infrastructure,Normal,150.29,23,12,10,14,96.7,3.3,Possession,49,1,0,0,0,1,0,0,0,6,1,222,8,0.253,47.6,22.6,1,0.78,5,146.97,1,87
LA200549,Maharashtra,Kolhapur,Irrigation,Major Infrastructure,Normal,35.44,35,15,7,24,35.8,64.2,Possession,5,1,1,0,1,0,1,3,1,0,0,86,9,0.633,90.3,26.8,0.88,0.33,5,82.85,1,69
LA201946,Odisha,Puri,Industrial,Development Project,Normal,73.87,23,11,7,13,93.8,6.2,Award,36,1,0,0,4,1,0,4,1,2,0,80,3,0.645,88,49.4,0.97,0.42,3,349.98,1,64
LA201457,Odisha,Sambalpur,Irrigation,Major Infrastructure,Normal,81.6,33,21,1,16,79.3,20.7,Ownership Verification,50,1,1,0,2,0,0,5,2,1,0,97,11,0.483,64.1,37.8,1.1,0.71,6,373.83,1,70
LA200307,Karnataka,Belagavi,Irrigation,Major Infrastructure,Normal,6.8,24,11,1,10,60.4,39.6,Compensation,128,0,0,0,1,1,0,1,0,2,0,245,11,0.36,67.8,34.2,0.96,0.88,2,7.6,1,87
LA200288,Telangana,Hyderabad,Irrigation,Major Infrastructure,Normal,24.93,31,17,1,23,61,39,Notification,69,1,0,1,0,0,1,2,0,2,0,173,15,0.237,47.5,16,1.04,0.73,1,90.92,0,72
LA200695,Andhra Pradesh,Visakhapatnam,Highway,Major Infrastructure,High,62.15,22,14,1,13,71.1,28.9,Compensation,22,1,1,1,4,1,1,1,0,1,0,187,7,0.547,75.9,44.7,1.12,0.89,6,187.71,1,76
LA200309,Andhra Pradesh,Tirupati,Industrial,Development Project,Normal,31.14,40,30,12,28,94.6,5.4,Award,30,0,1,0,2,0,0,2,1,4,1,156,16,0.38,73.6,39.3,0.94,0.8,3,26.38,1,91
LA202321,Maharashtra,Pune,Irrigation,Major Infrastructure,Normal,33.06,31,24,4,24,30.4,69.6,Compensation,50,1,0,0,0,0,0,2,1,3,0,118,5,0.783,114.3,67.9,1.17,0.81,1,60.31,1,48
LA200750,Odisha,Khordha,Industrial,Development Project,Normal,12.33,32,24,1,19,33.2,66.8,Approval,16,1,0,0,2,0,1,0,0,2,0,83,2,0.743,99.7,76.8,1.02,0.49,5,17.18,1,46
LA202816,Telangana,Medchal-Malkajgiri,Highway,Major Infrastructure,High,133.4,24,12,2,9,87.5,12.5,Approval,14,1,1,0,6,1,1,2,0,7,0,146,7,0.701,91.1,29,1,0.51,3,351.12,1,111
LA201240,Telangana,Nalgonda,Irrigation,Major Infrastructure,Critical,33.41,22,16,1,11,75.9,24.1,Objection,14,1,1,0,1,0,0,3,1,0,0,61,1,0.545,69,51.8,0.91,0.7,3,116.47,1,47
LA200909,Odisha,Puri,Industrial,Development Project,High,61.61,,11,6,19,82.2,17.8,Survey,53,1,0,0,3,0,0,3,1,4,0,111,11,0.601,80.1,63.7,1.14,0.75,4,67.58,1,65
LA201881,Maharashtra,Pune,Railway,Major Infrastructure,High,20.46,24,14,11,17,91.5,8.5,Survey,46,1,0,0,1,1,0,1,1,1,0,205,3,0.563,74.2,65.1,1.11,0.66,3,52.53,1,55
LA202381,Andhra Pradesh,Guntur,Railway,Major Infrastructure,Normal,71.32,53,35,10,35,89,11,Compensation,43,0,1,1,4,1,0,1,1,3,0,141,14,0.311,51.1,29,1.15,0.68,1,329.22,1,85
LA201407,Telangana,Medchal-Malkajgiri,Irrigation,Major Infrastructure,High,89.15,29,17,9,16,77.2,22.8,Ownership Verification,18,1,0,0,4,0,0,5,2,6,0,230,7,0.254,43.2,24,1.1,0.66,4,350.14,1,45
LA202495,Odisha,Khordha,Railway,Major Infrastructure,Normal,47.41,30,18,5,15,52.9,47.1,Survey,15,1,1,0,1,0,0,1,0,3,0,119,6,0.743,100.1,78,0.93,0.51,2,259.07,0,66
LA200971,Karnataka,Tumakuru,Public Infrastructure,Development Project,High,48.85,24,9,12,14,89,11,Award,65,1,0,0,3,0,0,1,1,2,0,111,11,0.451,54.4,46.2,1.14,0.68,4,162.29,1,54
LA200014,Karnataka,Mysuru,Highway,Major Infrastructure,Normal,62.36,29,15,4,16,39,61,Objection,52,1,0,1,3,0,1,2,0,2,0,158,3,0.58,72.3,39.3,1.14,0.84,2,107.46,1,60
LA200874,Karnataka,Tumakuru,Railway,Major Infrastructure,Normal,66.12,41,21,2,35,49.8,50.2,Award,23,1,0,0,4,1,1,1,0,2,0,110,8,0.41,64.2,25.6,1.03,0.81,8,166.38,1,54
LA200809,Karnataka,Bengaluru Rural,Railway,Major Infrastructure,High,67.84,23,14,10,16,79.7,20.3,Notification,26,1,0,0,2,0,0,3,1,2,0,183,13,0.452,73,35.5,1.01,0.83,8,150.85,1,48
LA202579,Odisha,Ganjam,Irrigation,Major Infrastructure,High,80.07,31,21,11,22,45.7,54.3,Notification,78,1,1,0,5,0,0,4,1,2,0,136,10,0.295,44.9,32.5,1.1,0.51,2,49.88,1,75
LA200515,Karnataka,Belagavi,Highway,Major Infrastructure,Normal,64.67,37,15,2,26,64,36,Notification,75,0,0,0,2,0,0,4,2,1,0,203,14,0.825,101.6,49.4,1.18,0.83,3,293,1,75
LA202414,Maharashtra,Pune,Public Infrastructure,Development Project,High,71.16,33,13,6,21,43.1,56.9,Compensation,29,1,0,0,3,0,1,0,0,3,0,123,8,0.096,39.7,52.2,0.92,0.91,3,196.44,1,46
LA200410,Maharashtra,Kolhapur,Public Infrastructure,Development Project,Normal,126.88,26,16,10,24,72.8,27.2,Ownership Verification,21,1,1,0,0,1,0,2,0,2,0,99,28,0.236,56.1,,0.96,0.57,4,382.25,1,65
LA202834,Odisha,Ganjam,Industrial,Development Project,High,48.01,29,19,1,15,42,58,Notification,14,0,0,0,2,0,0,2,0,1,0,152,4,0.379,64.2,46.7,1.16,0.81,2,197.98,1,21
LA202260,Odisha,Puri,Highway,Major Infrastructure,Critical,89.24,31,23,11,24,45.8,54.2,Approval,15,1,1,0,4,0,0,2,0,1,1,227,70,0.361,56.5,62.9,1.17,0.64,9,99.12,1,111
LA202824,Odisha,Sambalpur,Industrial,Development Project,High,70.43,39,26,6,17,45.6,54.4,Notification,20,1,0,1,1,0,0,4,2,2,0,140,19,0.696,95.8,66.4,0.97,0.39,4,185.57,0,82
LA201226,Telangana,Hyderabad,Highway,Major Infrastructure,High,105.64,32,22,11,13,43.6,56.4,Notification,50,1,1,1,1,0,1,4,2,3,0,176,6,0.363,55.3,22.5,1.07,0.57,2,171.64,1,94
LA201656,Karnataka,Dharwad,Public Infrastructure,Development Project,Normal,14.61,26,19,9,13,92.6,7.4,Objection,21,1,1,1,1,0,0,1,1,3,0,125,11,0.462,63.6,35,1.15,0.74,5,72.59,0,78
LA201611,Karnataka,Tumakuru,Highway,Major Infrastructure,Normal,166.93,34,22,2,15,47.9,52.1,Survey,49,0,0,1,5,0,0,1,0,1,0,221,32,0.359,51.1,53.8,1.12,0.64,2,722.27,0,57
LA200383,Telangana,Rangareddy,Highway,Major Infrastructure,Normal,17.03,36,13,9,20,31.5,68.5,Award,15,0,0,0,4,0,0,2,1,4,0,70,8,0.678,86.4,30.5,0.99,0.79,4,69.76,0,57
LA202107,Odisha,Puri,Irrigation,Major Infrastructure,Normal,47.67,32,19,1,21,33.2,66.8,Award,44,1,0,1,4,0,0,2,1,3,0,106,5,0.547,65.1,62.7,0.89,0.8,4,76.3,0,60
LA202188,Maharashtra,Kolhapur,Highway,Major Infrastructure,High,214.02,33,25,4,14,46.6,53.4,Compensation,44,1,0,0,4,0,0,0,0,0,0,134,13,0.407,67.5,60.2,0.98,0.5,2,250.56,0,50
LA201622,Karnataka,Dharwad,Railway,Major Infrastructure,Critical,41.28,32,14,11,20,99.3,0.7,Award,23,1,0,0,4,0,0,3,0,2,0,119,10,0.374,58.8,57.3,1.09,0.8,6,129.45,0,39
LA202832,Odisha,Cuttack,Highway,Major Infrastructure,Normal,67.05,40,20,12,21,79.4,20.6,Ownership Verification,24,1,1,1,2,0,0,1,0,0,0,141,6,0.538,70.2,32.3,0.93,0.58,2,187.66,1,51
LA200553,Maharashtra,Aurangabad,Public Infrastructure,Development Project,Normal,82.59,41,27,11,37,32.4,67.6,Approval,32,0,1,1,2,1,1,0,0,4,1,171,3,0.361,44.1,30.9,1.04,0.77,6,368,1,111
LA200223,Odisha,Cuttack,Highway,Major Infrastructure,Normal,78,37,19,7,18,31.8,68.2,Notification,22,1,0,1,2,0,0,0,0,0,0,193,6,0.227,38.4,21.4,1.05,0.33,7,82.75,0,40
LA201097,Odisha,Puri,Industrial,Development Project,Normal,36.6,32,17,7,29,97.4,2.6,Objection,29,1,1,0,0,1,1,2,1,4,0,173,20,0.505,69,76.4,1.07,0.93,3,99.41,1,88
LA202755,Maharashtra,Nashik,Highway,Major Infrastructure,High,146.8,22,10,6,20,99.5,0.5,Award,60,1,0,0,3,0,0,0,0,1,0,126,10,0.497,74.5,28.5,0.92,0.72,2,497.43,0,48
LA200009,Odisha,Ganjam,Public Infrastructure,Development Project,High,29.89,32,13,5,23,91.7,8.3,Notification,17,1,0,1,2,0,0,,1,2,0,143,62,0.357,47.5,49.9,0.91,0.61,3,26.18,1,88
LA201477,Andhra Pradesh,Tirupati,Railway,Major Infrastructure,Normal,36.18,33,21,7,31,77.7,22.3,Notification,14,1,0,0,3,0,0,0,0,2,0,103,14,0.443,65.7,22,1.05,0.61,2,166.42,0,37
LA200317,Odisha,Ganjam,Railway,Major Infrastructure,High,110.61,36,21,4,20,59.7,40.3,Ownership Verification,24,0,1,0,2,0,0,3,2,1,0,114,25,0.327,45.4,41,1.16,0.42,5,364.35,1,71
LA200428,Karnataka,Tumakuru,Irrigation,Major Infrastructure,Normal,81.98,37,23,11,32,40.1,59.9,Survey,16,1,1,0,3,1,1,1,0,3,0,127,8,0.462,73.7,40,1.02,0.22,2,164.55,1,73
LA201986,Telangana,Warangal,Public Infrastructure,Development Project,High,34.75,32,24,11,15,88.8,11.2,Ownership Verification,9,0,0,0,1,0,0,3,3,2,0,124,18,0.571,76.2,30.3,0.97,0.71,4,82.58,1,56
LA200106,Odisha,Khordha,Industrial,Development Project,High,189.55,35,26,12,32,69.1,30.9,Possession,65,1,1,0,3,0,1,1,1,0,0,166,4,0.278,47.8,38.6,1.03,0.22,5,740.69,1,71
LA202016,Karnataka,Mysuru,Highway,Major Infrastructure,High,163.83,33,15,6,20,54.7,45.3,Survey,45,0,1,0,2,1,0,3,1,2,0,142,33,0.241,46.7,56.7,1.1,0.42,6,535.79,1,77
LA200143,Telangana,Hyderabad,Highway,Major Infrastructure,High,155.67,34,22,7,14,66.3,33.7,Survey,2,1,0,1,3,1,1,2,1,3,0,91,33,0.28,53.4,40.9,0.97,0.39,6,617.79,1,85
LA200122,Karnataka,Dharwad,Public Infrastructure,Development Project,Normal,94.37,25,19,10,13,88,12,Award,98,1,0,0,0,1,1,2,0,1,0,253,19,0.172,37.4,57.8,0.99,0.97,4,322.87,1,81
LA202372,Odisha,Cuttack,Railway,Major Infrastructure,High,112.57,25,13,8,12,54,46,Survey,51,0,0,0,1,0,1,3,1,0,0,172,12,0.224,37.7,10,0.98,0.88,3,364.37,1,48
LA202866,Maharashtra,Pune,Irrigation,Major Infrastructure,High,43.95,37,24,11,21,95.2,4.8,Award,44,1,0,0,2,1,1,3,0,1,0,204,13,0.528,72.5,48.2,1.04,0.52,4,102.57,1,85
LA201190,Maharashtra,Kolhapur,Highway,Major Infrastructure,High,82.48,35,27,7,27,91.4,8.6,Ownership Verification,39,1,1,0,5,0,0,0,0,5,1,212,15,0.508,83.3,65.3,1.02,0.55,8,296.29,1,91
LA202962,Karnataka,Belagavi,Railway,Major Infrastructure,High,74.24,34,15,11,28,92.4,7.6,Compensation,41,0,0,0,1,0,0,4,1,0,0,151,14,0.173,35.5,58.9,1.14,0.5,4,252.83,0,44
LA202601,Odisha,Cuttack,Irrigation,Major Infrastructure,High,25.37,38,19,3,20,98.5,1.5,Objection,23,0,1,0,5,1,1,3,1,4,0,163,6,0.578,91.5,47.9,0.89,0.79,4,136.97,1,82
LA201658,Maharashtra,Aurangabad,Highway,Major Infrastructure,High,66.8,40,29,8,20,37,63,Award,3,1,0,0,3,0,1,2,0,6,1,126,18,0.712,89.7,61.8,0.94,0.45,2,,1,90
LA200116,Karnataka,Tumakuru,Public Infrastructure,Development Project,Critical,410.38,32,12,1,17,60.3,39.7,Survey,33,1,0,0,5,0,0,0,0,2,0,135,10,0.801,103,42.6,0.95,0.62,4,1215.21,1,54
LA201406,Odisha,Sambalpur,Public Infrastructure,Development Project,Normal,71.62,33,17,12,25,85.2,14.8,Award,66,1,0,0,6,1,0,2,1,3,0,209,4,0.377,67.6,24.8,1.17,0.85,7,244.82,1,64
LA201512,Maharashtra,Nashik,Highway,Major Infrastructure,High,184.6,34,22,1,19,85.4,14.6,Compensation,25,1,0,0,3,1,1,1,0,1,0,141,3,0.776,100.2,41.3,1.17,0.66,2,286.33,0,75
LA202493,Andhra Pradesh,Tirupati,Highway,Major Infrastructure,High,30.28,25,15,10,15,79.4,20.6,Ownership Verification,14,1,0,0,1,1,0,3,2,1,0,81,12,0.233,47.8,27.7,1.08,0.68,3,19.59,1,64
LA202798,Telangana,Rangareddy,Highway,Major Infrastructure,Normal,59.62,35,19,5,25,31.8,68.2,Objection,49,1,0,1,0,0,1,6,3,1,0,232,34,0.678,87,25.2,0.95,0.35,1,129.14,1,100
LA202949,Karnataka,Tumakuru,Public Infrastructure,Development Project,High,41.77,29,13,7,19,92.4,7.6,Compensation,19,1,1,1,2,1,1,0,0,2,0,122,29,0.319,53.9,23.3,1.07,0.67,4,35.01,1,91
LA201597,Karnataka,Belagavi,Public Infrastructure,Development Project,Normal,98.19,33,15,6,22,32.6,67.4,Possession,30,1,0,0,1,1,0,4,1,3,0,160,16,0.57,68.9,30.2,1.07,0.67,5,330.24,1,77
LA202890,Karnataka,Mysuru,Railway,Major Infrastructure,Normal,137.11,32,17,3,22,81.4,18.6,Compensation,36,1,0,0,2,1,1,2,0,0,0,160,5,0.294,36.5,44,1.02,0.47,4,244.08,1,53
LA200673,Telangana,Warangal,Public Infrastructure,Development Project,Normal,73.07,40,20,12,25,84.7,15.3,Notification,93,1,1,0,3,0,0,1,0,3,0,236,2,0.528,73.1,42.8,1.18,0.7,3,355.17,1,77
LA201432,Telangana,Medchal-Malkajgiri,Highway,Major Infrastructure,Normal,92.85,,14,5,22,52.1,47.9,Survey,11,1,1,0,0,0,0,2,2,1,0,110,10,0.627,76.3,25.9,1.08,0.53,2,496.15,0,49
LA202173,Maharashtra,Nagpur,Highway,Major Infrastructure,Normal,122.1,26,11,2,17,34.3,65.7,Award,33,1,0,0,4,1,0,1,1,0,0,142,6,0.359,60.3,46.6,1.03,0.64,6,261.12,1,51
LA200592,Maharashtra,Nagpur,Public Infrastructure,Development Project,Critical,177.58,46,30,1,29,44.3,55.7,Ownership Verification,35,0,0,0,2,0,1,1,0,3,0,170,45,0.609,79.3,19.3,0.99,0.86,5,631.93,1,91
LA201403,Karnataka,Dharwad,Industrial,Development Project,Critical,70.48,26,14,8,22,65.1,34.9,Notification,26,0,0,1,1,0,1,2,0,1,0,102,13,0.562,77.8,92.2,1.04,0.4,2,148.69,1,54
LA200889,Andhra Pradesh,Krishna,Industrial,Development Project,Normal,62.96,35,20,5,23,81.1,18.9,Compensation,25,1,0,0,1,1,0,2,1,3,0,163,9,0.054,33.4,28,1.11,0.76,2,303.58,1,51
LA201755,Telangana,Nalgonda,Highway,Major Infrastructure,Normal,29.85,31,19,9,23,81.1,18.9,Survey,30,1,0,0,3,0,1,1,0,1,0,208,6,0.453,66.7,26.3,0.94,0.43,3,96.86,1,40
LA201367,Karnataka,Tumakuru,Railway,Major Infrastructure,High,102.69,28,20,5,10,62.4,37.6,Possession,53,1,0,0,1,0,0,1,0,2,0,189,9,0.554,80.8,100.5,1.07,0.67,2,233.01,1,50
LA202397,Andhra Pradesh,Tirupati,Irrigation,Major Infrastructure,Critical,76.98,28,21,10,11,61.2,38.8,Ownership Verification,7,1,1,0,3,0,0,1,0,2,0,98,12,0.442,63.4,39.9,0.99,0.48,2,352.97,0,55
LA200214,Maharashtra,Nagpur,Highway,Major Infrastructure,High,93.01,38,21,7,18,78.7,21.3,Compensation,,1,0,0,3,0,0,3,0,2,0,152,27,0.561,77.5,36.3,0.92,0.35,3,,1,64
LA202008,Karnataka,Tumakuru,Highway,Major Infrastructure,Normal,14.77,37,16,1,20,67.3,32.7,Ownership Verification,47,1,1,0,3,0,0,1,0,3,1,114,2,0.649,93.5,51.1,1.04,0.33,6,84.79,1,85
LA202149,Karnataka,Mysuru,Industrial,Development Project,High,29.8,36,24,11,24,72.7,27.3,Approval,34,1,0,0,0,0,1,0,0,1,1,127,25,0.547,83.6,47.2,1.15,0.44,4,93.98,1,78
LA200801,Maharashtra,Nashik,Public Infrastructure,Development Project,High,33.33,28,15,7,21,80.7,19.3,Award,98,1,1,0,0,0,0,1,1,2,0,206,3,0.572,81.1,39.1,1.17,0.59,6,70.29,1,70
LA202481,Andhra Pradesh,Krishna,Highway,Major Infrastructure,Normal,70.94,30,22,10,20,93.2,6.8,Compensation,22,1,1,0,2,0,0,0,0,2,0,63,4,0.51,79.4,34.1,1,0.49,5,173.56,1,54
LA202440,Telangana,Hyderabad,Railway,Major Infrastructure,High,113.71,22,12,8,14,98.8,1.2,Award,26,0,0,0,0,0,0,1,1,0,0,279,8,0.437,69.3,23.5,1.05,0.78,4,79,1,36
LA202284,Maharashtra,Nagpur,Highway,Major Infrastructure,Normal,30.84,26,15,12,18,92.2,7.8,Award,93,1,0,0,1,1,0,4,2,1,1,195,5,0.244,40.7,,1.12,0.53,3,152.3,1,85
LA202663,Karnataka,Mysuru,Public Infrastructure,Development Project,Normal,74.15,27,18,8,15,91.9,8.1,Objection,23,1,1,1,3,0,0,1,0,1,0,127,21,0.485,75.5,30.1,1.08,0.55,5,217.84,1,64
LA202712,Maharashtra,Kolhapur,Irrigation,Major Infrastructure,Normal,76.61,28,12,6,12,78.8,21.2,Approval,38,1,0,1,4,0,1,4,3,2,0,163,12,0.309,60.6,17.2,0.88,0.17,4,342.19,0,71
LA200274,Odisha,Khordha,Highway,Major Infrastructure,High,124.22,35,20,2,23,97.4,2.6,Possession,16,1,0,0,1,0,0,1,0,2,0,133,21,0.437,68.9,26.3,1.07,0.81,5,511.26,1,46
LA200072,Odisha,Puri,Highway,Major Infrastructure,High,31.69,30,14,8,19,93.7,6.3,Ownership Verification,47,1,1,0,3,0,0,1,0,1,0,150,9,0.7,87.2,56.5,0.99,0.69,4,124.96,1,56
LA201790,Maharashtra,Kolhapur,Irrigation,Major Infrastructure,Normal,12.06,19,13,12,12,30.4,69.6,Possession,9,1,0,0,1,0,0,1,1,1,0,99,21,0.545,73.7,41.7,1.09,0.81,6,52.59,1,54
LA201088,Telangana,Hyderabad,Highway,Major Infrastructure,High,69.32,25,17,7,18,86.3,13.7,Possession,33,1,1,1,2,0,0,,0,2,0,111,5,0.349,50.3,28.2,0.99,0.44,7,215.34,1,66
LA200395,Maharashtra,Aurangabad,Public Infrastructure,Development Project,Critical,25.69,22,13,1,15,55.6,44.4,Ownership Verification,24,0,0,0,3,0,0,1,1,3,0,111,12,0.539,89.8,37.1,0.89,0.69,2,76.38,1,34
LA200584,Telangana,Rangareddy,Industrial,Development Project,High,46.04,35,17,10,24,59.6,40.4,Approval,42,1,0,1,1,0,1,4,1,0,1,187,21,0.231,40.7,35.5,0.99,0.78,2,73.9,1,88
LA202081,Karnataka,Mysuru,Railway,Major Infrastructure,Normal,55.96,33,14,8,16,53.6,46.4,Compensation,31,1,0,0,1,1,1,2,0,1,0,114,24,0.581,79.5,41.8,1.12,0.54,2,170.38,1,77
LA201981,Odisha,Puri,Industrial,Development Project,High,127.27,32,22,11,13,75.9,24.1,Compensation,30,1,0,0,1,0,0,3,3,4,1,217,26,0.486,63.9,42,1.16,0.8,5,93.1,1,88
LA200501,Maharashtra,Kolhapur,Highway,Major Infrastructure,Normal,91.23,25,9,12,22,40.1,59.9,Compensation,31,1,0,0,0,0,0,2,2,1,0,160,16,0.483,66.6,20.9,1.08,0.49,4,321.04,1,50
LA202015,Maharashtra,Aurangabad,Industrial,Development Project,Normal,61.59,32,18,3,23,85.1,14.9,Objection,32,1,0,0,4,0,1,3,0,0,0,151,6,0.48,65.2,47.9,1.09,0.75,6,303.1,1,45
LA202224,Odisha,Cuttack,Public Infrastructure,Development Project,Normal,68.9,37,18,4,20,94.2,5.8,Possession,16,1,0,0,2,0,0,2,1,1,0,144,8,0.422,61.5,42.3,1.08,0.58,1,94.87,0,53
LA202980,Telangana,Hyderabad,Irrigation,Major Infrastructure,Normal,31.71,,16,8,9,73.9,26.1,Ownership Verification,47,0,1,1,2,1,0,2,0,1,0,110,2,0.2,40.1,30.9,0.95,0.59,1,98.73,1,65
LA202741,Odisha,Cuttack,Industrial,Development Project,High,63.88,28,12,10,21,81.3,18.7,Possession,3,1,0,0,1,0,0,1,1,0,0,99,13,0.313,55.7,64.9,0.94,0.52,5,50.31,1,29
LA202319,Andhra Pradesh,NTR,Irrigation,Major Infrastructure,Normal,20.97,30,16,6,14,74.7,25.3,Objection,17,1,1,0,3,0,0,2,2,3,0,82,11,0.374,65.3,34.2,1.13,0.39,4,68.55,1,64
LA201260,Odisha,Sambalpur,Public Infrastructure,Development Project,Normal,41.84,22,9,11,12,44.6,55.4,Notification,16,1,0,1,2,0,1,1,0,1,0,132,12,0.371,50.1,,0.97,0.4,4,166.15,1,55
LA201743,Maharashtra,Nagpur,Irrigation,Major Infrastructure,Normal,108.54,24,11,9,24,37.9,62.1,Compensation,28,0,0,0,5,1,0,3,0,1,0,118,16,0.361,64,34.4,0.91,0.46,2,171.81,0,65
LA200206,Andhra Pradesh,Tirupati,Highway,Major Infrastructure,Normal,113.3,40,17,1,24,41,59,Compensation,11,1,0,0,3,1,0,3,2,1,0,120,11,0.112,29.7,34.1,1.08,0.44,4,117.34,1,48
LA200734,Odisha,Ganjam,Public Infrastructure,Development Project,Critical,28.51,31,17,7,29,51.3,48.7,Compensation,14,1,0,0,1,0,0,2,1,3,0,127,4,0.115,27,20.5,0.95,0.61,2,96.95,0,43
LA202503,Karnataka,Belagavi,Irrigation,Major Infrastructure,Normal,123.49,24,19,8,17,76.9,23.1,Objection,4,1,0,0,1,0,0,1,0,3,0,107,4,0.258,38.2,67.2,0.95,0.67,2,362.26,1,33
LA200527,Andhra Pradesh,Tirupati,Highway,Major Infrastructure,Normal,79.48,24,18,7,17,45.4,54.6,Objection,15,0,1,0,3,0,0,2,0,3,0,74,15,0.69,94.9,56.2,1.11,0.64,5,281.81,0,75
LA201376,Karnataka,Mysuru,Industrial,Development Project,Normal,122.47,31,11,5,15,59.7,40.3,Notification,8,0,1,0,0,0,1,4,2,1,0,106,11,0.091,24.2,14.9,0.93,0.62,6,225.17,1,58
LA200899,Maharashtra,Nagpur,Irrigation,Major Infrastructure,Critical,29.18,26,20,11,22,34.2,65.8,Award,8,0,0,0,3,1,0,1,0,1,0,132,23,0.715,87.3,32.6,0.97,0.71,4,57.93,1,55
LA200378,Karnataka,Belagavi,Public Infrastructure,Development Project,High,82.73,37,20,10,28,49,51,Possession,62,1,0,0,3,0,0,3,1,1,0,178,10,0.656,83.3,33,1.11,0.64,3,290.02,1,75
LA201727,Telangana,Warangal,Highway,Major Infrastructure,Normal,146.41,29,17,5,14,39.8,60.2,Notification,66,0,0,1,4,1,0,2,0,1,0,155,14,0.356,51.6,96.7,1.08,0.4,5,643.49,1,62
LA202683,Odisha,Sambalpur,Highway,Major Infrastructure,Normal,14.98,29,20,11,19,81.9,18.1,Award,7,0,1,0,8,0,0,1,0,0,0,337,10,0.119,32.3,22.8,1.18,0.34,3,20.25,1,26
LA202723,Karnataka,Dharwad,Public Infrastructure,Development Project,Normal,49.31,40,30,9,31,98.4,1.6,Possession,50,1,1,1,6,0,0,6,3,1,0,224,10,0.38,50.7,32.3,1.15,0.55,3,208.32,1,82
LA200387,Telangana,Medchal-Malkajgiri,Irrigation,Major Infrastructure,High,46.88,17,7,1,7,87.8,12.2,Ownership Verification,6,1,0,0,3,0,0,4,3,2,0,85,2,0.344,61.7,35.3,1.04,0.68,3,84.36,1,45
LA200199,Maharashtra,Aurangabad,Public Infrastructure,Development Project,Normal,49.13,29,13,4,12,69.2,30.8,Survey,19,0,0,0,3,0,0,2,0,1,0,104,12,0.42,65.9,24.8,0.97,0.55,3,132.59,1,35
LA201051,Karnataka,Tumakuru,Highway,Major Infrastructure,Critical,74.75,36,15,6,22,51.2,48.8,Award,7,0,0,0,1,1,0,3,0,2,0,167,22,0.456,62.6,26.1,1.09,0.86,7,122.79,1,71
LA200591,Andhra Pradesh,NTR,Railway,Major Infrastructure,Critical,224.75,27,12,12,22,85.9,14.1,Survey,58,1,1,0,3,1,0,0,0,1,0,140,23,0.391,55.9,18,1.09,0.81,5,914.72,1,68
LA200520,Andhra Pradesh,Visakhapatnam,Public Infrastructure,Development Project,Normal,64.27,19,10,5,13,96.2,3.8,Compensation,78,0,0,0,3,0,0,1,0,3,0,223,1,0.573,83.2,21.7,0.95,0.37,7,154.68,1,56
LA202951,Karnataka,Belagavi,Railway,Major Infrastructure,High,60.45,34,13,9,17,76.1,23.9,Approval,119,1,0,0,3,0,0,0,0,5,0,176,14,0.599,86,48.3,0.91,0.71,1,182.11,1,82
LA200430,Telangana,Warangal,Irrigation,Major Infrastructure,Normal,49.46,40,21,1,16,74.4,25.6,Ownership Verification,22,0,1,0,2,0,0,1,0,2,0,152,29,0.262,43.2,13.5,1.15,0.62,2,254.1,1,61
LA201084,Maharashtra,Aurangabad,Highway,Major Infrastructure,Normal,53.01,27,20,7,18,58.9,41.1,Compensation,20,1,1,0,4,0,1,3,1,4,0,182,2,0.402,59.5,29.9,0.98,0.63,3,247.6,1,72
LA200208,Andhra Pradesh,NTR,Industrial,Development Project,Normal,212.29,29,21,12,22,53.4,46.6,Award,3,1,0,0,3,0,0,0,0,2,0,53,3,0.477,75.8,33.3,1.16,0.85,3,276.51,1,21
LA200492,Maharashtra,Nagpur,Industrial,Development Project,Normal,95.41,22,10,11,11,97.1,2.9,Notification,41,1,0,1,0,1,0,2,2,2,0,170,9,0.281,54.2,31.1,1.12,0.52,4,347.43,1,60
LA201610,Telangana,Rangareddy,Industrial,Development Project,Critical,28.92,28,19,5,24,64.6,35.4,Objection,30,1,1,1,1,0,1,3,1,4,0,78,7,0.186,36.1,73.2,0.91,0.92,5,68.73,1,75
LA202913,Odisha,Puri,Public Infrastructure,Development Project,Normal,187.05,29,21,11,21,61.6,38.4,Compensation,18,0,0,1,3,1,0,4,2,2,0,103,13,0.301,49.9,25.7,0.96,0.61,5,768.45,1,72
LA200793,Maharashtra,Nagpur,Industrial,Development Project,Critical,64.75,25,12,6,17,85.6,14.4,Compensation,17,0,0,0,3,1,0,3,2,0,0,112,12,0.251,40.3,53.6,1.16,0.75,6,288.07,1,57
LA202020,Andhra Pradesh,Guntur,Highway,Major Infrastructure,Critical,56.59,25,14,8,12,58.6,41.4,Notification,43,1,0,0,1,1,0,0,0,2,0,99,10,0.511,79.8,42.1,0.95,0.53,2,246.76,1,62
LA201187,Telangana,Medchal-Malkajgiri,Highway,Major Infrastructure,Critical,49.76,19,7,8,16,94.6,5.4,Objection,107,1,0,0,3,0,0,2,2,2,0,204,8,0.213,29.8,31.9,1.06,0.76,2,193.36,1,59
LA201186,Maharashtra,Kolhapur,Industrial,Development Project,High,387.9,36,20,8,24,98.8,1.2,Survey,10,1,1,0,1,0,0,,1,1,0,175,9,0.419,63.7,47.5,0.97,0.32,6,1473.04,1,60
LA202182,Maharashtra,Pune,Highway,Major Infrastructure,High,30.91,32,23,12,23,68.3,31.7,Objection,42,1,0,0,2,0,0,4,3,3,0,133,13,0.539,78.4,24.9,1,0.62,4,21.86,1,70
LA201341,Maharashtra,Aurangabad,Highway,Major Infrastructure,Critical,26.67,27,20,12,15,90.2,9.8,Notification,19,1,0,0,2,0,0,2,0,0,0,144,35,0.326,57.7,44,1.02,0.77,5,64.6,1,48
LA202233,Karnataka,Tumakuru,Railway,Major Infrastructure,Critical,64.93,33,13,5,29,37.1,62.9,Approval,6,1,0,0,4,0,0,3,2,1,0,124,12,0.432,67.2,34.5,1.06,0.53,5,75.04,1,42
LA200084,Odisha,Sambalpur,Industrial,Development Project,Normal,24.65,27,15,7,15,99.3,0.7,Objection,63,1,1,0,3,0,1,0,0,1,0,258,15,0.433,68,46.6,1.09,0.83,10,70.86,1,65
LA202370,Karnataka,Bengaluru Rural,Irrigation,Major Infrastructure,Normal,135.9,38,27,2,20,92.2,7.8,Compensation,12,1,0,0,6,0,0,2,1,3,0,157,30,0.334,61.6,35.9,1.14,0.86,4,383.98,1,53
LA202227,Karnataka,Belagavi,Highway,Major Infrastructure,High,,36,16,9,18,38.7,61.3,Notification,28,1,0,1,5,1,0,0,0,3,0,105,2,0.494,61.4,40.4,1.15,0.53,4,354.43,1,50
LA200021,Odisha,Sambalpur,Irrigation,Major Infrastructure,Normal,40.74,31,17,7,19,63.1,36.9,Compensation,44,1,0,0,1,0,0,1,0,1,0,133,13,0.265,,25.5,1.14,0.85,2,100.69,1,51
LA201379,Telangana,Medchal-Malkajgiri,Industrial,Development Project,Normal,100.71,31,19,4,15,75.7,24.3,Notification,26,1,0,0,3,0,0,0,0,5,0,134,4,0.319,55.2,48,0.95,0.52,4,376.68,1,54
LA201559,Maharashtra,Nashik,Railway,Major Infrastructure,Normal,71.97,28,11,7,21,57.7,42.3,Notification,8,1,1,1,0,0,0,6,1,2,0,89,8,0.302,52.2,27.4,1.06,0.96,2,196.32,1,70
LA201939,Andhra Pradesh,Visakhapatnam,Highway,Major Infrastructure,Critical,84.24,42,28,2,19,68,32,Award,44,1,0,0,4,0,0,2,1,3,0,172,0,0.32,51.1,22.6,1.15,0.3,7,267.34,1,42
LA202838,Karnataka,Tumakuru,Irrigation,Major Infrastructure,Normal,329.63,33,23,8,26,98.1,1.9,Objection,22,1,0,0,0,1,1,1,0,1,0,133,1,0.402,61.4,41.2,0.89,0.72,4,457.14,1,57
LA201938,Telangana,Warangal,Public Infrastructure,Development Project,High,95.31,35,24,11,18,40.3,59.7,Ownership Verification,17,1,0,0,1,0,0,2,1,0,0,127,21,0.314,38.4,76.1,1.09,0.33,3,242.06,0,34
LA200974,Maharashtra,Nashik,Irrigation,Major Infrastructure,Normal,109.33,31,14,11,19,69.6,30.4,Possession,35,1,0,1,3,1,1,3,1,1,0,187,41,0.338,59.2,32.8,1.12,0.81,2,106.42,1,92
LA202790,Andhra Pradesh,Tirupati,Irrigation,Major Infrastructure,High,89.4,32,12,3,17,91.7,8.3,Compensation,150,1,0,0,2,1,0,2,0,0,1,317,16,0.276,,32.4,0.96,0.9,2,308.12,1,92
LA200884,Telangana,Warangal,Public Infrastructure,Development Project,Normal,65.14,27,10,9,19,31.1,68.9,Ownership Verification,16,0,1,0,0,0,0,4,1,0,0,139,15,0.475,65.8,61,1.16,0.72,3,204.97,1,47
LA201099,Andhra Pradesh,Guntur,Public Infrastructure,Development Project,Critical,69.61,37,28,9,28,30.4,69.6,Compensation,58,1,0,1,5,0,0,3,0,1,0,129,18,0.19,41,130,1.02,0.87,2,115.6,1,68
LA200157,Telangana,Hyderabad,Railway,Major Infrastructure,Normal,124.93,32,18,6,21,37.9,62.1,Ownership Verification,50,1,1,0,1,0,1,2,1,1,0,154,12,0.74,96.8,61.1,1.07,0.63,2,508.3,1,95
LA202277,Odisha,Khordha,Industrial,Development Project,High,49.5,22,12,4,15,78.5,21.5,Ownership Verification,23,1,1,0,0,0,0,,1,4,1,190,18,0.236,43.6,29.6,1.18,0.62,2,84.56,1,88
LA200887,Odisha,Cuttack,Public Infrastructure,Development Project,High,14.67,24,18,5,16,71.9,28.1,Compensation,15,1,0,0,2,1,0,0,0,1,0,71,5,0.188,24,14.3,0.98,0.62,4,59.27,0,43
LA202999,Odisha,Ganjam,Public Infrastructure,Development Project,Normal,85.91,28,21,6,24,98.5,1.5,Objection,33,1,0,0,4,0,0,0,0,1,0,162,13,0.59,68.6,109,0.93,0.66,4,211.37,1,55
LA201592,Odisha,Khordha,Public Infrastructure,Development Project,Normal,120.65,14,6,8,10,84.2,15.8,Notification,76,0,1,0,1,0,1,2,1,1,0,143,1,0.426,55.6,46,1.02,0.77,5,318.37,1,80
LA202479,Karnataka,Dharwad,Railway,Major Infrastructure,Normal,86.31,27,16,8,15,91.6,8.4,Award,17,1,0,0,1,0,0,2,1,2,0,99,3,0.448,74.6,39.3,1.12,0.41,3,174.03,0,40
LA202718,Andhra Pradesh,Visakhapatnam,Irrigation,Major Infrastructure,Normal,115.54,38,23,4,24,84.4,15.6,Compensation,10,1,0,0,2,0,1,1,0,1,0,120,17,0.481,73.7,43.4,1.11,0.63,4,457.21,1,49
LA202535,Maharashtra,Nagpur,Highway,Major Infrastructure,Normal,143.82,30,18,3,16,73.1,26.9,Survey,21,1,0,0,2,0,0,1,0,1,1,112,11,0.586,81.2,33.9,1.03,0.71,1,859.37,1,60
LA202118,Maharashtra,Kolhapur,Public Infrastructure,Development Project,High,39.69,33,20,3,14,41.7,58.3,Ownership Verification,24,0,1,0,1,0,1,,2,1,0,84,3,0.434,57.7,27.9,1.01,0.63,6,103.79,1,65
LA201473,Odisha,Puri,Public Infrastructure,Development Project,Normal,76.73,33,13,4,19,73.5,26.5,Survey,28,1,0,0,2,0,0,1,1,4,0,108,13,0.298,42.2,32.4,1.1,0.72,2,268.69,0,49
LA202649,Andhra Pradesh,Krishna,Public Infrastructure,Development Project,High,67.53,28,13,5,20,66.7,33.3,Approval,141,1,0,0,2,0,0,1,0,3,0,231,8,0.346,52.6,46.7,1.08,0.18,2,204.97,1,74
LA200459,Maharashtra,Kolhapur,Public Infrastructure,Development Project,High,37.74,29,18,4,17,48.3,51.7,Notification,19,1,0,0,0,1,0,2,0,0,0,130,41,0.282,44.5,43.5,1.05,0.59,7,161.32,1,62
LA202499,Karnataka,Mysuru,Railway,Major Infrastructure,Critical,129.43,31,13,9,20,87.4,12.6,Approval,10,1,1,0,3,0,1,1,0,2,0,91,4,0.668,87.8,36.4,0.93,0.79,4,561.26,1,60
LA200079,Maharashtra,Pune,Railway,Major Infrastructure,Critical,26.51,46,27,6,36,62.3,37.7,Ownership Verification,42,1,0,0,4,0,0,3,1,2,0,127,9,0.377,55.7,46.2,1.15,0.53,5,54.57,1,49
LA202915,Maharashtra,Aurangabad,Irrigation,Major Infrastructure,Normal,248.28,29,13,4,23,58.2,41.8,Objection,7,1,1,0,1,1,0,4,0,3,0,90,20,0.269,27,21.8,0.99,0.36,3,557.11,0,82
LA201057,Telangana,Medchal-Malkajgiri,Irrigation,Major Infrastructure,Normal,97,41,26,10,27,42.9,57.1,Survey,70,1,0,0,1,0,0,1,0,3,0,161,4,0.687,84,48.1,1.09,0.6,1,66.86,1,50
LA200907,Odisha,Puri,Industrial,Development Project,High,83.27,31,21,9,12,63.7,36.3,Ownership Verification,59,1,1,0,6,0,0,2,0,0,0,173,9,0.591,78.8,33.2,1.11,0.89,4,153.88,1,74
LA201564,Odisha,Khordha,Irrigation,Major Infrastructure,Normal,12.55,22,9,10,12,47.9,52.1,Ownership Verification,64,1,1,0,1,0,0,0,0,3,0,138,14,0.423,58.7,58.9,1.03,0.71,5,51.82,1,87
LA202427,Maharashtra,Nagpur,Highway,Major Infrastructure,High,98.95,28,17,9,23,66.6,33.4,Notification,40,0,1,0,3,0,0,2,1,2,0,141,4,0.831,102.9,35.1,1.01,0.78,2,316.87,1,54
LA202697,Karnataka,Belagavi,Railway,Major Infrastructure,High,28.29,28,12,3,24,37.7,62.3,Survey,9,0,0,0,4,0,0,,1,2,1,108,9,0.188,34.1,20.2,1,0.6,4,101.29,1,52
LA200381,Andhra Pradesh,Krishna,Highway,Major Infrastructure,Normal,19.83,32,12,10,17,98.5,1.5,Objection,36,1,0,0,3,0,0,1,0,0,0,140,19,0.516,82.5,104.1,0.94,0.57,5,78.67,0,52
LA200948,Andhra Pradesh,Krishna,Railway,Major Infrastructure,Normal,46.76,27,20,6,13,79.1,20.9,Ownership Verification,40,1,1,0,1,0,0,1,1,3,1,165,36,0.292,38.2,15.1,1.14,0.59,5,146.48,1,101
LA201713,Andhra Pradesh,Visakhapatnam,Public Infrastructure,Development Project,Normal,58.33,24,14,6,16,49.3,50.7,Possession,74,1,1,0,3,0,1,2,0,3,0,162,11,0.415,59.3,51.7,1.03,0.75,6,69.05,1,89
LA202757,Andhra Pradesh,Visakhapatnam,Public Infrastructure,Development Project,Normal,98.47,29,21,9,17,74.8,25.2,Possession,23,1,0,0,2,0,0,1,0,2,0,152,13,0.586,71.6,45.2,1.04,0.78,2,288.86,1,46
LA200716,Telangana,Medchal-Malkajgiri,Highway,Major Infrastructure,Normal,94.28,31,12,1,13,58.5,41.5,Approval,47,1,0,0,1,1,1,0,0,4,1,264,9,0.367,58.2,76.1,1.04,0.63,2,415.15,1,88
LA201914,Telangana,Hyderabad,Highway,Major Infrastructure,Normal,152.45,33,19,7,24,62.4,37.6,Ownership Verification,42,1,1,0,0,0,0,1,1,2,0,115,12,0.561,66.6,34.3,0.91,0.7,7,458.65,1,71
LA200687,Andhra Pradesh,Visakhapatnam,Irrigation,Major Infrastructure,Normal,51.36,25,10,9,16,81.1,18.9,Approval,15,1,1,1,3,0,1,3,1,2,0,114,19,0.442,66.9,19.8,0.97,0.87,5,121.61,1,94
LA202671,Maharashtra,Nagpur,Public Infrastructure,Development Project,High,28.11,31,11,11,19,70.7,29.3,Possession,32,1,0,0,3,0,0,3,1,1,0,124,0,0.533,72.5,65.9,1,0.75,6,31.12,1,35
LA201294,Karnataka,Dharwad,Industrial,Development Project,Normal,329.99,22,14,6,12,58.4,41.6,Notification,12,1,0,1,2,1,0,,0,2,0,93,14,0.383,,40.1,1.08,0.66,7,886.92,1,54
LA200306,Karnataka,Bengaluru Rural,Highway,Major Infrastructure,Normal,,25,10,7,10,61,39,Survey,74,1,0,0,3,0,0,1,1,2,0,168,6,0.255,50.5,16.9,0.96,0.71,3,412.49,1,51
LA200210,Maharashtra,Kolhapur,Irrigation,Major Infrastructure,Normal,34.34,23,14,4,8,51.7,48.3,Ownership Verification,33,1,0,0,0,0,0,6,3,1,0,127,15,0.307,56.4,47.7,1.14,0.65,2,168.39,1,61
LA202012,Karnataka,Mysuru,Irrigation,Major Infrastructure,Critical,34.51,32,16,10,23,58.2,41.8,Compensation,66,1,0,1,4,0,0,2,0,1,0,196,7,0.756,89.9,62.9,0.89,0.4,3,66.55,1,79
LA202222,Odisha,Ganjam,Railway,Major Infrastructure,High,36.91,27,15,9,13,62.3,37.7,Survey,35,1,0,0,1,0,1,2,0,2,0,118,15,0.436,66.5,19.7,0.93,0.51,4,81.34,1,63
LA202976,Maharashtra,Aurangabad,Irrigation,Major Infrastructure,Normal,93.95,30,16,10,24,65.9,34.1,Objection,1,1,0,0,4,1,1,3,1,3,0,147,12,0.367,48.7,20.2,1.03,0.62,4,286.93,0,66
LA201538,Odisha,Sambalpur,Public Infrastructure,Development Project,Critical,40.09,29,15,6,17,96.1,3.9,Approval,11,1,1,1,1,0,1,1,1,1,0,76,9,0.542,70.2,33.1,1.01,0.95,4,145.86,1,75
LA200886,Karnataka,Mysuru,Railway,Major Infrastructure,Normal,94.02,25,18,3,21,32.1,67.9,Possession,9,1,0,0,3,0,0,1,0,2,0,120,3,0.326,37.9,17.7,1.06,0.69,5,397.22,1,20
LA201860,Maharashtra,Kolhapur,Irrigation,Major Infrastructure,Normal,262.05,27,10,11,19,76.7,23.3,Ownership Verification,57,1,0,0,4,0,1,0,0,2,0,163,16,0.499,79.2,62.7,1.11,0.42,3,744.07,1,63
LA200918,Karnataka,Bengaluru Rural,Railway,Major Infrastructure,Normal,135.71,33,20,12,9,51.2,48.8,Notification,53,1,0,1,5,0,0,2,1,5,0,141,6,0.579,,48.3,1.14,0.6,5,340.54,1,66
LA201887,Telangana,Rangareddy,Irrigation,Major Infrastructure,High,25.27,27,18,10,18,75.4,24.6,Possession,97,1,0,0,3,0,1,1,1,2,0,183,18,0.244,44.3,23.3,0.94,0.77,3,73.65,1,75
LA201661,Telangana,Hyderabad,Railway,Major Infrastructure,Normal,92.73,34,13,4,25,71.9,28.1,Objection,74,1,0,0,3,0,0,3,2,2,0,195,35,0.569,77.3,19.7,1.1,0.45,3,300.89,1,81
LA200192,Andhra Pradesh,Visakhapatnam,Irrigation,Major Infrastructure,High,130.29,27,13,7,12,41.4,58.6,Compensation,99,1,0,0,2,0,0,0,0,4,1,262,2,0.669,,100.3,1.07,0.54,4,464.65,1,81
LA201748,Odisha,Cuttack,Highway,Major Infrastructure,Normal,86.19,38,17,2,22,33.5,66.5,Notification,36,1,1,0,1,0,0,1,0,0,0,117,18,0.297,44.7,17.8,0.89,0.61,2,158.43,0,40
LA202132,Odisha,Ganjam,Public Infrastructure,Development Project,Critical,,36,15,9,32,74.2,25.8,Ownership Verification,29,1,0,0,3,1,1,3,2,3,0,109,5,0.649,77.5,36.9,1.03,0.47,4,45.46,1,84
LA201266,Karnataka,Belagavi,Railway,Major Infrastructure,Normal,85.61,28,21,1,16,45.3,54.7,Possession,111,1,0,0,1,1,0,2,1,1,0,212,12,0.558,,51.2,0.97,0.77,2,74.02,1,81
LA200484,Karnataka,Belagavi,Industrial,Development Project,High,32.8,18,10,8,14,95.2,4.8,Survey,22,1,0,0,1,1,0,3,2,2,0,197,5,0.135,38.2,18.3,0.99,0.6,3,162.92,1,46
LA200916,Karnataka,Dharwad,Industrial,Development Project,Critical,107.45,27,19,9,17,70,30,Possession,24,1,1,0,1,0,0,2,0,4,1,221,21,0.298,57.7,28.4,1.07,0.52,5,,1,87
LA202600,Telangana,Warangal,Highway,Major Infrastructure,Normal,158.13,31,24,3,30,46,54,Ownership Verification,36,0,1,0,2,1,0,1,1,3,0,121,3,0.285,44.9,115.7,0.92,0.91,3,405.21,1,81
LA200278,Andhra Pradesh,Visakhapatnam,Irrigation,Major Infrastructure,Normal,294.54,32,18,1,27,73.1,26.9,Possession,24,1,0,0,4,1,0,,0,2,0,139,7,0.295,39.7,21.8,1.15,0.76,3,,1,40
LA200989,Odisha,Sambalpur,Industrial,Development Project,Normal,264.11,26,13,1,15,91.3,8.7,Ownership Verification,6,0,1,0,2,0,0,2,1,1,0,107,8,0.167,30.7,19.2,1.04,0.54,6,955.32,0,43
LA201988,Maharashtra,Nagpur,Public Infrastructure,Development Project,Normal,66.75,20,12,1,11,33.8,66.2,Objection,66,1,1,0,4,0,0,2,1,4,0,134,2,0.416,63.9,41.5,1.13,0.77,2,157.44,1,65
LA201895,Telangana,Medchal-Malkajgiri,Highway,Major Infrastructure,Normal,295,23,14,11,16,44.6,55.4,Ownership Verification,9,0,0,0,3,0,1,1,1,0,0,183,26,0.397,55.7,51.6,0.9,0.77,3,1491.22,1,52
LA201870,Maharashtra,Nashik,Railway,Major Infrastructure,High,137.29,34,16,8,17,45.2,54.8,Survey,12,1,0,0,2,0,0,4,0,1,0,139,17,0.244,47.5,37.2,1,0.67,6,664.76,1,49
LA200572,Odisha,Cuttack,Highway,Major Infrastructure,Normal,63.46,29,14,8,18,77.2,22.8,Possession,57,1,0,0,0,0,0,0,0,4,1,129,16,0.391,57.5,41.6,1.02,0.55,2,67.77,1,76
LA200994,Telangana,Warangal,Highway,Major Infrastructure,Normal,45.03,37,18,4,30,47,53,Possession,43,0,0,0,3,1,0,4,2,0,0,183,14,0.439,62.1,35.7,1.17,0.93,3,98.28,1,69
LA202796,Telangana,Rangareddy,Public Infrastructure,Development Project,Normal,54.18,28,14,5,20,70.7,29.3,Compensation,17,1,0,0,4,0,1,2,0,1,0,114,18,0.238,38.5,26.7,1.03,0.68,4,100.81,1,61
LA202947,Odisha,Ganjam,Railway,Major Infrastructure,Normal,7.69,36,15,3,26,86.9,13.1,Approval,40,0,1,0,4,0,0,1,0,1,0,162,9,0.629,80.3,50.4,1.06,0.12,2,21.47,1,52
LA200586,Andhra Pradesh,Krishna,Railway,Major Infrastructure,High,49.92,,23,10,26,45.6,54.4,Ownership Verification,9,1,1,0,5,1,0,1,1,2,0,86,13,0.231,45.7,48,1.03,0.75,3,169.66,0,60
LA202329,Karnataka,Dharwad,Highway,Major Infrastructure,Normal,167.4,27,11,5,20,63,37,Notification,36,1,1,1,1,0,0,2,0,0,1,144,24,0.574,83.9,75.7,1.13,0.49,5,703.47,1,92
LA202994,Odisha,Ganjam,Public Infrastructure,Development Project,High,58.43,26,20,7,11,94.8,5.2,Approval,89,0,0,0,1,0,1,2,2,5,1,297,21,0.349,44.6,,0.89,0.48,3,193.77,1,112
LA201350,Telangana,Nalgonda,Industrial,Development Project,Normal,80.16,29,13,4,25,72.6,27.4,Objection,69,0,0,0,5,1,0,2,1,1,0,162,17,0.163,37.2,16,1.07,0.55,3,411.73,1,73
LA202901,Andhra Pradesh,Krishna,Railway,Major Infrastructure,Normal,31.85,30,23,5,21,51.8,48.2,Notification,18,0,0,1,3,0,0,2,0,1,0,144,15,0.342,46,38.1,1.05,0.44,5,97.17,1,39
LA200675,Andhra Pradesh,Krishna,Highway,Major Infrastructure,Normal,46.97,36,21,12,32,72.2,27.8,Ownership Verification,121,0,1,0,5,0,0,4,2,4,1,320,23,0.348,62.7,38.2,1.01,0.65,3,139.11,0,120
LA202591,Andhra Pradesh,Guntur,Industrial,Development Project,High,25.34,28,21,11,14,68.1,31.9,Objection,45,1,1,0,2,0,1,0,0,1,0,156,15,0.108,23.2,19.7,1.03,0.28,3,55.8,1,68
LA200856,Telangana,Nalgonda,Highway,Major Infrastructure,Critical,135.23,20,13,7,15,85.1,14.9,Award,54,1,0,0,1,0,0,1,1,3,1,267,27,0.141,35,18.1,1.03,0.28,5,639.76,1,68
LA200448,Maharashtra,Aurangabad,Irrigation,Major Infrastructure,Normal,151.36,30,13,1,18,39,61,Award,20,1,0,0,4,0,0,2,0,0,0,137,17,0.551,82,43.3,1.01,0.57,3,226.79,1,55
LA201420,Karnataka,Mysuru,Irrigation,Major Infrastructure,Normal,94.99,37,28,2,20,61.9,38.1,Notification,34,1,0,0,1,0,0,4,0,1,0,120,9,0.281,24.2,39.8,1.02,0.85,2,235.55,1,44
LA202230,Maharashtra,Pune,Irrigation,Major Infrastructure,Normal,72.71,25,19,12,22,43.3,56.7,Objection,49,1,0,0,3,1,1,2,0,2,0,215,7,0.513,78.9,25.7,1.01,0.74,4,167.62,1,71
LA201617,Andhra Pradesh,NTR,Railway,Major Infrastructure,Normal,68.9,24,11,2,21,74.3,25.7,Compensation,15,1,1,0,0,1,0,4,2,3,0,110,27,0.483,57.3,64.2,1.1,0.28,3,166.34,1,95
LA202259,Odisha,Sambalpur,Highway,Major Infrastructure,Normal,69.4,38,27,9,16,53.2,46.8,Objection,59,1,1,0,1,0,0,0,0,0,0,156,25,0.185,31.1,81.7,1.1,0.46,5,395.94,0,52
LA202822,Andhra Pradesh,Visakhapatnam,Irrigation,Major Infrastructure,Normal,117.41,29,17,2,12,86.8,13.2,Compensation,18,1,0,0,1,1,0,0,0,1,0,135,3,0.381,61.6,62.7,1.11,0.54,8,420.62,0,27
LA202754,Maharashtra,Nagpur,Highway,Major Infrastructure,High,20.07,28,13,7,17,53.6,46.4,Notification,88,1,0,1,1,0,0,3,2,1,0,150,2,0.499,68.9,22.6,0.99,0.78,4,54.62,1,80
LA201717,Karnataka,Belagavi,Industrial,Development Project,High,78.42,22,16,1,18,60.3,39.7,Notification,23,1,0,0,1,0,0,2,0,3,0,84,3,0.603,72.5,24.5,0.93,0.56,7,91.76,0,40
LA202672,Andhra Pradesh,Visakhapatnam,Highway,Major Infrastructure,High,52.57,34,18,7,22,56,44,Possession,2,0,0,0,0,0,0,0,0,1,0,123,11,0.201,39.8,26.1,1.15,0.66,2,68.03,1,14
LA201248,Odisha,Sambalpur,Highway,Major Infrastructure,High,183.85,26,18,10,21,87.4,12.6,Survey,67,1,0,0,3,0,0,2,1,4,1,189,12,0.387,57.9,39.5,0.96,0.33,3,851.95,1,87
LA200295,Telangana,Medchal-Malkajgiri,Industrial,Development Project,High,32.74,27,16,9,15,95.6,4.4,Possession,50,1,1,0,1,0,0,1,0,1,0,123,4,0.115,38.6,17.9,1.17,0.74,1,99.63,0,46
LA200589,Andhra Pradesh,NTR,Public Infrastructure,Development Project,Normal,45.06,24,15,12,13,60.1,39.9,Approval,6,1,0,0,2,1,0,0,0,1,0,127,15,0.533,80.2,24.7,1.13,0.68,3,43.44,1,48
LA201282,Telangana,Warangal,Irrigation,Major Infrastructure,Normal,61.18,30,16,9,18,58.4,41.6,Survey,18,1,1,0,5,0,1,1,1,3,0,152,13,0.207,39.5,19.2,1.03,0.44,5,107.9,0,59
LA201423,Telangana,Hyderabad,Railway,Major Infrastructure,High,31.3,40,20,11,18,98.3,1.7,Possession,48,1,1,0,1,1,0,3,1,4,1,208,25,0.252,45.3,9.8,0.91,0.26,4,115.1,1,111
LA202350,Odisha,Sambalpur,Highway,Major Infrastructure,High,111.9,28,12,10,16,85.2,14.8,Ownership Verification,55,1,1,1,2,0,1,2,0,0,0,158,16,0.286,38.9,40.9,1.08,0.87,6,522.06,1,85
LA201427,Telangana,Medchal-Malkajgiri,Highway,Major Infrastructure,Normal,109.94,23,11,12,16,47.8,52.2,Approval,14,1,0,0,3,0,0,3,1,1,0,194,8,0.293,49.4,13.5,1.13,0.74,1,315.25,0,34
LA202253,Maharashtra,Nagpur,Public Infrastructure,Development Project,High,91.8,30,23,7,19,82.5,17.5,Ownership Verification,22,1,1,0,2,0,1,4,1,1,0,123,19,0.285,45.8,20.1,1.08,0.52,5,309.94,1,68
LA200426,Odisha,Khordha,Public Infrastructure,Development Project,High,17.72,29,13,7,25,44.7,55.3,Objection,69,1,0,0,3,1,1,5,0,2,0,175,4,0.641,85.8,47.8,1.14,0.51,2,44.18,1,83
LA200535,Telangana,Hyderabad,Irrigation,Major Infrastructure,Normal,81.49,26,13,8,16,63.2,36.8,Survey,21,1,0,0,3,1,0,4,1,2,0,139,34,0.6,87,41.4,0.97,0.52,3,173.22,1,78
LA201055,Karnataka,Belagavi,Irrigation,Major Infrastructure,High,61.11,35,21,7,24,82.6,17.4,Award,40,1,1,0,4,0,0,3,1,2,0,186,24,0.419,50.7,36.1,1.1,0.82,2,177.21,1,75
LA201865,Andhra Pradesh,Krishna,Highway,Major Infrastructure,High,187.28,46,21,4,28,54.9,45.1,Survey,50,1,0,0,4,0,0,2,1,2,0,139,14,0.637,92.8,47.1,0.95,0.84,4,363.87,1,58
LA202505,Maharashtra,Pune,Public Infrastructure,Development Project,Critical,18.99,35,20,7,22,95.6,4.4,Survey,,1,0,0,1,0,0,2,0,1,0,110,11,0.246,43.9,34.9,0.92,0.61,5,46.92,1,45
LA201426,Telangana,Warangal,Industrial,Development Project,Normal,91.78,38,25,3,19,47.1,52.9,Ownership Verification,66,1,0,0,3,0,0,2,0,2,0,263,11,0.084,23.8,60,1.15,0.72,3,256.87,1,50
LA200133,Andhra Pradesh,Krishna,Industrial,Development Project,Critical,97.82,26,16,5,16,37.5,62.5,Objection,11,1,1,0,4,0,0,2,1,0,0,93,19,0.438,68.3,66.2,0.89,0.83,5,228.59,1,44
LA201838,Andhra Pradesh,Visakhapatnam,Industrial,Development Project,Critical,139.32,40,29,2,29,88.2,11.8,Ownership Verification,20,1,1,0,3,0,0,3,3,5,0,159,8,0.391,63.1,52.1,1.12,0.43,3,326.93,1,73
LA201826,Maharashtra,Aurangabad,Railway,Major Infrastructure,Normal,26.15,21,9,11,13,95.3,4.7,Ownership Verification,54,1,0,0,2,0,1,3,2,1,0,188,18,0.383,54.9,85.5,0.95,0.66,5,97.21,1,69
LA200422,Maharashtra,Nagpur,Industrial,Development Project,Normal,155.02,33,22,2,17,71.4,28.6,Ownership Verification,6,1,1,0,4,0,0,1,0,1,0,136,36,0.557,74.7,20.6,0.98,0.82,7,353.2,1,67
LA202659,Maharashtra,Nashik,Public Infrastructure,Development Project,Normal,221.85,19,9,1,14,82,18,Compensation,39,0,0,0,2,1,0,,0,2,0,97,9,0.523,91,51.3,0.95,0.45,7,431.29,1,55
LA202029,Telangana,Medchal-Malkajgiri,Highway,Major Infrastructure,High,120.85,33,23,6,25,83.4,16.6,Ownership Verification,6,0,0,0,3,0,1,1,0,1,0,162,28,0.528,78.7,22.4,1,0.81,3,666.93,1,62
LA202990,Telangana,Hyderabad,Highway,Major Infrastructure,Normal,52.82,27,12,9,15,56.7,43.3,Compensation,30,1,0,0,2,0,1,6,2,3,0,114,4,0.428,73.8,39,1.06,0.51,4,249.99,1,78
LA201369,Maharashtra,Pune,Railway,Major Infrastructure,High,118.91,25,12,8,16,85.6,14.4,Objection,21,1,0,1,2,0,0,4,1,1,0,118,41,0.557,68.1,49.4,1.17,0.68,3,174.8,1,73
LA200557,Telangana,Medchal-Malkajgiri,Irrigation,Major Infrastructure,Normal,39.25,29,16,1,16,43.5,56.5,Ownership Verification,29,1,0,0,2,1,0,2,1,3,0,131,14,0.481,67.9,86,1.04,0.22,5,194.02,1,67
LA202044,Maharashtra,Aurangabad,Public Infrastructure,Development Project,Normal,86.08,14,9,5,12,32.3,67.7,Award,45,1,1,0,5,0,0,3,2,1,0,142,6,0.388,52.5,62.9,0.91,0.77,1,358.03,1,61
LA201487,Maharashtra,Pune,Industrial,Development Project,Normal,68.31,38,22,10,21,76.8,23.2,Approval,,1,0,0,2,1,1,2,1,2,0,175,11,0.669,86.5,37,1.13,0.79,5,246.91,1,91
LA202680,Telangana,Rangareddy,Railway,Major Infrastructure,Normal,42.49,23,16,3,17,43.8,56.2,Notification,64,1,0,0,1,0,0,0,0,2,0,161,8,0.345,57.5,48.8,1.07,0.3,5,116.27,1,50
LA200571,Odisha,Puri,Industrial,Development Project,Critical,50.32,33,18,1,23,57.9,42.1,Notification,17,1,0,1,2,1,1,1,0,3,0,151,22,0.534,58.4,58.1,1.02,0.68,3,98.75,1,80
LA200353,Maharashtra,Nagpur,Irrigation,Major Infrastructure,Normal,56.02,23,8,6,18,31.5,68.5,Survey,36,1,0,1,3,0,0,2,1,3,0,139,33,0.454,47,58.2,0.98,0.91,6,194.89,1,75
LA200092,Andhra Pradesh,Tirupati,Irrigation,Major Infrastructure,High,78.52,37,26,4,28,62.9,37.1,Compensation,23,1,0,0,6,0,1,4,3,0,0,254,11,0.445,58.4,46.7,0.96,0.61,5,252.96,1,63
LA202563,Karnataka,Belagavi,Highway,Major Infrastructure,Normal,56.33,26,19,3,18,90.3,9.7,Objection,59,1,1,0,0,0,0,1,0,2,0,232,12,0.51,72,37,1.18,0.5,0,107.52,1,60
LA202534,Telangana,Hyderabad,Public Infrastructure,Development Project,Critical,139.55,38,18,12,23,93.8,6.2,Approval,43,1,0,0,1,1,0,3,1,3,0,149,3,0.636,,33.4,0.9,0.63,7,307.54,1,62
LA201171,Maharashtra,Aurangabad,Public Infrastructure,Development Project,Normal,108.14,29,14,7,14,42.9,57.1,Award,12,1,0,0,1,0,0,1,0,1,0,99,8,0.844,95,52.1,0.91,0.46,5,147.67,1,37
LA202249,Karnataka,Belagavi,Public Infrastructure,Development Project,High,71.67,33,15,7,24,68,32,Compensation,13,1,0,0,5,0,1,4,2,1,0,152,31,0.259,33.1,24.4,1.1,0.7,4,204.14,1,71
LA201286,Maharashtra,Nashik,Railway,Major Infrastructure,Normal,42.46,24,18,10,19,88.7,11.3,Survey,41,1,0,0,4,1,0,1,1,0,0,153,12,0.418,63.5,25.9,1.13,0.43,6,33.91,1,52
LA201703,Telangana,Warangal,Highway,Major Infrastructure,Normal,125.26,24,10,2,12,56.9,43.1,Possession,11,1,0,0,4,0,0,3,1,1,0,177,11,0.308,51.3,19.9,1.18,0.43,1,165.58,1,48
LA201469,Karnataka,Bengaluru Rural,Public Infrastructure,Development Project,Normal,152.73,25,15,7,19,50.1,49.9,Possession,33,1,1,1,3,0,1,1,1,6,1,150,6,0.449,75.8,43.5,0.9,0.72,3,141.02,1,118
LA201908,Telangana,Medchal-Malkajgiri,Highway,Major Infrastructure,Normal,116.11,30,20,12,19,37.6,62.4,Survey,62,0,0,1,2,0,0,2,0,2,0,205,29,0.264,53.1,46.7,1.09,0.62,3,417.58,1,58
LA201478,Karnataka,Dharwad,Highway,Major Infrastructure,Normal,22.78,28,17,3,20,93.3,6.7,Possession,76,1,0,0,2,0,1,0,0,3,0,224,3,0.383,57.9,48.5,1.01,0.48,8,52.56,0,58
LA200698,Andhra Pradesh,Tirupati,Irrigation,Major Infrastructure,High,128.02,40,22,8,28,57.6,42.4,Award,73,1,0,0,1,1,1,3,1,1,0,230,7,0.229,35.8,48.6,0.99,0.51,3,373.67,1,69
LA202507,Andhra Pradesh,Krishna,Public Infrastructure,Development Project,Normal,25.01,33,17,3,25,65,35,Ownership Verification,82,1,1,1,0,0,0,1,0,1,0,180,20,0.372,54.5,56,1.14,0.68,3,48.1,1,75
LA200349,Maharashtra,Aurangabad,Highway,Major Infrastructure,Normal,30.11,35,26,1,21,39.5,60.5,Possession,28,1,0,0,5,0,0,0,0,2,0,244,26,0.486,66.8,38.1,1.06,0.74,9,111.21,1,58
LA201645,Telangana,Hyderabad,Public Infrastructure,Development Project,Normal,102.5,29,22,6,18,45.8,54.2,Approval,41,1,0,0,5,0,0,2,0,4,1,161,6,0.348,65.5,31.9,1.05,0.52,1,213.26,1,70
LA202347,Odisha,Sambalpur,Irrigation,Major Infrastructure,Critical,62.2,24,15,10,12,85.8,14.2,Award,29,0,0,0,1,0,0,0,0,1,0,112,3,0.543,83.1,57.2,1.16,0.59,2,227.19,1,30
LA202432,Andhra Pradesh,Visakhapatnam,Public Infrastructure,Development Project,High,71.16,20,14,6,20,93.4,6.6,Ownership Verification,38,1,0,0,3,0,0,1,1,1,0,92,11,0.435,66.9,36.8,1.07,0.48,2,72.69,0,54
LA202169,Andhra Pradesh,Krishna,Industrial,Development Project,High,20.23,28,21,5,18,53.8,46.2,Objection,37,1,0,0,2,0,1,2,0,2,0,177,11,0.199,36.4,36.7,1.14,0.42,2,73.5,0,59
LA201138,Odisha,Sambalpur,Highway,Major Infrastructure,Critical,32.01,29,18,9,16,80.5,19.5,Compensation,47,0,0,0,2,1,0,4,1,1,0,123,5,0.342,51.1,29.8,0.97,0.37,4,135.19,1,63
LA201798,Maharashtra,Kolhapur,Industrial,Development Project,Normal,54.86,28,13,1,11,50.3,49.7,Compensation,18,1,1,1,4,1,1,2,2,1,0,135,12,0.391,52.1,13.2,0.97,0.65,4,184.83,1,88
LA201545,Odisha,Puri,Public Infrastructure,Development Project,Normal,16.98,19,8,9,11,70.3,29.7,Approval,6,1,0,0,3,1,1,4,1,2,0,102,19,0.509,60.5,24.9,1.09,0.84,3,44.97,1,85
LA202837,Andhra Pradesh,Tirupati,Highway,Major Infrastructure,Critical,56.33,28,13,8,15,58.9,41.1,Possession,31,1,0,0,3,0,0,1,0,2,0,106,30,0.795,97.3,58.9,1.14,0.71,5,221.17,0,76
LA202821,Maharashtra,Kolhapur,Public Infrastructure,Development Project,Critical,60.89,22,14,7,14,85.2,14.8,Compensation,31,1,0,0,2,0,0,5,1,4,0,210,5,0.729,93.2,35.3,0.9,0.42,3,116.44,1,59
LA201340,Karnataka,Mysuru,Railway,Major Infrastructure,Normal,80.92,30,13,8,25,68.2,31.8,Objection,39,0,1,0,2,0,1,1,0,5,1,139,10,0.141,22.4,47.3,1.08,0.47,0,170.74,1,93
LA202491,Maharashtra,Nashik,Public Infrastructure,Development Project,High,35.17,30,19,3,16,63.3,36.7,Compensation,76,1,0,0,1,0,0,2,1,1,0,201,5,0.719,87.8,32.7,0.89,0.65,3,78.4,1,57
LA200454,Telangana,Hyderabad,Industrial,Development Project,Normal,173.57,34,15,4,20,35.6,64.4,Survey,46,1,0,0,3,1,0,5,2,3,0,206,11,0.546,67.6,31.1,1.12,0.58,3,279.32,1,73
LA200914,Odisha,Sambalpur,Highway,Major Infrastructure,Normal,127.14,25,11,9,15,63.9,36.1,Approval,4,1,0,0,1,0,0,3,1,1,1,127,8,0.533,67.2,41.3,1.05,0.19,6,507.4,1,48
LA201200,Odisha,Puri,Industrial,Development Project,Normal,79.79,30,22,7,22,78.2,21.8,Compensation,58,1,0,0,1,1,1,3,0,1,0,177,17,0.159,45.2,29.4,0.94,0.48,7,405.2,1,70
LA201275,Telangana,Hyderabad,Irrigation,Major Infrastructure,Normal,62.96,32,18,8,13,69.9,30.1,Notification,28,1,0,1,2,1,0,1,1,0,0,85,2,0.424,55.2,65.4,1.02,0.71,8,216.43,1,53
LA201867,Karnataka,Belagavi,Highway,Major Infrastructure,Critical,41.88,23,16,2,19,64.4,35.6,Notification,49,0,0,0,3,1,0,1,1,3,0,106,6,0.56,72,28.9,1.08,0.58,6,110.7,1,79
LA200038,Andhra Pradesh,Krishna,Highway,Major Infrastructure,Normal,36.47,27,18,3,16,76.8,23.2,Possession,56,1,0,0,3,0,0,1,0,1,1,173,16,0.648,91.2,37.3,0.89,0.36,3,99.11,1,77
LA200975,Maharashtra,Pune,Highway,Major Infrastructure,High,46.6,32,13,11,16,94.9,5.1,Possession,54,1,0,1,4,1,0,1,1,3,0,201,13,0.67,92.9,65.8,0.93,0.62,4,116.12,1,85
LA202771,Odisha,Cuttack,Highway,Major Infrastructure,Normal,90.64,32,20,12,26,85.6,14.4,Approval,22,1,0,0,3,0,1,1,1,0,0,127,18,0.465,72.5,23.3,1.1,0.67,3,155.14,0,51
LA200984,Odisha,Cuttack,Railway,Major Infrastructure,Critical,80.84,33,17,2,28,74.7,25.3,Notification,5,1,0,1,1,1,0,3,0,1,0,103,0,0.376,58.4,71.9,0.9,0.37,3,310.37,1,40
LA201806,Telangana,Warangal,Highway,Major Infrastructure,High,19.01,24,16,12,16,77.7,22.3,Notification,3,1,1,1,1,0,0,1,1,0,0,109,5,0.18,37,41.3,1,0.69,0,81.43,0,48
LA201962,Telangana,Rangareddy,Railway,Major Infrastructure,Normal,43.92,34,21,4,29,47.8,52.2,Approval,34,0,0,0,0,1,1,1,0,2,0,93,13,0.298,37.4,49.5,1.18,0.37,4,106,0,80
LA201419,Maharashtra,Kolhapur,Railway,Major Infrastructure,High,49.62,32,17,11,20,65.6,34.4,Compensation,48,1,0,0,1,1,0,1,0,2,0,180,34,0.391,70.1,32.2,0.92,0.79,3,118.11,1,72
LA201285,Maharashtra,Pune,Highway,Major Infrastructure,Normal,27.88,29,17,8,15,31.9,68.1,Notification,58,1,1,0,1,0,0,1,1,2,0,168,18,0.319,59.7,60.9,1.13,0.46,4,140.29,1,77
LA200040,Telangana,Nalgonda,Railway,Major Infrastructure,Normal,37.5,31,19,4,21,66.6,33.4,Approval,11,1,0,0,0,0,1,0,0,3,0,166,20,0.687,91.5,40.3,1.1,0.69,3,55.65,1,63
LA202541,Andhra Pradesh,Tirupati,Highway,Major Infrastructure,Normal,118.76,33,25,3,13,36.9,63.1,Compensation,51,1,0,0,5,0,0,1,0,1,0,153,13,0.42,58.4,46.4,1.16,0.77,6,386.91,1,40
LA200170,Andhra Pradesh,Tirupati,Railway,Major Infrastructure,Critical,109.54,36,23,2,25,79.4,20.6,Compensation,33,1,0,0,2,1,0,1,1,3,0,176,8,0.509,82.9,27.6,1.06,0.22,6,251.47,1,51
LA201356,Maharashtra,Kolhapur,Irrigation,Major Infrastructure,Normal,63.29,35,26,7,21,86.7,13.3,Objection,88,1,0,0,4,1,0,1,0,3,0,189,4,0.619,71.6,23,1.03,0.3,6,75.15,1,82
LA200738,Odisha,Ganjam,Irrigation,Major Infrastructure,Normal,78.76,37,14,11,21,82.9,17.1,Approval,16,1,1,0,2,0,1,3,3,2,0,228,13,0.487,70.5,56,1.01,0.41,3,186.46,1,78
LA201591,Maharashtra,Nashik,Highway,Major Infrastructure,High,113.12,28,15,11,8,60.6,39.4,Survey,13,1,0,0,3,0,0,1,0,2,0,82,9,0.604,90,26.6,1.06,0.54,7,545.59,1,35
LA202700,Andhra Pradesh,NTR,Public Infrastructure,Development Project,Normal,29.05,33,19,11,23,71.4,28.6,Compensation,40,1,0,0,5,1,0,2,1,1,0,225,13,0.397,65.2,33.6,0.99,0.52,3,,0,67
LA201898,Odisha,Ganjam,Public Infrastructure,Development Project,Normal,,34,25,6,20,32.4,67.6,Objection,7,1,0,0,3,0,1,1,0,1,0,174,10,0.57,84.4,50.7,0.9,0.95,6,404.06,1,49
LA200635,Odisha,Khordha,Public Infrastructure,Development Project,High,55.5,35,23,9,33,67.7,32.3,Award,56,1,0,0,0,1,1,1,1,0,0,168,5,0.488,71.7,28.1,1.1,0.58,5,82.67,1,68
LA202648,Andhra Pradesh,Guntur,Irrigation,Major Infrastructure,High,,29,11,11,21,32,68,Approval,13,0,0,1,2,1,0,0,0,1,0,156,25,0.476,58.5,21,1.1,0.48,2,303.73,1,62
LA201919,Karnataka,Dharwad,Public Infrastructure,Development Project,Normal,53.32,26,20,2,19,99.2,0.8,Ownership Verification,59,1,1,0,2,0,0,1,0,1,0,148,17,0.494,60,26.1,1.05,0.88,5,230.69,0,89
LA201291,Karnataka,Tumakuru,Public Infrastructure,Development Project,High,77.43,37,17,12,21,94,6,Compensation,47,0,0,0,3,1,1,0,0,1,0,124,2,0.449,68.4,22.6,0.97,0.64,4,243.09,1,67
LA201381,Telangana,Medchal-Malkajgiri,Highway,Major Infrastructure,High,18.22,21,11,12,11,33.4,66.6,Objection,24,1,0,0,1,0,0,3,0,2,0,147,14,0.347,58.7,22.1,0.97,0.8,4,38.48,1,52
LA200580,Karnataka,Belagavi,Railway,Major Infrastructure,Normal,53.81,33,21,7,19,38.1,61.9,Award,27,1,0,0,1,0,1,1,0,3,0,97,4,0.321,45.2,21.5,1.06,0.37,6,211.13,1,64
LA200329,Telangana,Rangareddy,Highway,Major Infrastructure,Normal,81.71,,20,8,19,85.4,14.6,Ownership Verification,6,0,0,0,3,0,1,1,0,3,0,101,30,0.655,86.9,69,1.01,0.43,1,391.15,1,70
LA201643,Karnataka,Belagavi,Highway,Major Infrastructure,High,63.1,27,13,9,21,81.2,18.8,Approval,10,1,0,1,8,0,1,2,2,2,0,99,8,0.222,47.8,44.7,1.1,0.64,3,111.29,1,58
LA200893,Maharashtra,Aurangabad,Railway,Major Infrastructure,Normal,272.93,34,23,6,22,84.5,15.5,Approval,36,0,0,0,2,0,0,3,1,0,0,141,38,0.823,96.6,49.6,1.18,0.83,2,556.66,1,67
LA201850,Maharashtra,Kolhapur,Industrial,Development Project,Critical,75.44,28,11,4,23,94.9,5.1,Possession,51,1,0,1,8,0,0,2,0,3,0,167,7,0.441,47.6,41.4,1.02,0.96,2,64.55,1,69
LA200781,Maharashtra,Aurangabad,Highway,Major Infrastructure,Normal,185.39,26,9,2,14,43.2,56.8,Objection,8,1,0,1,1,0,1,1,0,4,0,119,12,0.178,23.1,18,0.93,0.59,3,321.56,1,66
LA200160,Andhra Pradesh,Visakhapatnam,Highway,Major Infrastructure,High,47.41,26,20,5,17,90.9,9.1,Notification,45,0,0,0,1,0,0,1,0,0,0,114,3,0.18,33.9,63.7,1,0.46,4,59.1,1,36
LA201546,Maharashtra,Aurangabad,Highway,Major Infrastructure,Normal,92.14,41,16,1,30,38.1,61.9,Notification,132,1,0,1,4,0,0,,0,1,0,293,34,0.358,54.1,22.1,0.99,0.81,3,468.92,1,71
LA201934,Karnataka,Bengaluru Rural,Public Infrastructure,Development Project,High,72.52,29,16,9,22,97.5,2.5,Ownership Verification,29,0,1,0,2,1,0,0,0,2,0,196,19,0.45,60.9,32.6,0.96,0.48,1,335.03,1,74
LA202979,Maharashtra,Pune,Industrial,Development Project,Normal,218.74,30,14,10,15,80.8,19.2,Survey,58,1,0,0,3,0,0,2,1,1,0,157,9,0.351,53.5,26.1,1.05,0.4,2,215.86,0,47
LA200062,Karnataka,Mysuru,Industrial,Development Project,Normal,69.16,42,27,1,24,45.8,54.2,Notification,23,1,1,0,4,0,0,1,0,1,0,94,28,0.282,45.7,61.6,0.89,0.48,4,97.42,0,51
LA200850,Andhra Pradesh,Tirupati,Railway,Major Infrastructure,Normal,64.74,31,18,9,22,88.3,11.7,Award,63,1,0,0,1,1,0,4,2,1,0,114,4,0.551,75.6,22.3,0.96,0.36,1,361.27,1,73
LA202130,Karnataka,Dharwad,Public Infrastructure,Development Project,Normal,76.32,33,25,6,25,43.9,56.1,Survey,36,1,0,0,0,0,0,3,1,4,1,158,7,0.452,62.2,74.5,0.89,0.5,2,135.4,0,80
LA202893,Odisha,Cuttack,Highway,Major Infrastructure,High,48.72,37,17,2,19,38.9,61.1,Approval,29,1,1,0,3,0,1,5,2,0,0,114,15,0.405,49.6,32.1,0.9,0.54,5,120.7,1,84
LA201044,Karnataka,Bengaluru Rural,Highway,Major Infrastructure,High,25.73,25,14,8,13,73.1,26.9,Ownership Verification,35,0,1,0,3,1,0,0,0,2,0,113,7,0.38,58.4,19.3,1.03,0.64,1,46.8,1,58
LA202497,Maharashtra,Nagpur,Irrigation,Major Infrastructure,Normal,35.5,36,23,5,31,57.5,42.5,Notification,66,1,0,0,3,1,0,2,0,2,0,164,6,0.671,87.3,46.5,1.07,0.42,0,65.83,1,65
LA202261,Karnataka,Tumakuru,Railway,Major Infrastructure,Normal,110.1,32,21,4,18,54.4,45.6,Possession,13,1,1,0,1,0,0,4,3,1,0,97,6,0.349,53.2,,1.14,0.75,3,110.25,1,49
LA202122,Andhra Pradesh,NTR,Highway,Major Infrastructure,High,93.09,35,18,8,24,71.1,28.9,Approval,50,1,0,0,3,0,1,2,0,2,0,190,24,0.484,79.5,25.9,1.14,0.47,6,475.34,1,86
LA201071,Karnataka,Tumakuru,Industrial,Development Project,Critical,12.77,37,20,5,19,73,27,Approval,31,1,1,0,1,0,1,4,1,1,0,153,8,0.582,91.1,55.8,1.08,0.6,9,27.93,1,77
LA200054,Karnataka,Bengaluru Rural,Public Infrastructure,Development Project,Normal,59.62,29,12,4,10,77.1,22.9,Compensation,45,1,0,0,3,0,0,1,0,1,0,186,13,0.179,32.6,79.9,1.01,0.43,8,77.01,1,40
LA200259,Telangana,Rangareddy,Highway,Major Infrastructure,Normal,47.28,23,10,5,19,75.1,24.9,Objection,18,1,0,0,3,0,0,2,1,1,0,119,16,0.497,70.7,22.8,1.14,0.37,3,137.39,1,58
LA200506,Andhra Pradesh,NTR,Railway,Major Infrastructure,Normal,113.44,32,12,6,18,30.8,69.2,Award,17,1,1,0,2,0,0,3,2,0,0,164,6,0.335,48.8,19,0.94,0.7,2,465.45,1,47
LA200753,Karnataka,Tumakuru,Industrial,Development Project,Normal,113,22,12,8,12,66.3,33.7,Notification,16,1,0,1,3,0,1,2,0,1,0,67,7,0.774,108.5,39.4,0.9,0.83,3,132.35,1,63
LA201979,Karnataka,Bengaluru Rural,Highway,Major Infrastructure,High,53,26,17,10,15,54.9,45.1,Approval,27,1,0,1,1,0,0,4,1,0,0,166,9,0.501,71.3,47.1,1.01,0.61,3,77.9,1,55
LA202948,Andhra Pradesh,NTR,Irrigation,Major Infrastructure,Normal,29.67,26,11,7,25,41.7,58.3,Objection,5,1,0,0,0,0,0,1,1,1,0,102,6,0.254,47.6,29.7,1,0.81,5,41.81,1,35
LA202411,Odisha,Khordha,Irrigation,Major Infrastructure,High,33.89,33,22,8,18,73.7,26.3,Ownership Verification,33,1,1,1,2,0,0,1,1,0,0,89,10,0.433,51.1,46.9,1.12,0.65,7,45.68,1,56
LA201518,Odisha,Cuttack,Railway,Major Infrastructure,Normal,26.4,32,14,11,16,49.9,50.1,Award,12,1,0,0,0,0,0,0,0,2,0,208,16,0.196,34.5,14.4,0.94,0.72,2,123.67,1,38
LA202998,Odisha,Cuttack,Industrial,Development Project,Normal,157.99,23,17,11,13,35.9,64.1,Compensation,15,1,0,0,0,1,0,0,0,3,0,105,18,0.197,50,31,1.1,0.48,2,324.37,0,55
LA202274,Telangana,Nalgonda,Railway,Major Infrastructure,Normal,60.81,32,18,11,35,63.1,36.9,Compensation,24,1,0,0,2,1,0,2,0,3,0,188,21,0.473,64,42.1,1.09,0.86,2,240.77,0,76
LA201390,Telangana,Warangal,Irrigation,Major Infrastructure,Normal,102.37,31,13,12,16,81.5,18.5,Notification,44,0,0,0,1,0,0,2,2,2,0,152,3,0.545,69,25.3,1.1,0.79,3,417.42,1,53
LA201267,Telangana,Nalgonda,Public Infrastructure,Development Project,Critical,170.51,20,13,8,16,56.3,43.7,Notification,7,1,0,0,0,0,0,1,1,2,0,146,30,0.273,25.9,,1.09,0.56,4,655.93,0,40
LA202467,Telangana,Nalgonda,Railway,Major Infrastructure,Normal,48.49,32,11,11,21,45.6,54.4,Possession,19,1,0,0,0,0,0,6,3,3,0,117,6,0.851,96.1,82.8,1.05,0.69,2,236.92,1,73
LA201712,Karnataka,Bengaluru Rural,Industrial,Development Project,Normal,76.54,39,30,9,25,69.7,30.3,Approval,29,0,1,0,7,0,1,2,1,2,0,128,9,0.619,90.5,21.5,0.93,0.6,2,103.11,0,73
LA200772,Karnataka,Tumakuru,Highway,Major Infrastructure,High,55.28,40,29,9,26,65.9,34.1,Survey,18,1,0,0,2,0,0,0,0,2,0,91,8,0.366,56.4,56.3,1.07,0.84,4,170.41,1,35
LA202803,Odisha,Ganjam,Highway,Major Infrastructure,High,50.95,36,16,10,21,42.3,57.7,Possession,4,1,0,0,2,0,0,1,1,0,0,179,20,0.611,76.1,48.1,0.98,0.28,5,133.85,1,30
LA201808,Karnataka,Dharwad,Irrigation,Major Infrastructure,Normal,71.74,33,24,10,23,93.3,6.7,Notification,33,1,0,0,4,1,0,1,1,2,0,103,2,0.558,63.1,36.2,1.11,0.79,2,66.86,1,59
LA202686,Karnataka,Dharwad,Irrigation,Major Infrastructure,Normal,122.35,33,15,7,22,62.5,37.5,Approval,62,0,0,0,2,0,1,1,1,1,0,170,3,0.36,52.4,17.9,1.09,0.65,7,105.17,1,47
LA201086,Maharashtra,Kolhapur,Railway,Major Infrastructure,High,13.29,31,22,10,17,41.6,58.4,Ownership Verification,42,1,1,0,2,0,0,0,0,2,0,134,8,0.422,71.6,34.5,0.94,0.69,2,12.43,1,50
LA202258,Odisha,Cuttack,Public Infrastructure,Development Project,High,66.91,30,16,1,19,35.5,64.5,Approval,9,1,0,0,3,0,1,2,1,0,0,82,18,0.308,35.6,24.9,1.04,0.68,3,75.15,0,42
LA201533,Maharashtra,Nagpur,Highway,Major Infrastructure,Normal,53.1,31,24,6,20,96.2,3.8,Survey,21,1,0,0,2,1,0,1,1,3,0,107,6,0.484,74.6,30.2,1.02,0.89,3,264.45,1,53
LA201326,Odisha,Puri,Industrial,Development Project,Critical,51.35,33,24,12,22,86,14,Ownership Verification,7,1,0,0,3,0,0,1,0,1,0,143,6,0.581,78.6,104.3,1.1,0.66,3,223.06,0,32
LA202120,Odisha,Cuttack,Public Infrastructure,Development Project,Normal,182.85,25,14,3,12,67.7,32.3,Compensation,18,0,0,0,1,0,1,1,1,1,0,143,5,0.313,49.5,32.5,0.94,0.75,2,215.29,1,37
LA201813,Odisha,Sambalpur,Railway,Major Infrastructure,Normal,68.9,41,17,3,21,60,40,Award,49,1,0,1,2,1,0,0,0,1,0,141,7,0.323,56.3,17.1,1.11,0.73,4,102.48,1,49
LA201715,Maharashtra,Nashik,Highway,Major Infrastructure,High,24.05,28,16,3,14,61.8,38.2,Compensation,39,0,1,0,2,0,0,0,0,1,0,252,13,0.381,57,28.6,1.17,0.78,3,65.85,1,51
LA202035,Andhra Pradesh,Tirupati,Highway,Major Infrastructure,Critical,82.84,23,9,11,15,74.8,25.2,Compensation,2,1,0,0,1,1,0,1,1,1,0,178,17,0.328,64.5,47.3,1.11,0.9,5,322.39,1,52
LA202424,Andhra Pradesh,Krishna,Highway,Major Infrastructure,Critical,89.95,23,15,2,7,50.5,49.5,Approval,27,1,0,1,3,0,0,3,1,1,0,112,1,0.456,78.7,34.5,0.95,0.75,5,,1,50
LA202435,Karnataka,Mysuru,Irrigation,Major Infrastructure,Critical,79.54,23,16,3,16,66.6,33.4,Compensation,22,1,0,0,4,1,1,2,0,1,1,137,6,0.356,63.1,56.4,1.06,0.79,3,278.09,1,76
LA201682,Karnataka,Belagavi,Public Infrastructure,Development Project,High,105.54,27,13,7,17,87.7,12.3,Ownership Verification,1,1,0,0,2,0,0,1,1,1,0,109,16,0.34,61.2,32,0.89,0.67,6,416.09,1,18
LA202228,Telangana,Medchal-Malkajgiri,Public Infrastructure,Development Project,Normal,48.4,34,24,5,20,66.1,33.9,Compensation,7,1,0,1,4,0,0,4,1,3,0,109,19,0.38,52.3,59.1,1.03,0.74,4,141.18,1,68
LA201164,Karnataka,Bengaluru Rural,Public Infrastructure,Development Project,Normal,72.4,25,12,2,19,37.1,62.9,Notification,45,1,0,1,3,1,0,1,0,1,0,202,5,0.6,85,35.8,1.06,0.52,4,303.69,1,65
LA200964,Maharashtra,Aurangabad,Railway,Major Infrastructure,Normal,80.38,34,23,10,26,56.4,43.6,Objection,8,1,0,0,2,0,0,2,1,3,0,97,11,0.258,53.7,24.3,0.94,0.64,2,91.14,0,46
LA202903,Karnataka,Dharwad,Irrigation,Major Infrastructure,Normal,12.27,23,13,2,17,55.2,44.8,Compensation,47,1,0,0,1,1,0,,1,2,0,139,19,0.402,58.8,29.7,1.1,0.71,5,31.99,0,63
LA201663,Odisha,Puri,Railway,Major Infrastructure,Normal,110.1,32,17,3,27,98,2,Objection,74,1,0,0,1,0,0,1,0,2,0,248,0,0.183,31.1,70.1,1.07,0.53,5,518.1,1,47
LA200399,Odisha,Sambalpur,Highway,Major Infrastructure,Normal,25.19,20,13,3,16,39.7,60.3,Survey,21,1,0,0,6,0,0,0,0,2,0,113,4,0.633,75.5,28.6,1.08,0.61,2,40.38,0,46
LA200585,Andhra Pradesh,Guntur,Highway,Major Infrastructure,Critical,65.03,27,16,11,18,81.7,18.3,Approval,18,0,0,0,2,0,0,1,0,0,0,99,38,0.429,51,15.7,1.06,0.62,6,211.47,1,50
LA200949,Maharashtra,Kolhapur,Highway,Major Infrastructure,Normal,49.17,34,24,10,26,79.1,20.9,Ownership Verification,64,1,1,1,2,0,1,0,0,2,0,154,8,0.645,87.7,35.7,1.1,0.58,6,96.69,1,76
LA200705,Telangana,Medchal-Malkajgiri,Industrial,Development Project,High,134.74,33,16,9,19,92.5,7.5,Survey,31,1,1,0,1,1,0,1,1,1,0,109,18,0.465,74.4,44.4,0.98,0.81,3,300.43,1,73
LA200432,Andhra Pradesh,Tirupati,Public Infrastructure,Development Project,Normal,133.38,34,14,6,24,86.1,13.9,Ownership Verification,34,0,0,0,2,0,0,2,2,0,0,149,9,0.369,67.5,21.8,1.09,0.87,3,134.88,1,47
LA200293,Maharashtra,Kolhapur,Highway,Major Infrastructure,Normal,54.61,32,25,4,14,73.2,26.8,Notification,84,1,0,0,3,0,0,2,2,0,0,202,14,0.462,66,44.4,1.02,0.8,4,92.54,1,54
LA200146,Andhra Pradesh,Tirupati,Highway,Major Infrastructure,Normal,90.47,30,20,3,18,76.5,23.5,Award,74,1,0,0,3,0,0,2,2,1,0,148,18,0.518,73.8,44.7,0.88,0.63,2,104.29,1,63
LA200324,Maharashtra,Nagpur,Industrial,Development Project,High,58.04,30,19,1,14,94.1,5.9,Notification,32,1,0,0,0,0,0,1,1,1,0,208,13,0.633,86,55.3,1.02,0.67,6,207.82,1,56
LA202109,Andhra Pradesh,Tirupati,Highway,Major Infrastructure,Normal,35.27,35,16,9,18,65.1,34.9,Compensation,48,1,0,0,1,1,1,3,0,1,0,178,14,0.73,97.7,52.9,0.97,0.3,1,154.78,1,71
LA201166,Karnataka,Dharwad,Irrigation,Major Infrastructure,Normal,39.12,23,8,8,19,58.6,41.4,Survey,31,1,0,0,2,1,0,2,0,0,0,160,5,0.373,45.3,57.3,1.05,0.75,2,99.84,0,45
LA201453,Odisha,Ganjam,Highway,Major Infrastructure,Normal,299.14,26,14,9,18,71,29,Compensation,59,1,0,1,1,0,0,1,1,0,0,238,5,0.368,45.3,31,1.1,0.58,2,1175.4,1,49
LA200003,Maharashtra,Pune,Irrigation,Major Infrastructure,High,96.37,23,8,11,14,70.4,29.6,Objection,57,1,0,1,1,1,1,4,1,1,0,183,26,0.341,56.4,20.7,1.12,0.67,0,198.99,1,98
LA200577,Andhra Pradesh,Visakhapatnam,Highway,Major Infrastructure,High,40.65,33,13,6,26,62.8,37.2,Possession,25,1,0,0,3,1,0,0,0,4,0,111,9,0.352,46.2,28.9,0.91,0.72,8,157.75,0,58
LA202658,Andhra Pradesh,Krishna,Industrial,Development Project,Normal,64.12,19,7,9,9,59,41,Approval,25,1,0,1,2,1,1,2,1,2,0,134,11,0.42,67.6,51.2,1.1,0.39,2,217.07,1,81
LA200340,Telangana,Nalgonda,Public Infrastructure,Development Project,Critical,97.1,22,8,12,18,69.3,30.7,Objection,50,1,0,0,2,1,0,4,3,5,0,138,8,0.709,97.2,29.8,1.17,0.88,5,207.99,1,98
LA202540,Odisha,Sambalpur,Highway,Major Infrastructure,Normal,65.98,24,17,7,22,40.4,59.6,Objection,50,1,1,0,2,1,0,1,0,1,0,158,2,0.805,117.2,27.3,1.08,0.46,7,134.25,1,71
LA202936,Odisha,Puri,Irrigation,Major Infrastructure,Normal,28.75,22,15,10,11,93.4,6.6,Approval,18,1,0,0,4,0,0,,1,2,0,169,67,0.327,48.1,41.1,0.95,0.63,2,118.12,1,72
LA200926,Telangana,Hyderabad,Railway,Major Infrastructure,Normal,37.56,34,25,4,22,60.1,39.9,Ownership Verification,21,1,1,1,2,0,0,,0,5,0,143,8,0.487,67.7,43.6,1.04,0.48,4,165.15,0,72
LA200266,Andhra Pradesh,Visakhapatnam,Highway,Major Infrastructure,Normal,31.8,25,13,1,21,34.7,65.3,Approval,73,1,0,0,4,0,1,2,1,1,0,201,3,0.805,101.9,56.2,1.12,0.49,4,95.67,0,63
LA200377,Telangana,Warangal,Irrigation,Major Infrastructure,High,63.45,25,12,4,14,47.3,52.7,Approval,61,1,1,1,2,0,1,4,3,3,0,177,4,0.482,74.4,29.2,1.09,0.58,2,182.63,1,104
LA202023,Karnataka,Tumakuru,Industrial,Development Project,Normal,71.05,30,12,2,23,39,61,Compensation,26,1,0,0,2,1,1,1,1,1,1,104,2,0.443,52.3,42.5,0.97,0.31,4,77.15,0,76
LA201464,Odisha,Puri,Public Infrastructure,Development Project,High,49.92,42,15,1,29,99.8,0.2,Award,19,1,0,0,0,0,1,3,2,2,0,105,9,0.299,58.2,29.5,1.15,0.76,4,71.49,1,61
LA200272,Odisha,Cuttack,Railway,Major Infrastructure,High,,31,13,5,17,84.9,15.1,Notification,14,1,0,0,4,0,1,6,2,3,0,143,19,0.189,34.1,13.2,1.14,0.61,3,86.45,1,61
LA200697,Telangana,Warangal,Public Infrastructure,Development Project,Normal,53.55,41,28,6,20,96.3,3.7,Compensation,60,1,1,0,1,1,0,1,1,4,1,151,3,0.078,28.8,22,0.94,0.59,3,72.93,1,87
LA202974,Odisha,Ganjam,Public Infrastructure,Development Project,High,30.88,42,15,7,26,81.6,18.4,Approval,46,1,0,0,2,0,1,0,0,2,0,157,16,0.492,68.6,64.8,0.99,0.24,7,42.74,1,62
LA200245,Karnataka,Mysuru,Public Infrastructure,Development Project,Normal,23.93,36,21,1,20,43.2,56.8,Approval,32,1,1,0,1,0,1,2,0,4,0,104,7,0.549,78.1,77.1,1.11,0.65,3,124.12,1,80
LA202814,Andhra Pradesh,NTR,Railway,Major Infrastructure,High,88.07,30,21,5,25,38.1,61.9,Notification,40,1,1,1,5,1,0,0,0,2,0,144,5,0.329,48.4,44.3,0.92,0.57,2,225.56,1,66
LA200477,Maharashtra,Pune,Highway,Major Infrastructure,High,36.5,25,13,12,15,66.7,33.3,Compensation,26,0,0,0,2,0,0,0,0,3,0,140,10,0.761,106.8,85.1,0.93,0.6,5,37.8,1,40
LA202786,Odisha,Sambalpur,Highway,Major Infrastructure,High,31.86,26,17,3,18,67.1,32.9,Approval,9,1,1,0,0,0,1,3,1,5,1,117,2,0.344,55.8,52.7,0.92,0.69,1,72.09,1,68
LA202844,Andhra Pradesh,Visakhapatnam,Highway,Major Infrastructure,High,113.31,41,20,9,12,96.9,3.1,Compensation,27,1,1,1,1,1,0,0,0,2,0,119,11,0.389,59.3,81.5,0.97,0.26,5,144.45,1,66
LA202299,Maharashtra,Aurangabad,Highway,Major Infrastructure,Normal,135.22,32,12,12,22,42.5,57.5,Notification,126,1,0,1,1,0,0,1,0,2,0,255,4,0.549,75.5,38.6,0.93,0.62,3,488.34,1,84
LA202449,Andhra Pradesh,Guntur,Irrigation,Major Infrastructure,Normal,41.3,31,17,10,15,75.7,24.3,Survey,,1,0,0,1,1,0,0,0,3,0,113,4,0.593,80.5,21.6,0.9,0.81,3,135.02,1,25
LA202784,Telangana,Hyderabad,Public Infrastructure,Development Project,High,66.68,33,14,5,18,31.4,68.6,Notification,32,1,0,0,3,0,0,1,0,3,0,131,8,0.413,64.3,23,0.9,0.78,3,127.15,1,46
LA202954,Odisha,Ganjam,Public Infrastructure,Development Project,Normal,91.58,29,12,2,18,49,51,Award,66,1,0,1,0,0,0,0,0,0,0,127,12,0.388,51.1,22.5,1.18,0.93,1,173.88,1,48
LA202983,Odisha,Puri,Railway,Major Infrastructure,Normal,74.67,36,21,7,26,84,16,Compensation,17,1,0,1,2,0,0,1,1,3,0,118,11,0.464,61.3,43.3,1.03,0.64,7,102.14,1,58
LA202160,Maharashtra,Aurangabad,Public Infrastructure,Development Project,Critical,13.55,26,16,7,15,97.6,2.4,Objection,54,1,0,0,2,0,0,5,2,0,0,137,13,0.412,61.5,38.6,0.94,0.52,3,33.67,1,51
LA200251,Karnataka,Tumakuru,Public Infrastructure,Development Project,Normal,119.89,33,21,5,20,52.2,47.8,Ownership Verification,21,1,1,1,2,1,0,2,1,0,0,119,11,0.493,61.8,48.8,1.11,0.66,3,93.22,1,65
LA200414,Karnataka,Tumakuru,Railway,Major Infrastructure,High,,28,14,4,27,40.4,59.6,Survey,23,1,0,0,3,0,1,4,1,2,0,168,11,0.346,55.8,60.7,1.01,0.87,8,71.44,1,68
LA200546,Karnataka,Dharwad,Industrial,Development Project,Critical,12.95,30,14,12,17,54.6,45.4,Approval,36,1,0,0,2,1,1,3,0,0,0,179,16,0.232,35.6,23.8,0.97,0.61,4,62.56,1,41
LA201194,Karnataka,Bengaluru Rural,Industrial,Development Project,Normal,73.52,23,14,12,16,47.5,52.5,Compensation,33,0,0,0,0,1,1,1,0,3,0,116,13,0.371,56.8,31.8,1.09,0.75,0,244.26,1,72
LA200739,Karnataka,Dharwad,Industrial,Development Project,Normal,50.17,34,14,3,14,89.5,10.5,Ownership Verification,16,1,0,0,4,0,1,1,0,2,0,114,24,0.451,62,43.6,0.91,0.56,5,227.06,0,61
LA200311,Karnataka,Dharwad,Highway,Major Infrastructure,Normal,124.21,31,23,8,15,88.4,11.6,Survey,16,1,0,0,4,0,0,3,3,1,1,107,6,0.4,41.2,58.4,1.18,0.77,2,500.08,1,61
LA201980,Odisha,Puri,Highway,Major Infrastructure,Critical,28.24,40,14,1,18,97.9,2.1,Ownership Verification,12,1,1,0,3,0,1,1,1,3,0,153,19,0.785,98.3,58.9,0.89,0.72,7,104.08,0,93
LA200894,Karnataka,Mysuru,Railway,Major Infrastructure,High,73.49,33,23,9,21,50.9,49.1,Ownership Verification,8,1,1,1,1,0,1,3,2,5,0,153,21,0.356,51.6,49.6,1.02,0.62,3,241.76,1,108
LA201132,Andhra Pradesh,Guntur,Irrigation,Major Infrastructure,High,142.47,25,14,2,11,74.1,25.9,Survey,121,0,1,0,2,0,0,4,2,2,0,264,11,0.594,80.4,50.9,0.9,0.36,1,,1,103
LA201450,Maharashtra,Kolhapur,Highway,Major Infrastructure,Normal,46.52,29,13,6,18,45.7,54.3,Possession,18,1,1,0,2,0,0,0,0,2,0,106,15,0.248,63,15,0.96,0.82,3,186.83,1,52
LA202908,Odisha,Ganjam,Railway,Major Infrastructure,Normal,90.58,30,21,4,15,93.4,6.6,Objection,26,0,0,0,3,1,0,0,0,1,0,107,1,0.347,58.2,75.3,1.09,0.6,4,239.54,1,41
LA200016,Odisha,Puri,Highway,Major Infrastructure,Normal,95.97,25,19,1,14,59.6,40.4,Approval,73,1,1,0,1,1,0,1,0,2,0,126,11,0.333,51.3,31.1,1.15,0.54,3,383.91,1,63
LA201951,Andhra Pradesh,Guntur,Industrial,Development Project,High,59.1,40,29,12,23,69.8,30.2,Ownership Verification,64,1,0,0,2,0,1,1,1,1,0,138,16,0.254,33.8,89.5,1.05,0.6,2,258.33,1,58
LA200722,Maharashtra,Pune,Railway,Major Infrastructure,Normal,172.93,32,14,7,25,62.7,37.3,Ownership Verification,23,1,0,0,1,1,1,1,0,4,1,143,10,0.377,59.8,41.2,1.08,0.83,4,492.3,1,99
LA201421,Andhra Pradesh,Visakhapatnam,Highway,Major Infrastructure,Normal,27.27,26,20,5,18,77.9,22.1,Survey,14,1,1,1,1,1,0,4,2,1,0,69,5,0.463,72.8,22.5,1.12,0.72,3,39.72,1,73
LA202634,Maharashtra,Nashik,Highway,Major Infrastructure,Critical,94.99,33,17,7,24,32.7,67.3,Possession,33,1,0,0,3,1,0,1,0,3,0,161,3,0.41,63.2,29.9,0.89,0.88,5,333.81,1,63
LA200982,Andhra Pradesh,NTR,Highway,Major Infrastructure,High,97.64,35,19,4,28,32.8,67.2,Possession,21,1,1,0,3,0,1,3,2,5,0,151,2,0.551,87.7,31.9,1.11,0.59,9,319.55,1,79
LA201875,Andhra Pradesh,Visakhapatnam,Public Infrastructure,Development Project,High,51.07,25,13,4,21,75.3,24.7,Award,56,1,0,0,4,0,0,2,0,2,0,221,8,0.271,43.2,15.9,1,0.83,4,219.52,1,58
LA201540,Maharashtra,Pune,Irrigation,Major Infrastructure,Normal,203.49,42,32,4,27,56.5,43.5,Ownership Verification,62,1,1,0,1,0,0,3,2,2,0,132,6,0.473,60.4,47,1.09,0.64,3,359.51,1,86
LA202531,Maharashtra,Nagpur,Irrigation,Major Infrastructure,Normal,45.45,32,23,10,21,98.4,1.6,Ownership Verification,14,1,1,0,3,0,1,0,0,4,0,103,11,0.214,47.7,15.3,1.06,0.66,1,92.69,1,75
LA201551,Maharashtra,Nagpur,Industrial,Development Project,High,185.73,31,14,7,20,83.2,16.8,Objection,58,0,0,0,1,0,0,0,0,4,1,186,2,0.637,91.1,50,0.88,0.53,5,660.18,0,75
LA202423,Andhra Pradesh,Krishna,Public Infrastructure,Development Project,High,33.38,25,12,11,27,55.7,44.3,Compensation,11,1,0,0,2,0,0,1,0,0,0,88,14,0.694,86.6,65.2,1.1,0.18,2,147.03,1,50
LA200364,Andhra Pradesh,Tirupati,Irrigation,Major Infrastructure,Critical,122.4,28,17,7,16,78.7,21.3,Award,88,1,0,0,2,0,0,4,1,2,0,166,5,0.76,112.7,36.7,1.05,0.59,6,439.43,1,74
LA202769,Karnataka,Dharwad,Highway,Major Infrastructure,Normal,238.43,28,21,4,19,39.7,60.3,Notification,27,1,0,1,3,0,1,1,0,1,0,148,12,0.655,80.4,52.7,1.03,0.64,1,611.5,1,61
LA200183,Telangana,Hyderabad,Public Infrastructure,Development Project,Normal,26.56,35,16,11,23,45.7,54.3,Notification,125,1,0,0,3,0,0,0,0,3,0,254,4,0.353,54,29.3,0.95,0.37,2,45.59,1,54
LA200986,Andhra Pradesh,NTR,Public Infrastructure,Development Project,Normal,,23,11,2,17,91.6,8.4,Award,34,0,0,0,3,0,0,5,2,3,0,152,9,0.243,38.6,17,1.05,0.71,1,167.88,0,46
LA201991,Maharashtra,Nagpur,Public Infrastructure,Development Project,Critical,45.12,29,21,4,14,34.9,65.1,Possession,29,1,0,0,5,1,0,2,0,1,1,72,5,0.431,60,46.3,0.95,0.73,4,196.22,0,77
LA201195,Karnataka,Dharwad,Highway,Major Infrastructure,High,111.03,26,10,9,16,45.1,54.9,Notification,26,1,1,0,1,0,0,0,0,3,0,206,16,0.355,69.2,45.8,0.93,0.34,4,281.96,1,47
LA201770,Telangana,Hyderabad,Highway,Major Infrastructure,Normal,114.12,23,12,7,13,64.3,35.7,Compensation,21,1,0,0,3,1,0,2,2,0,0,118,13,0.335,40.7,36.2,1.08,0.65,3,572.11,0,54
LA201676,Odisha,Cuttack,Public Infrastructure,Development Project,Normal,174.22,22,13,9,10,33.1,66.9,Survey,27,1,0,0,2,0,0,2,2,1,1,143,26,0.219,34.2,16.7,1.08,0.75,6,732.13,1,55
LA201122,Maharashtra,Nashik,Highway,Major Infrastructure,Normal,26.59,28,11,9,19,96.9,3.1,Award,6,1,0,0,2,0,1,2,1,2,0,102,19,0.4,68.3,18.5,1.01,0.6,3,52.95,0,60
LA200188,Karnataka,Bengaluru Rural,Industrial,Development Project,Normal,247.39,28,17,12,29,41.8,58.2,Ownership Verification,6,1,1,0,2,0,0,3,1,1,0,113,14,0.565,72.9,24.8,1.08,0.8,5,197.36,1,66
LA200620,Maharashtra,Pune,Highway,Major Infrastructure,Normal,127.85,32,12,11,29,91.5,8.5,Survey,8,0,1,1,2,0,0,3,0,1,0,174,27,0.388,55.6,29.4,1.05,0.8,4,149.99,1,55
LA201613,Karnataka,Mysuru,Public Infrastructure,Development Project,Normal,70.16,34,25,3,33,33.3,66.7,Compensation,29,1,0,0,2,1,0,1,0,2,0,134,18,0.585,81.5,49.5,1.14,0.53,1,381.99,1,65
LA201176,Odisha,Sambalpur,Highway,Major Infrastructure,Critical,19.31,26,14,8,19,88.3,11.7,Ownership Verification,42,0,1,0,1,1,1,1,0,1,1,169,1,0.099,26.9,12.6,1.11,0.74,3,26.15,0,87
LA201183,Karnataka,Belagavi,Railway,Major Infrastructure,Normal,73.06,26,20,5,15,87.3,12.7,Approval,8,0,1,0,0,1,1,0,0,2,0,90,4,0.562,83.3,75.8,0.96,0.55,4,126.67,1,64
LA202385,Andhra Pradesh,Visakhapatnam,Highway,Major Infrastructure,Critical,75.83,28,16,4,18,44.5,55.5,Possession,52,1,0,0,1,0,1,2,1,2,0,166,20,0.079,34.9,10.3,1.09,0.79,7,169.19,1,68
LA202716,Maharashtra,Nagpur,Highway,Major Infrastructure,Normal,95.97,23,9,1,14,76.6,23.4,Ownership Verification,41,1,1,0,6,0,0,3,1,1,1,98,1,0.274,45.6,33.8,1.13,0.76,7,178.17,1,76
LA200615,Odisha,Ganjam,Industrial,Development Project,Normal,112.78,26,10,4,17,80.6,19.4,Ownership Verification,7,1,1,0,4,0,0,0,0,1,0,98,3,0.516,71.9,23.5,1.02,0.56,3,451.25,1,41
LA201514,Maharashtra,Nagpur,Irrigation,Major Infrastructure,Normal,20.13,29,19,6,24,84.9,15.1,Compensation,36,0,0,0,0,1,1,2,2,0,0,95,5,0.575,73.7,38.2,1.08,0.49,3,16.81,1,57
LA201467,Odisha,Ganjam,Highway,Major Infrastructure,Normal,242.73,47,24,9,25,79.1,20.9,Objection,20,1,0,0,2,0,1,3,1,2,0,213,7,0.56,76.3,34.6,0.96,0.64,3,231.04,1,73
LA200402,Telangana,Hyderabad,Irrigation,Major Infrastructure,Normal,99.87,35,16,9,16,93.4,6.6,Survey,55,1,0,0,3,0,1,0,0,1,0,194,10,0.266,50.7,34.7,1.05,0.78,7,230.43,1,44
LA200995,Telangana,Rangareddy,Railway,Major Infrastructure,Normal,72.71,39,16,5,24,74.2,25.8,Notification,13,1,0,0,3,1,0,2,1,4,1,109,11,0.354,56.9,27.4,0.89,0.53,3,218.28,1,78
LA200935,Telangana,Medchal-Malkajgiri,Railway,Major Infrastructure,High,53.62,32,23,11,22,41.5,58.5,Compensation,14,1,1,1,1,1,0,3,1,4,0,141,6,0.297,56,61.2,0.95,0.66,3,94.1,1,62
LA200372,Karnataka,Dharwad,Highway,Major Infrastructure,Normal,35.75,33,18,1,26,53.8,46.2,Compensation,28,1,0,1,6,1,0,3,1,3,1,170,46,0.39,60.1,17.2,0.9,0.43,3,40.76,1,122
LA201923,Karnataka,Belagavi,Highway,Major Infrastructure,Normal,114.7,20,12,6,12,86.1,13.9,Possession,45,1,0,0,1,0,0,2,1,1,0,110,22,0.296,33,18.2,1.06,0.25,4,315.7,0,62
LA202307,Maharashtra,Nagpur,Highway,Major Infrastructure,Normal,36.69,31,19,9,20,73.5,26.5,Ownership Verification,18,0,1,0,3,0,0,3,0,0,0,136,6,0.533,67.8,39.7,1,0.71,5,150.81,1,39
LA200594,Karnataka,Mysuru,Industrial,Development Project,Critical,52.35,32,15,6,18,31.4,68.6,Objection,18,1,1,0,4,1,1,3,0,1,0,68,5,0.454,57.8,53.4,1.07,0.81,3,101.17,1,70
LA201911,Andhra Pradesh,Tirupati,Highway,Major Infrastructure,Normal,50.95,34,22,8,22,97.5,2.5,Award,20,0,0,0,1,1,0,2,0,2,0,135,49,0.481,78.1,26.5,1.08,0.59,2,136.28,1,85
LA200727,Karnataka,Belagavi,Public Infrastructure,Development Project,Normal,28.8,42,26,6,29,70,30,Ownership Verification,101,1,1,0,5,0,1,1,1,2,0,179,16,0.289,38.2,56.9,1.08,0.74,8,20.46,1,89
LA200827,Andhra Pradesh,Visakhapatnam,Railway,Major Infrastructure,Critical,59.16,29,14,8,23,38.1,61.9,Compensation,66,0,0,0,4,1,0,0,0,0,0,157,24,0.562,,33.1,1.03,0.38,8,273.57,1,72
LA201675,Maharashtra,Nashik,Highway,Major Infrastructure,Normal,279.8,29,20,4,19,34.2,65.8,Notification,8,1,0,0,2,0,1,2,0,0,0,124,16,0.492,72.7,58.4,1.14,0.29,7,219.1,1,47
LA200688,Telangana,Nalgonda,Highway,Major Infrastructure,High,27.39,31,22,5,19,62.9,37.1,Approval,13,1,1,0,1,0,0,5,1,2,0,93,22,0.468,58.8,26.9,0.91,0.76,5,29.41,1,66
LA202216,Maharashtra,Nagpur,Industrial,Development Project,Critical,49.4,41,18,6,26,58.3,41.7,Objection,50,1,0,0,4,0,0,2,1,2,0,97,3,0.382,60.7,51.6,0.91,0.52,3,132.09,1,36
LA200137,Karnataka,Tumakuru,Highway,Major Infrastructure,High,89.71,32,15,7,17,99.8,0.2,Award,15,1,0,0,1,0,0,1,0,2,0,134,4,0.525,86.2,24.2,1.04,0.73,5,312.67,0,47
LA202765,Odisha,Puri,Irrigation,Major Infrastructure,Normal,50.02,37,19,6,23,34.5,65.5,Approval,41,0,1,0,3,0,1,0,0,1,0,219,4,0.667,92.3,45.4,1.08,0.69,5,131.37,1,68
LA200629,Maharashtra,Nashik,Railway,Major Infrastructure,Normal,59.82,26,15,10,18,77,23,Compensation,14,0,1,0,2,1,0,1,1,1,0,121,25,0.341,57.5,57.4,1.13,0.89,8,120.4,0,67
LA200335,Telangana,Hyderabad,Industrial,Development Project,High,28.16,25,16,1,13,41.8,58.2,Ownership Verification,16,0,1,0,2,0,0,1,0,2,0,85,3,0.235,45.7,25.6,1.02,0.71,4,68.33,1,51
LA200391,Maharashtra,Pune,Irrigation,Major Infrastructure,Normal,46.83,31,16,7,25,77.4,22.6,Objection,26,1,0,0,2,0,0,3,3,1,1,85,6,0.293,45.4,69.4,0.94,0.74,6,150.42,1,74
LA202310,Andhra Pradesh,Guntur,Public Infrastructure,Development Project,High,56.84,35,18,11,25,98.9,1.1,Compensation,37,1,1,0,6,0,0,3,1,0,0,151,18,0.395,69.3,62.6,0.9,0.87,2,172.06,1,64
LA201110,Andhra Pradesh,Krishna,Irrigation,Major Infrastructure,Normal,64.67,21,14,4,15,85.7,14.3,Ownership Verification,87,1,0,1,3,0,0,1,0,2,0,200,27,0.541,73.3,22.7,1.17,0.66,3,205.68,1,83
LA201738,Odisha,Sambalpur,Irrigation,Major Infrastructure,High,27.3,34,18,6,32,85.3,14.7,Objection,18,1,0,0,2,0,1,3,0,1,0,137,19,0.573,71.7,30.7,0.89,0.64,3,40.61,0,61
LA202699,Andhra Pradesh,Guntur,Highway,Major Infrastructure,Normal,56.59,36,17,12,20,46.5,53.5,Objection,35,1,0,1,0,0,0,3,2,1,0,244,13,0.507,67,64.8,0.97,0.38,4,124.9,1,81
LA200711,Andhra Pradesh,Krishna,Railway,Major Infrastructure,High,35.6,29,12,1,19,44.2,55.8,Compensation,43,1,1,0,2,1,0,2,1,1,0,144,5,0.087,32.2,6.7,0.95,0.65,5,104.04,0,49
LA201040,Andhra Pradesh,Guntur,Public Infrastructure,Development Project,Normal,82.45,30,12,8,25,41.1,58.9,Ownership Verification,18,1,0,0,1,1,0,1,0,2,0,135,5,0.577,73.5,52.8,1.03,0.48,6,290.31,1,50
LA202715,Maharashtra,Aurangabad,Railway,Major Infrastructure,Normal,55.94,33,18,1,25,90.1,9.9,Ownership Verification,31,1,1,0,2,0,0,1,0,3,0,189,11,0.561,78.3,24.7,0.97,0.71,5,165.07,0,64
LA201851,Karnataka,Tumakuru,Highway,Major Infrastructure,High,175.65,28,21,7,21,71.3,28.7,Objection,5,1,0,1,0,0,0,4,2,0,0,128,4,0.383,58.3,24.1,1.05,0.56,3,393.47,1,64
LA202596,Maharashtra,Aurangabad,Irrigation,Major Infrastructure,Critical,40.12,29,23,12,27,49.1,50.9,Survey,10,1,1,0,4,0,0,2,2,0,0,125,11,0.506,84.7,36,1.08,0.37,6,177.93,1,44
LA201562,Karnataka,Tumakuru,Highway,Major Infrastructure,Normal,42.43,28,13,4,19,37.8,62.2,Award,25,1,0,0,1,1,0,2,0,1,0,130,6,0.376,51.3,34.3,0.91,0.39,0,108.66,1,42
LA202758,Andhra Pradesh,NTR,Highway,Major Infrastructure,High,27.88,27,11,8,13,39.9,60.1,Approval,26,1,0,0,2,1,1,3,1,2,0,104,4,0.374,56.8,37,0.92,0.36,5,95.69,1,65
LA201595,Odisha,Khordha,Public Infrastructure,Development Project,High,57.09,33,24,7,18,88.8,11.2,Possession,19,1,0,0,3,0,1,,0,6,0,158,19,0.371,59,24.1,0.99,0.41,7,60.8,1,85
LA202751,Andhra Pradesh,Tirupati,Irrigation,Major Infrastructure,High,56.55,23,9,9,26,73.6,26.4,Ownership Verification,150,1,1,0,3,0,1,0,0,0,0,266,1,0.647,89,30.7,1.03,0.7,4,47.05,1,90
LA201113,Karnataka,Dharwad,Industrial,Development Project,High,184.79,23,12,11,17,32.4,67.6,Notification,30,1,0,1,1,0,0,3,1,1,0,107,34,0.617,95.2,33.2,0.91,0.27,1,372.92,1,79
LA200466,Karnataka,Dharwad,Public Infrastructure,Development Project,Normal,25.81,29,13,12,28,64.5,35.5,Ownership Verification,14,0,1,0,2,0,1,4,3,0,0,81,7,0.213,40.1,23.1,1,0.65,3,69.17,1,64
LA201561,Andhra Pradesh,Guntur,Public Infrastructure,Development Project,Normal,154.09,25,16,1,15,37,63,Notification,30,1,0,1,1,0,0,1,1,0,0,97,5,0.499,74.7,33.6,0.94,0.38,4,506.15,1,50
LA201224,Andhra Pradesh,Visakhapatnam,Public Infrastructure,Development Project,Normal,90.42,21,16,2,16,59,41,Objection,1,1,0,0,4,1,0,0,0,6,0,184,2,0.212,34.6,37.5,1.08,0.77,3,194.11,0,49
LA201954,Andhra Pradesh,NTR,Public Infrastructure,Development Project,Normal,126.3,34,13,11,19,74.3,25.7,Survey,23,1,0,0,2,0,1,1,0,0,0,111,17,0.241,49.2,22.6,1.14,0.83,6,568.42,1,47
LA202967,Telangana,Nalgonda,Highway,Major Infrastructure,Normal,32.53,25,12,12,12,64.5,35.5,Survey,23,1,1,0,2,1,1,1,1,2,0,107,0,0.49,70.1,56.8,1.03,0.73,3,33.18,0,57
LA202349,Andhra Pradesh,Guntur,Public Infrastructure,Development Project,High,71.25,27,20,9,27,80.2,19.8,Approval,16,1,1,0,3,0,0,0,0,1,0,99,14,0.176,33.5,29.9,1.17,0.34,11,,1,37
LA201509,Maharashtra,Aurangabad,Irrigation,Major Infrastructure,Critical,226.34,29,21,1,21,53.2,46.8,Approval,49,1,0,0,6,0,0,3,1,2,0,160,21,0.591,76.6,44.2,1.1,0.68,5,819.54,0,77
LA201105,Telangana,Nalgonda,Railway,Major Infrastructure,Normal,67.25,26,19,7,14,32.8,67.2,Objection,76,1,0,0,2,0,1,9,2,0,0,218,11,0.5,80.3,43.8,1.01,0.46,3,252.67,1,86
LA201989,Maharashtra,Nagpur,Public Infrastructure,Development Project,Normal,75.46,37,22,6,23,44.8,55.2,Approval,38,1,0,0,2,0,1,0,0,0,0,137,22,0.515,76.7,38.8,0.95,0.92,5,243.99,0,49
LA200339,Karnataka,Tumakuru,Public Infrastructure,Development Project,Normal,154.6,28,21,8,16,96.9,3.1,Compensation,36,1,0,0,1,0,0,1,0,4,0,158,22,0.273,55.3,26.6,1.01,0.69,3,629.45,1,48
LA200216,Andhra Pradesh,Tirupati,Public Infrastructure,Development Project,High,48.14,38,14,5,24,68,32,Ownership Verification,25,1,0,0,2,1,0,0,0,0,0,93,20,0.23,52.9,32.4,0.98,0.71,3,119.63,1,33
LA201616,Odisha,Khordha,Highway,Major Infrastructure,High,126.65,29,17,5,13,41.8,58.2,Notification,11,1,0,0,0,0,1,4,2,2,0,240,5,0.423,68.3,66,1.07,0.6,2,460.64,1,54
LA201917,Maharashtra,Pune,Industrial,Development Project,Normal,51.98,22,8,3,11,84.8,15.2,Objection,5,1,0,0,3,0,0,2,0,1,0,152,4,0.335,52.6,12.8,1.14,0.58,11,138.38,1,23
LA202515,Maharashtra,Nashik,Public Infrastructure,Development Project,Normal,103,34,16,12,21,51.7,48.3,Possession,47,1,0,0,3,0,0,2,0,7,0,184,7,0.49,67.8,26.8,1.07,0.51,2,408.1,1,65
LA202805,Telangana,Medchal-Malkajgiri,Highway,Major Infrastructure,Normal,48.13,29,18,4,21,92.4,7.6,Approval,11,1,0,1,0,1,0,1,0,1,0,132,17,0.306,57.2,17.5,1,0.41,3,223.2,1,49
LA201593,Maharashtra,Kolhapur,Industrial,Development Project,High,35.05,29,15,2,16,85.4,14.6,Survey,59,1,0,0,2,0,0,2,1,2,0,190,7,0.428,65.3,20.4,1.01,0.51,3,62.87,1,53
LA202241,Karnataka,Mysuru,Industrial,Development Project,High,67.18,27,11,11,22,77.1,22.9,Notification,19,0,0,0,3,0,0,1,0,1,0,177,9,0.562,66.9,19.8,1.02,0.4,2,154.95,0,40
LA201685,Andhra Pradesh,Tirupati,Railway,Major Infrastructure,Normal,69.69,33,19,2,15,52.5,47.5,Ownership Verification,17,1,1,0,1,0,0,2,1,1,0,98,16,0.187,45.9,29.3,1.04,0.66,2,308.27,1,41
LA202523,Andhra Pradesh,NTR,Public Infrastructure,Development Project,Normal,35.68,25,12,4,12,55.9,44.1,Objection,46,1,0,0,1,0,1,0,0,4,1,216,2,0.639,89.7,26.3,1.15,0.69,0,58.6,1,86
LA200817,Karnataka,Bengaluru Rural,Irrigation,Major Infrastructure,Normal,51.17,36,25,4,23,51.6,48.4,Ownership Verification,46,1,1,0,3,0,0,1,1,1,0,182,20,0.442,66.1,26.3,1.06,0.72,3,61.47,1,61
LA201068,Maharashtra,Kolhapur,Highway,Major Infrastructure,High,76.96,21,10,4,7,82.5,17.5,Possession,43,1,0,1,3,1,0,0,0,1,0,179,8,0.223,,32.6,1.14,0.45,7,178.57,1,58
LA202004,Andhra Pradesh,Krishna,Public Infrastructure,Development Project,Normal,104.38,25,13,7,17,90.6,9.4,Award,68,1,1,0,1,0,0,1,0,1,0,163,12,0.652,82,27.9,0.89,0.63,7,386.17,1,61
LA200275,Karnataka,Bengaluru Rural,Railway,Major Infrastructure,Critical,74.46,32,11,12,25,85.1,14.9,Compensation,63,1,1,0,2,1,0,4,1,1,0,166,3,0.481,71.1,39.5,1.17,0.87,5,64.76,1,72
LA202245,Karnataka,Dharwad,Highway,Major Infrastructure,Normal,65.63,28,16,8,20,82,18,Notification,11,1,1,0,1,0,0,2,0,0,0,206,23,0.502,68.9,62.2,0.99,0.52,3,146.53,1,51
LA200866,Odisha,Khordha,Industrial,Development Project,Normal,27.81,30,13,1,19,97.8,2.2,Approval,40,0,0,0,2,0,0,4,1,4,0,114,4,0.671,87.3,76.1,0.89,0.62,4,67.17,1,73
LA200102,Karnataka,Dharwad,Railway,Major Infrastructure,Normal,47.29,32,21,2,16,57.8,42.2,Compensation,2,1,0,1,5,0,1,1,0,1,0,127,11,0.135,27,19.7,1.16,0.68,6,101.82,0,53
LA201502,Karnataka,Belagavi,Public Infrastructure,Development Project,High,51.68,36,16,12,23,43.5,56.5,Approval,15,1,0,0,2,1,1,3,2,3,0,96,1,0.144,28.1,27.3,1.12,0.68,6,285.97,1,67
LA202150,Karnataka,Dharwad,Highway,Major Infrastructure,High,72.54,31,12,10,18,81,19,Objection,23,1,0,1,6,0,0,0,0,2,0,154,6,0.608,75.9,31.9,1.14,0.64,5,95.06,1,46
LA200172,Karnataka,Tumakuru,Railway,Major Infrastructure,Normal,50.39,34,21,7,17,47.9,52.1,Compensation,20,1,0,1,2,0,0,0,0,0,0,103,13,0.341,51.5,33.9,0.96,0.47,3,157.51,0,56
LA200108,Telangana,Warangal,Railway,Major Infrastructure,Normal,35.8,34,24,6,23,63.5,36.5,Approval,12,0,0,0,1,0,1,2,1,0,0,99,9,0.181,33.4,27.5,1.06,0.83,4,41.49,0,43
LA201863,Odisha,Khordha,Irrigation,Major Infrastructure,High,166.23,26,17,11,14,40.6,59.4,Ownership Verification,20,1,1,1,1,0,1,3,2,0,0,65,8,0.564,87.9,38.9,0.94,0.44,10,697.88,1,77
LA201522,Karnataka,Bengaluru Rural,Public Infrastructure,Development Project,High,31.3,28,14,7,17,63.9,36.1,Award,32,0,0,0,6,0,0,3,0,1,0,128,9,0.352,59.4,77.3,0.88,0.7,1,96.32,1,38
LA202988,Maharashtra,Pune,Irrigation,Major Infrastructure,High,88.98,31,16,4,22,51.9,48.1,Possession,58,1,0,0,2,1,0,3,2,5,0,178,13,0.334,53.6,48,1.09,0.67,2,242.25,1,81
LA202203,Andhra Pradesh,Guntur,Railway,Major Infrastructure,Normal,36.1,24,19,7,19,78.7,21.3,Award,28,0,0,0,0,1,0,1,0,2,0,233,13,0.329,55.7,22.6,1.02,0.28,1,99.42,1,50
LA202055,Odisha,Cuttack,Highway,Major Infrastructure,Normal,43.51,27,13,7,19,68.4,31.6,Notification,22,1,0,1,7,0,0,2,1,0,1,91,17,0.166,43.3,13.6,1.06,0.77,2,231.59,1,58
LA201765,Odisha,Ganjam,Highway,Major Infrastructure,Normal,46.69,34,26,6,22,96,4,Objection,55,0,0,0,6,0,0,4,0,2,0,173,20,0.373,62,48.8,1.15,0.76,7,82.11,1,65
LA202034,Telangana,Medchal-Malkajgiri,Industrial,Development Project,High,341.89,33,25,7,22,48.8,51.2,Compensation,38,1,1,0,1,0,0,0,0,1,0,191,46,0.073,,110.5,1.04,0.68,5,892.89,1,71
LA201963,Maharashtra,Aurangabad,Highway,Major Infrastructure,Normal,65.02,28,12,1,20,87.7,12.3,Approval,65,1,1,0,4,0,1,2,0,4,0,226,5,0.324,62.6,17,1.02,0.54,4,204.17,1,74
LA202251,Andhra Pradesh,NTR,Railway,Major Infrastructure,Normal,159.58,36,18,4,25,41.6,58.4,Notification,17,0,0,0,3,1,1,1,0,2,1,96,11,0.2,44.7,70.4,1.14,0.43,2,224.72,1,76
LA202341,Andhra Pradesh,NTR,Highway,Major Infrastructure,Normal,31.13,29,20,6,17,57.4,42.6,Approval,60,0,0,0,3,1,1,5,4,0,0,193,7,0.632,71.7,21.4,0.94,0.79,4,133.49,1,93
LA202576,Andhra Pradesh,Krishna,Railway,Major Infrastructure,Normal,27.58,28,20,3,18,83.7,16.3,Award,16,1,0,0,3,0,0,0,0,1,0,151,6,0.48,69.4,38.2,1.01,0.41,4,114.22,0,49
LA201925,Telangana,Hyderabad,Railway,Major Infrastructure,Critical,42.65,30,14,10,25,34.4,65.6,Approval,22,1,0,0,2,0,1,2,1,2,0,102,3,0.535,80.4,28.2,1.1,0.33,3,174.29,0,51
LA200296,Andhra Pradesh,Guntur,Railway,Major Infrastructure,High,281.31,26,19,4,21,47.1,52.9,Ownership Verification,34,1,0,0,2,1,0,0,0,1,0,141,7,0.671,82.1,51.8,0.92,0.68,4,1223.21,1,47
LA200713,Maharashtra,Kolhapur,Industrial,Development Project,High,50.34,30,11,2,23,88.3,11.7,Survey,31,1,0,0,3,0,0,5,3,0,0,128,7,0.391,59.2,37,1.17,0.65,8,113.19,1,49
LA200073,Andhra Pradesh,Tirupati,Public Infrastructure,Development Project,High,45.39,26,19,4,9,49.4,50.6,Compensation,73,1,0,0,4,1,0,3,1,3,0,174,24,0.174,47.1,33.8,1.08,0.84,3,177.49,1,84
LA201953,Maharashtra,Kolhapur,Industrial,Development Project,Normal,315.08,21,11,8,14,34,66,Possession,61,1,0,1,3,0,0,3,2,2,0,137,18,0.688,88.9,61.6,0.91,0.4,5,341.12,1,74
LA202270,Andhra Pradesh,Visakhapatnam,Irrigation,Major Infrastructure,Critical,23.61,24,13,2,16,73.9,26.1,Compensation,24,1,1,0,2,0,0,2,0,4,1,161,5,0.803,99.4,41.6,0.99,0.39,2,35.5,1,91
LA202562,Maharashtra,Nagpur,Railway,Major Infrastructure,Normal,66.52,24,9,4,12,88.7,11.3,Award,31,1,0,0,2,0,0,0,0,2,0,95,27,0.368,68.5,36.5,1.07,0.75,1,221.95,1,57
LA202886,Odisha,Sambalpur,Highway,Major Infrastructure,Normal,38.35,22,9,5,16,74.9,25.1,Award,45,0,1,1,2,0,0,4,2,3,0,242,23,0.684,94.1,70,1.08,0.62,3,168.76,1,99
LA200482,Maharashtra,Aurangabad,Public Infrastructure,Development Project,Normal,82.36,33,14,3,22,36.4,63.6,Notification,31,0,0,1,1,0,0,1,0,3,0,167,0,0.343,59,61,1.03,0.69,6,86.37,1,48
LA202219,Odisha,Sambalpur,Highway,Major Infrastructure,Normal,24.95,28,20,12,27,74.8,25.2,Notification,33,0,0,1,2,0,0,1,0,2,0,95,6,0.798,106.3,78.3,1.12,0.84,7,78.99,0,51
LA201531,Karnataka,Dharwad,Industrial,Development Project,High,29.57,29,14,3,18,63.7,36.3,Award,120,1,0,0,1,0,1,2,1,1,0,181,4,0.777,108.2,94.7,0.94,0.42,1,75.38,1,94
LA202116,Odisha,Khordha,Irrigation,Major Infrastructure,Normal,62.35,24,17,12,14,42.8,57.2,Compensation,32,1,0,0,4,0,1,2,0,1,0,270,15,0.465,,81.4,0.96,0.4,3,190.84,1,63
LA201515,Andhra Pradesh,Guntur,Irrigation,Major Infrastructure,Critical,45.2,29,11,5,24,84.9,15.1,Compensation,4,1,1,1,3,1,1,0,0,2,0,97,3,0.564,81.7,37.4,1.15,0.46,2,134.58,1,81
LA202961,Telangana,Medchal-Malkajgiri,Highway,Major Infrastructure,Critical,210.76,21,16,8,16,94.5,5.5,Objection,52,1,0,0,2,0,1,4,2,1,0,163,3,0.458,64.3,33.9,1.16,0.5,4,726.1,1,63
LA201491,Maharashtra,Pune,Highway,Major Infrastructure,High,51.62,34,13,10,20,75.1,24.9,Compensation,14,1,1,0,2,0,0,2,0,3,0,116,9,0.122,32.2,18.7,1.05,0.83,4,113.83,1,59
LA201172,Karnataka,Bengaluru Rural,Irrigation,Major Infrastructure,Normal,128.44,36,16,11,17,54,46,Award,34,1,0,0,1,0,1,0,0,6,0,121,11,0.061,43.9,26.6,1.16,0.77,5,541.5,1,45
LA202453,Odisha,Ganjam,Irrigation,Major Infrastructure,Normal,122.93,30,19,7,11,96.3,3.7,Possession,12,1,0,0,3,0,0,0,0,2,0,102,22,0.842,101.8,40.3,1.14,0.81,10,567.48,1,56
LA202430,Andhra Pradesh,Krishna,Public Infrastructure,Development Project,Normal,33.66,35,13,8,18,82.8,17.2,Approval,22,1,1,0,2,0,1,2,0,1,0,90,1,0.522,77.3,28,1.1,0.62,3,91.51,1,45
LA202074,Andhra Pradesh,Krishna,Highway,Major Infrastructure,High,95.14,31,12,10,23,67.4,32.6,Ownership Verification,4,0,0,1,7,0,0,1,1,3,0,156,20,0.22,32.1,12.6,0.96,0.41,4,388.1,0,42
LA202217,Odisha,Sambalpur,Railway,Major Infrastructure,Normal,10.01,26,17,8,14,35,65,Ownership Verification,2,1,1,0,1,0,0,3,0,2,0,175,18,0.711,91.6,35.1,1.01,0.67,5,39.23,1,70
LA202272,Karnataka,Tumakuru,Railway,Major Infrastructure,High,65.04,36,25,7,20,66.8,33.2,Possession,17,1,1,0,3,0,0,1,0,3,0,119,11,0.646,82.4,67.1,1.08,0.83,6,98.09,1,66
LA200406,Maharashtra,Kolhapur,Industrial,Development Project,Normal,42.2,31,18,12,21,54.1,45.9,Survey,42,0,1,0,2,0,0,0,0,3,0,133,4,0.312,51,25.7,1.02,0.98,5,225.36,1,48
LA200758,Andhra Pradesh,Visakhapatnam,Railway,Major Infrastructure,High,244.61,29,12,5,15,49.5,50.5,Possession,67,1,0,0,3,0,0,3,0,0,1,212,1,0.379,64.6,24,1.17,0.88,7,1108.48,1,61
LA201957,Karnataka,Belagavi,Railway,Major Infrastructure,Normal,19.64,25,14,4,19,96.9,3.1,Approval,17,1,1,0,3,0,1,2,2,5,0,104,8,0.74,96.1,25.9,0.96,0.41,2,60.72,1,91
LA202185,Telangana,Rangareddy,Railway,Major Infrastructure,Critical,277.18,29,22,10,20,94.5,5.5,Compensation,23,0,0,1,4,1,0,0,0,1,0,117,4,0.456,58.6,60.5,1.18,0.34,2,1345.95,1,59
LA201952,Maharashtra,Nagpur,Highway,Major Infrastructure,Normal,61.42,27,10,6,16,39.6,60.4,Notification,5,1,0,1,0,0,0,1,0,2,0,125,25,0.145,29.6,26.3,1.03,0.87,5,88.24,1,47
LA200098,Andhra Pradesh,Krishna,Highway,Major Infrastructure,Normal,26.79,26,13,12,17,87,13,Ownership Verification,23,1,0,1,3,0,0,2,1,1,0,87,7,0.234,45.3,87.5,1.14,0.5,1,31.45,0,50
LA201334,Odisha,Ganjam,Public Infrastructure,Development Project,High,41.45,31,19,2,14,49.4,50.6,Possession,42,1,0,0,2,1,0,1,0,0,0,122,6,0.272,38.8,16.9,0.97,0.79,3,172.85,1,49
LA202390,Telangana,Nalgonda,Highway,Major Infrastructure,Normal,40.48,38,17,4,21,63.5,36.5,Possession,21,0,0,0,1,0,0,3,1,1,0,66,5,0.578,77.6,29.1,1.14,0.54,4,209.3,1,47
LA200744,Odisha,Sambalpur,Railway,Major Infrastructure,Normal,88.85,34,18,5,16,61,39,Compensation,17,1,0,0,0,1,1,1,0,3,0,155,4,0.588,84.9,40.4,0.93,0.47,4,151.45,1,77
LA200807,Maharashtra,Nagpur,Highway,Major Infrastructure,Normal,104.95,31,16,2,17,85.4,14.6,Survey,7,1,0,0,1,1,1,3,2,2,0,96,27,0.241,35.1,57.1,1.04,0.79,3,148.1,1,65
LA202770,Andhra Pradesh,Visakhapatnam,Highway,Major Infrastructure,High,89.58,30,21,12,24,85.2,14.8,Approval,44,1,1,1,1,0,0,1,1,2,0,110,7,0.608,71.7,20.8,1.16,0.76,4,388.13,1,86
LA201897,Maharashtra,Nashik,Highway,Major Infrastructure,Normal,57.35,,14,6,18,95.3,4.7,Notification,10,1,0,1,3,0,0,0,0,2,0,110,37,0.344,61.5,36.7,1.11,0.5,5,,1,68
LA202500,Maharashtra,Nagpur,Public Infrastructure,Development Project,High,34.98,31,16,8,17,57.9,42.1,Ownership Verification,34,0,1,0,2,0,0,1,0,2,0,154,4,0.095,27.6,23.2,0.91,0.5,6,111.64,1,46
LA201536,Maharashtra,Aurangabad,Railway,Major Infrastructure,Normal,38.92,,12,3,16,76.3,23.7,Survey,28,1,1,1,0,0,0,2,0,2,0,122,7,0.382,,45.8,0.96,0.79,5,105.2,1,48
LA202051,Andhra Pradesh,Visakhapatnam,Railway,Major Infrastructure,Normal,70.41,25,17,2,15,60,40,Award,27,1,1,0,3,0,0,0,0,2,0,102,11,0.593,71.4,20.4,1.06,0.57,2,249.95,0,50
LA202011,Karnataka,Belagavi,Public Infrastructure,Development Project,Normal,82.54,33,25,2,12,57.7,42.3,Approval,49,1,1,0,1,0,0,1,0,2,0,205,22,0.103,20.3,34.6,1,0.29,5,368.5,1,51
LA200149,Telangana,Nalgonda,Irrigation,Major Infrastructure,Normal,81.73,28,11,11,16,78.7,21.3,Compensation,16,0,1,0,5,1,0,1,0,1,0,101,20,0.04,22.8,16.1,1.02,0.52,3,67.18,0,65
LA202555,Telangana,Nalgonda,Highway,Major Infrastructure,Normal,32.37,26,17,10,20,38.7,61.3,Ownership Verification,15,1,1,0,3,1,0,3,2,1,0,134,16,0.595,81.9,82.3,0.9,0.51,5,131.99,1,72
LA202054,Telangana,Nalgonda,Public Infrastructure,Development Project,Critical,25.01,32,12,3,26,30.9,69.1,Objection,16,1,1,0,3,0,0,3,2,3,0,80,18,0.23,49.4,30.3,0.94,0.42,3,80.72,1,70
LA201903,Odisha,Puri,Industrial,Development Project,Normal,58.63,25,11,7,20,94,6,Award,54,1,1,0,7,0,0,2,1,1,0,184,7,0.454,76.4,37,1.1,0.34,7,64.27,1,62
LA201316,Karnataka,Dharwad,Industrial,Development Project,High,126.13,41,15,12,25,48.4,51.6,Compensation,68,1,0,0,3,1,1,1,0,3,0,158,21,0.449,46.7,31.8,1.01,0.17,7,657.75,1,82
LA200693,Telangana,Medchal-Malkajgiri,Irrigation,Major Infrastructure,High,221.27,34,26,2,29,52.2,47.8,Possession,19,1,0,0,5,0,0,0,0,1,0,134,10,0.202,42.5,33.1,1.11,0.83,6,872.43,1,26
LA200819,Odisha,Sambalpur,Industrial,Development Project,Normal,55.26,25,19,4,15,46.2,53.8,Survey,64,1,0,0,0,1,1,1,1,1,0,154,17,0.206,43.4,26.7,1.14,0.48,5,79.19,0,72
LA201729,Karnataka,Bengaluru Rural,Irrigation,Major Infrastructure,Normal,,33,17,10,24,67.8,32.2,Ownership Verification,30,1,1,0,3,0,1,1,0,3,0,97,15,0.364,58.9,43,1.13,0.5,5,168.44,1,76
LA201387,Karnataka,Belagavi,Public Infrastructure,Development Project,Normal,106.84,27,12,9,21,99.7,0.3,Objection,24,1,0,0,3,0,0,1,0,3,0,202,21,0.309,57.3,50.6,1.09,0.59,2,412.82,1,45
LA202282,Telangana,Medchal-Malkajgiri,Industrial,Development Project,Normal,48.82,24,19,12,17,66.2,33.8,Approval,13,1,1,0,4,0,1,2,0,1,0,87,3,0.181,33.9,47.9,0.94,0.43,5,183.72,1,43
LA202734,Andhra Pradesh,NTR,Industrial,Development Project,High,52.56,31,15,6,18,62.7,37.3,Survey,10,0,1,0,3,0,0,3,1,3,0,102,9,0.334,45.9,47.6,1.04,0.84,6,120.91,0,56
LA201600,Telangana,Rangareddy,Highway,Major Infrastructure,Normal,81.96,33,20,4,19,88.4,11.6,Award,35,1,0,0,3,0,0,3,2,3,0,179,53,0.375,52.6,39.4,1.15,0.52,2,387.92,1,84
LA202611,Karnataka,Mysuru,Highway,Major Infrastructure,Normal,212.82,21,15,6,13,50.4,49.6,Compensation,41,1,0,0,6,1,0,1,0,2,0,117,6,0.643,78.2,29.5,0.99,0.39,6,610.25,0,69
LA202458,Maharashtra,Aurangabad,Industrial,Development Project,Critical,52.78,28,11,6,18,47.8,52.2,Notification,63,1,1,1,0,0,0,5,3,2,0,308,21,0.087,24.2,9,0.95,0.34,3,89.79,1,77
LA200702,Andhra Pradesh,Visakhapatnam,Railway,Major Infrastructure,Normal,85.35,35,21,10,19,69.8,30.2,Compensation,73,1,1,0,0,1,0,1,1,0,0,172,12,0.652,89.3,35.3,1.07,0.46,5,92.12,1,81
LA201879,Telangana,Rangareddy,Railway,Major Infrastructure,Normal,106.12,32,18,3,16,87.8,12.2,Approval,25,1,0,0,3,0,1,2,0,2,0,122,15,0.28,43.4,33.2,0.95,0.54,7,409.6,1,64
LA202657,Andhra Pradesh,Krishna,Industrial,Development Project,High,384.81,24,9,1,11,32.8,67.2,Approval,61,1,0,1,1,0,0,1,0,1,0,154,9,0.41,56.1,30.9,1.11,0.26,4,1024.08,1,63
LA200922,Odisha,Puri,Irrigation,Major Infrastructure,High,61.13,29,19,6,27,39,61,Compensation,5,1,0,0,2,0,1,5,2,3,0,66,7,0.141,41.8,23,1.17,0.32,4,120.7,1,64
LA201425,Telangana,Nalgonda,Irrigation,Major Infrastructure,Normal,17.78,29,21,8,16,62.4,37.6,Possession,70,0,0,1,4,1,0,2,1,0,0,183,6,0.425,75,18.8,1.02,0.75,4,31.13,1,75
LA201709,Karnataka,Bengaluru Rural,Irrigation,Major Infrastructure,Normal,34.84,32,23,3,25,100,0,Ownership Verification,24,1,1,0,2,0,0,1,0,4,0,150,14,0.449,62.1,25,1.1,0.79,4,92.41,1,64
LA200906,Karnataka,Mysuru,Highway,Major Infrastructure,Normal,107.57,27,17,3,14,87.5,12.5,Notification,19,1,0,0,0,1,1,1,0,0,0,74,12,0.613,82.3,,0.97,0.68,7,66.09,1,64
LA200455,Odisha,Khordha,Highway,Major Infrastructure,Normal,119.81,23,13,8,15,85.8,14.2,Award,100,1,1,1,2,0,0,3,1,0,0,188,0,0.687,82.5,,1.08,0.85,4,259.96,1,78
LA202186,Karnataka,Belagavi,Public Infrastructure,Development Project,Normal,197.54,25,15,1,13,87.1,12.9,Notification,59,1,0,1,3,0,0,0,0,2,0,156,15,0.48,78.4,33.1,1.02,0.56,6,361.43,1,55
LA202305,Telangana,Medchal-Malkajgiri,Highway,Major Infrastructure,Normal,217.63,30,23,5,17,59.1,40.9,Ownership Verification,47,1,1,0,6,1,1,3,1,3,0,184,3,0.506,73.2,50.8,1.08,0.31,5,1075.2,1,84
LA201772,Odisha,Cuttack,Irrigation,Major Infrastructure,Normal,122.46,30,12,10,11,53.1,46.9,Objection,39,1,0,0,1,0,0,4,2,0,0,171,46,0.082,27.5,46.5,1.02,0.78,1,458.17,1,64
LA200168,Karnataka,Tumakuru,Industrial,Development Project,Normal,47.69,28,14,7,20,59.2,40.8,Compensation,108,1,1,0,2,1,0,1,1,2,1,201,11,0.401,56.1,28.1,0.88,0.46,2,106.08,1,110
LA200731,Telangana,Rangareddy,Irrigation,Major Infrastructure,Normal,99.3,27,13,3,19,36.9,63.1,Ownership Verification,7,1,1,0,4,0,0,2,1,3,1,119,10,0.321,64.4,41.9,0.99,0.69,5,352.57,1,70
LA202189,Andhra Pradesh,Tirupati,Public Infrastructure,Development Project,Normal,55.25,32,18,1,18,86,14,Notification,25,1,0,1,2,1,0,5,2,1,0,137,22,0.497,72.7,44.9,0.93,0.54,7,46.78,1,81
LA201311,Odisha,Sambalpur,Highway,Major Infrastructure,High,23.53,22,13,10,12,47.8,52.2,Ownership Verification,17,0,1,0,3,0,0,4,0,1,0,104,32,0.333,60.4,25,1,0.8,1,20.98,1,57
LA200027,Odisha,Puri,Highway,Major Infrastructure,High,38.93,24,14,4,21,59.2,40.8,Award,33,1,0,1,0,1,1,1,0,7,1,100,10,0.364,46.3,27.8,0.91,0.39,2,191.55,1,94
LA202060,Telangana,Nalgonda,Public Infrastructure,Development Project,Normal,42.94,27,17,11,14,87.8,12.2,Approval,28,1,0,0,2,0,1,0,0,0,1,170,15,0.557,81.7,73.7,1.02,0.75,4,152.85,1,76
LA201653,Odisha,Khordha,Public Infrastructure,Development Project,Normal,73.85,26,10,4,26,59,41,Objection,70,1,0,1,5,0,1,3,3,2,1,198,51,0.789,96.8,42.9,1.11,0.69,10,115.06,1,137
LA201623,Odisha,Cuttack,Industrial,Development Project,Normal,174.34,37,23,1,27,63.7,36.3,Compensation,25,1,0,0,1,1,0,2,2,0,0,103,28,0.458,60.5,57.5,1.17,0.74,5,776.48,1,65
LA200588,Odisha,Puri,Railway,Major Infrastructure,Normal,66.83,33,25,6,13,68.2,31.8,Survey,11,1,0,0,1,0,1,2,1,3,0,148,5,0.183,56.1,26.6,1.12,0.35,6,54.19,1,58
LA202017,Karnataka,Tumakuru,Irrigation,Major Infrastructure,Normal,67.18,28,16,7,19,44.5,55.5,Compensation,13,1,1,0,1,0,0,4,1,1,0,80,20,0.358,57.2,39.9,1.09,0.7,3,62.58,1,65
LA200998,Telangana,Rangareddy,Highway,Major Infrastructure,Normal,86.63,36,28,11,22,56.1,43.9,Survey,13,1,0,0,5,1,0,2,0,1,0,148,5,0.366,49.3,23.2,1.11,0.43,4,114.41,0,43
LA201177,Andhra Pradesh,Krishna,Public Infrastructure,Development Project,Normal,83.39,25,19,8,16,90.2,9.8,Compensation,30,0,0,0,1,1,0,0,0,1,0,128,16,0.757,104.6,53.6,0.91,0.62,3,337.17,1,55
LA201701,Karnataka,Dharwad,Highway,Major Infrastructure,Normal,61.03,29,13,8,14,90,10,Approval,35,1,0,0,1,0,0,3,0,3,0,91,3,0.607,74.9,40.3,0.99,0.75,7,43.86,1,52
LA201041,Maharashtra,Kolhapur,Irrigation,Major Infrastructure,Normal,204.45,29,12,4,12,89.1,10.9,Objection,59,1,1,0,2,0,1,2,2,2,0,174,9,0.522,74.2,39.8,0.97,0.85,5,352.69,1,73
LA200034,Karnataka,Dharwad,Irrigation,Major Infrastructure,Normal,35.59,29,18,7,27,72.2,27.8,Compensation,34,1,0,0,4,1,0,1,0,2,0,131,5,0.37,61.6,46.4,1.09,0.84,3,81.58,1,54
LA201810,Maharashtra,Aurangabad,Railway,Major Infrastructure,Normal,43.87,26,17,3,16,31.2,68.8,Possession,54,1,0,0,2,0,1,0,0,1,1,158,6,0.296,43.5,49.6,1.02,0.75,1,111.42,1,74
LA202627,Andhra Pradesh,Krishna,Railway,Major Infrastructure,Normal,22.82,33,26,6,19,62.2,37.8,Survey,16,0,0,0,3,0,0,2,0,3,1,147,5,0.279,37,18.1,0.94,0.7,8,121.52,1,60
LA201380,Andhra Pradesh,Krishna,Public Infrastructure,Development Project,Normal,136.41,33,24,11,22,94,6,Survey,42,0,0,0,2,1,0,1,1,0,0,124,13,0.367,47.6,23.4,1.16,0.72,2,491.79,1,62
LA200042,Maharashtra,Pune,Highway,Major Infrastructure,Normal,40.18,25,16,2,11,91,9,Ownership Verification,11,1,1,0,1,0,1,1,1,0,0,147,16,0.203,37.1,18.8,1.04,0.75,6,211.92,1,49
LA201792,Andhra Pradesh,Tirupati,Irrigation,Major Infrastructure,High,33.96,33,23,1,12,36.6,63.4,Objection,119,0,0,0,1,0,0,3,1,3,0,213,15,0.272,28.2,47.9,1.1,0.7,5,139.17,1,88
LA202190,Telangana,Warangal,Highway,Major Infrastructure,Normal,31.54,35,15,10,23,93.3,6.7,Compensation,62,1,1,0,1,1,0,3,1,2,0,131,7,0.208,47.3,44.1,1.07,0.36,2,110.79,1,84
LA202607,Odisha,Puri,Public Infrastructure,Development Project,High,18.64,34,14,6,20,97.2,2.8,Compensation,44,1,0,1,1,1,0,1,1,2,0,109,4,0.415,61,42.5,1.08,0.72,5,53.83,0,70
LA201973,Maharashtra,Nashik,Railway,Major Infrastructure,Normal,56.71,26,9,6,20,88.2,11.8,Compensation,47,0,0,1,4,1,0,1,0,1,0,170,26,0.2,44.7,15.6,1.17,0.48,6,240.39,1,75
LA202290,Odisha,Ganjam,Irrigation,Major Infrastructure,Normal,78.4,31,21,7,23,81.4,18.6,Notification,56,1,0,1,2,0,1,2,1,0,0,172,12,0.322,54.9,23.6,1.13,0.82,5,248.38,1,66
LA201926,Karnataka,Bengaluru Rural,Railway,Major Infrastructure,Normal,43.72,21,15,1,11,32.5,67.5,Ownership Verification,35,1,1,1,3,0,0,3,1,1,0,119,8,0.452,71.7,28.5,0.89,0.86,2,235.33,0,68
LA200610,Andhra Pradesh,Visakhapatnam,Highway,Major Infrastructure,High,148.27,31,20,3,15,35.6,64.4,Award,17,1,0,0,1,0,0,0,0,2,0,78,8,0.071,17.4,20.1,1.1,0.6,5,157.3,0,29
LA201133,Maharashtra,Pune,Highway,Major Infrastructure,Critical,101.42,35,14,8,16,87.9,12.1,Ownership Verification,35,1,0,0,2,0,0,1,1,1,0,165,15,0.377,70,22.9,0.95,0.42,2,503.7,1,42
LA200029,Telangana,Warangal,Industrial,Development Project,Normal,98.44,37,16,8,23,75.2,24.8,Objection,22,1,0,1,3,0,0,2,1,0,0,204,2,0.381,57.2,38.2,1.15,0.67,0,88.18,1,41
LA200442,Karnataka,Dharwad,Public Infrastructure,Development Project,Normal,67.61,29,18,7,17,43.7,56.3,Notification,53,1,0,1,2,1,0,1,1,2,0,104,3,0.147,36.9,20.5,1.09,0.33,5,238.7,1,51
LA202356,Andhra Pradesh,Tirupati,Public Infrastructure,Development Project,High,91.43,39,27,9,22,66.6,33.4,Approval,56,0,1,0,3,1,1,5,1,2,0,156,37,0.223,35.2,10.2,1.04,0.62,1,174.16,0,105
LA202799,Telangana,Warangal,Public Infrastructure,Development Project,High,35.82,26,10,8,18,57.8,42.2,Approval,21,1,0,1,3,0,1,1,0,4,1,101,13,0.21,41.5,24.8,1.12,0.59,2,144.74,1,80
LA200494,Karnataka,Mysuru,Highway,Major Infrastructure,Normal,48.93,40,14,1,29,37.4,62.6,Approval,11,1,0,0,2,0,0,2,0,2,0,148,25,0.467,67.7,24.6,1.08,0.29,6,200.27,1,62
LA201259,Odisha,Khordha,Railway,Major Infrastructure,Critical,34.07,25,14,3,10,73.6,26.4,Notification,57,1,0,0,2,0,0,5,2,4,1,167,15,0.592,93.3,39.3,1.16,0.59,5,73.87,1,84
LA201302,Karnataka,Tumakuru,Irrigation,Major Infrastructure,Normal,63.5,35,16,8,20,34.5,65.5,Ownership Verification,5,0,1,0,1,0,1,1,1,2,0,86,11,0.189,39.7,25.3,1.09,0.55,8,273.96,0,61
LA202366,Odisha,Ganjam,Public Infrastructure,Development Project,High,54.59,31,13,7,18,69.6,30.4,Notification,27,1,0,1,3,0,1,1,0,1,0,235,8,0.654,71.3,67.2,1.01,0.63,2,42.8,1,63
LA201383,Telangana,Nalgonda,Railway,Major Infrastructure,Normal,108.83,30,16,8,18,95.1,4.9,Objection,70,1,0,0,3,1,0,2,1,2,0,140,18,0.492,63.7,23.1,0.97,0.89,3,85.45,1,65
LA201305,Odisha,Puri,Highway,Major Infrastructure,Normal,116.32,26,18,11,18,56.3,43.7,Compensation,36,1,1,0,1,0,0,1,1,1,0,164,15,0.481,84.2,56.6,1.04,0.71,0,212.25,1,67
LA200237,Odisha,Cuttack,Highway,Major Infrastructure,Normal,85.86,30,18,10,17,45.9,54.1,Approval,5,1,1,0,0,0,0,2,1,3,0,199,4,0.65,94.2,44.1,0.96,0.75,3,382.04,1,63
LA200552,Maharashtra,Nagpur,Public Infrastructure,Development Project,Normal,42.73,30,17,1,23,68,32,Compensation,69,1,0,0,2,0,0,3,1,2,0,143,12,0.304,46.8,43.8,0.97,0.5,3,115.84,1,61
LA200521,Andhra Pradesh,Visakhapatnam,Public Infrastructure,Development Project,High,232.9,34,24,11,34,83.1,16.9,Approval,5,1,0,0,3,0,0,3,2,3,0,133,6,0.404,,41.7,0.97,0.25,6,617.77,1,61
LA202447,Telangana,Hyderabad,Highway,Major Infrastructure,High,52.16,29,18,6,19,76.1,23.9,Ownership Verification,53,1,1,0,3,1,0,4,1,1,0,212,11,0.328,42.1,30.2,1.17,0.65,4,248.34,1,88
LA201233,Odisha,Sambalpur,Highway,Major Infrastructure,High,8.88,30,14,4,15,48.8,51.2,Approval,37,1,0,0,1,0,1,2,2,0,0,109,9,0.457,57.3,68,1.01,0.43,3,32.18,1,71
LA201139,Odisha,Cuttack,Highway,Major Infrastructure,High,21.98,28,14,2,13,96,4,Award,27,0,1,0,5,0,0,4,2,3,0,134,14,0.267,52.6,26.8,0.94,0.44,5,20.69,1,72
LA200721,Karnataka,Mysuru,Railway,Major Infrastructure,High,292.36,35,15,4,19,85.7,14.3,Objection,56,1,0,0,2,1,1,0,0,1,1,178,3,0.241,39.4,16.1,0.93,0.76,5,434.98,1,73
LA200736,Andhra Pradesh,Guntur,Railway,Major Infrastructure,Normal,87.2,28,19,9,14,93.1,6.9,Possession,27,1,0,0,5,0,0,3,2,2,0,115,6,0.808,96.2,62.8,1.06,0.61,5,208.91,1,48
LA202654,Andhra Pradesh,Krishna,Public Infrastructure,Development Project,High,72.51,20,13,11,18,87,13,Notification,24,1,0,0,2,0,1,5,1,1,0,193,13,0.6,79.9,25.4,1.09,0.44,3,218.45,1,60
LA201751,Andhra Pradesh,Krishna,Public Infrastructure,Development Project,Critical,161.99,26,15,11,19,69.6,30.4,Compensation,53,0,1,1,2,0,0,2,1,1,0,157,19,0.517,86.3,91.7,1.15,0.39,5,430.74,1,75
LA200059,Karnataka,Bengaluru Rural,Highway,Major Infrastructure,High,83.03,27,19,1,21,72.7,27.3,Award,22,1,0,1,3,0,0,2,2,0,0,100,4,0.322,54.2,35.7,1.01,0.82,4,,1,43
LA200632,Telangana,Hyderabad,Railway,Major Infrastructure,Normal,57.07,20,14,4,11,54.6,45.4,Possession,1,1,0,0,1,0,1,2,1,2,0,114,18,0.618,87.3,27.1,1.03,0.62,11,213.78,1,54
LA201182,Odisha,Cuttack,Irrigation,Major Infrastructure,Normal,74.03,22,16,10,10,67,33,Ownership Verification,16,1,0,0,2,0,0,2,0,0,0,158,35,0.504,75.5,69.9,1.09,0.31,4,91.74,1,63
LA202204,Maharashtra,Nashik,Highway,Major Infrastructure,Normal,48.37,25,14,5,21,52.4,47.6,Approval,14,1,0,0,1,0,1,1,0,3,0,69,2,0.219,32,10.2,1.05,0.86,10,52.46,1,50
LA200593,Maharashtra,Pune,Irrigation,Major Infrastructure,Normal,49.15,34,14,9,22,93.9,6.1,Possession,25,1,1,0,0,0,0,2,0,2,0,162,17,0.5,71.6,23.7,1.13,0.66,0,159.98,1,58
LA201304,Karnataka,Belagavi,Railway,Major Infrastructure,Normal,59.17,23,10,1,14,74.6,25.4,Ownership Verification,45,1,1,1,6,0,0,6,3,1,0,164,2,0.431,61.8,88.2,0.97,0.65,7,39.29,1,80
LA201388,Karnataka,Dharwad,Public Infrastructure,Development Project,High,239.03,35,20,5,23,54.2,45.8,Notification,20,1,0,0,4,0,0,3,0,3,0,161,24,0.454,68.9,68.5,0.97,0.91,2,1336.76,1,51
LA202616,Telangana,Hyderabad,Highway,Major Infrastructure,High,32.83,25,16,6,14,50.9,49.1,Possession,17,1,0,0,2,1,0,,0,5,0,125,8,0.466,69.6,35.5,0.9,0.55,6,37.17,1,78
LA202631,Andhra Pradesh,Tirupati,Industrial,Development Project,Normal,75.84,33,15,8,25,97.5,2.5,Compensation,14,0,0,0,1,0,1,0,0,1,0,87,10,0.293,59.8,25.2,0.91,0.21,4,292.64,1,44
LA201846,Odisha,Cuttack,Industrial,Development Project,Normal,192.69,31,23,1,25,62.3,37.7,Objection,7,1,1,0,3,0,0,1,0,0,0,84,10,0.389,58,,1.04,0.9,2,254.73,1,27
LA200940,Andhra Pradesh,Tirupati,Highway,Major Infrastructure,High,161.37,22,9,10,15,88.9,11.1,Possession,29,1,1,0,4,0,0,1,0,1,0,121,1,0.459,71,23.7,0.94,0.86,4,503.97,0,44
LA202789,Karnataka,Mysuru,Highway,Major Infrastructure,High,28.68,22,11,2,18,45.9,54.1,Compensation,12,1,0,1,3,0,1,1,1,3,0,149,12,0.593,76.5,25.3,0.91,0.77,2,104.2,1,70
LA201250,Maharashtra,Kolhapur,Irrigation,Major Infrastructure,Normal,100.7,24,9,4,22,90.1,9.9,Objection,42,1,0,1,1,0,0,1,0,0,0,117,11,0.298,37.5,27.1,1.04,0.63,3,97.93,1,52
LA200905,Andhra Pradesh,Guntur,Public Infrastructure,Development Project,Normal,108.67,30,22,8,25,36.5,63.5,Ownership Verification,14,1,1,0,0,0,0,0,0,2,0,119,4,0.789,103.3,63.1,1.15,0.46,3,189.6,1,48
LA202544,Telangana,Hyderabad,Irrigation,Major Infrastructure,Normal,38.77,33,23,6,20,74.6,25.4,Compensation,27,1,0,1,0,0,0,0,0,0,0,107,2,0.224,43.1,34.6,0.99,0.75,7,178.88,1,42
LA201280,Odisha,Puri,Railway,Major Infrastructure,Normal,110.33,33,18,1,16,83.9,16.1,Approval,8,1,0,1,1,1,1,0,0,1,0,125,39,0.496,79,58.1,1,0.5,3,501.31,1,83
LA202403,Andhra Pradesh,Guntur,Highway,Major Infrastructure,Normal,60.09,27,17,10,17,81.3,18.7,Ownership Verification,56,0,1,0,1,0,0,4,0,1,0,154,17,0.697,,56.4,1.03,0.46,4,92.52,0,83
LA202960,Telangana,Hyderabad,Public Infrastructure,Development Project,High,175.4,27,10,6,19,93.9,6.1,Approval,28,1,1,0,0,1,0,2,1,2,0,150,11,0.079,26.1,16.4,1.01,0.83,2,250.34,1,64
LA202127,Telangana,Rangareddy,Irrigation,Major Infrastructure,Critical,134.25,21,10,7,17,88.2,11.8,Award,28,0,1,0,4,0,1,2,1,1,0,124,18,0.162,35.4,11.7,1.16,0.58,3,584.85,1,75
LA202388,Maharashtra,Pune,Industrial,Development Project,Normal,38.5,23,17,1,15,69,31,Ownership Verification,48,1,1,1,2,0,0,1,0,5,0,101,6,0.122,28.9,11.8,1.16,0.68,4,131.88,1,69
LA202043,Karnataka,Tumakuru,Highway,Major Infrastructure,High,96.43,30,20,12,15,92.1,7.9,Award,9,1,0,0,3,1,0,2,0,5,0,122,12,0.203,41.3,12.1,0.92,0.61,3,375.7,1,60
LA201143,Odisha,Puri,Railway,Major Infrastructure,Normal,31.11,28,16,1,34,35.5,64.5,Notification,15,1,0,1,1,1,0,2,0,0,0,102,10,0.226,43.2,53.2,1.02,0.84,3,81,1,49
LA202382,Andhra Pradesh,Krishna,Industrial,Development Project,High,35.14,35,18,9,16,84.5,15.5,Ownership Verification,8,1,1,0,0,0,0,2,1,0,0,81,30,0.821,108.7,54.4,0.92,0.75,5,101.54,0,64
LA200707,Telangana,Medchal-Malkajgiri,Irrigation,Major Infrastructure,Normal,100.19,28,12,4,14,69,31,Award,22,1,1,0,0,0,0,2,1,3,0,142,20,0.195,39.3,25.5,1.13,0.46,5,582.57,1,64
LA202642,Odisha,Cuttack,Railway,Major Infrastructure,Normal,45.14,32,13,2,19,93,7,Objection,18,0,0,0,2,0,1,1,0,1,0,158,21,0.407,51.8,49.9,0.99,0.36,5,68.75,1,53
LA201023,Karnataka,Belagavi,Industrial,Development Project,High,58.22,26,13,12,15,87.3,12.7,Award,29,1,0,0,2,1,0,2,1,2,0,191,11,0.378,56.3,40.8,0.92,0.31,7,82.54,1,59
LA200746,Karnataka,Belagavi,Highway,Major Infrastructure,High,168.5,35,20,9,27,53.1,46.9,Approval,20,1,0,0,1,0,1,3,0,2,0,91,5,0.489,58.2,,1.14,0.59,3,493.68,1,61
LA201547,Andhra Pradesh,Krishna,Irrigation,Major Infrastructure,Normal,80.07,26,13,12,14,76.1,23.9,Compensation,30,1,1,0,3,1,0,1,0,1,0,94,0,0.49,77.4,34.7,1.04,0.88,3,315.67,0,57
LA202358,Odisha,Ganjam,Railway,Major Infrastructure,High,54.37,,13,9,23,45.9,54.1,Approval,36,0,1,0,3,0,1,1,1,3,0,168,47,0.607,88.2,32.2,1.07,0.81,6,124.2,1,105
LA202047,Telangana,Warangal,Railway,Major Infrastructure,Normal,46.64,28,14,6,20,34,66,Award,12,1,0,0,5,0,0,0,0,0,0,113,4,0.489,76.5,28.7,1.04,0.71,4,136.19,0,30
LA200514,Telangana,Warangal,Highway,Major Infrastructure,Normal,100.52,36,18,1,25,79.2,20.8,Approval,36,1,0,0,1,0,1,5,0,1,0,100,3,0.299,63.5,16,0.91,0.56,6,418.05,1,46
LA200082,Maharashtra,Pune,Railway,Major Infrastructure,High,72.38,26,17,3,21,88.5,11.5,Compensation,16,0,1,0,3,0,0,0,0,1,0,175,1,0.417,55.5,32.6,1.15,0.8,7,294.52,1,45
LA202662,Telangana,Hyderabad,Irrigation,Major Infrastructure,Normal,129.13,26,18,12,12,73.7,26.3,Possession,56,1,0,0,2,0,0,1,0,3,0,190,30,0.586,81.7,28.3,0.95,0.76,2,241.36,0,71
LA201309,Maharashtra,Kolhapur,Industrial,Development Project,Normal,70.4,39,16,2,25,38,62,Objection,22,1,1,0,4,0,0,1,1,1,0,95,7,0.493,55.1,25.2,0.88,0.9,5,93.37,1,50
LA202496,Telangana,Medchal-Malkajgiri,Railway,Major Infrastructure,Normal,112.58,41,23,12,26,52.6,47.4,Award,133,1,0,1,3,0,1,1,0,0,0,240,11,0.591,84.3,75.6,1.07,0.72,7,84.04,1,74
LA200915,Maharashtra,Nashik,Highway,Major Infrastructure,Normal,72.63,26,12,9,22,98,2,Objection,43,1,0,0,3,0,0,2,1,1,0,121,9,0.272,35.1,31.6,1.05,0.7,5,208.29,1,57
LA201405,Andhra Pradesh,NTR,Railway,Major Infrastructure,Normal,59.23,24,13,5,15,59.2,40.8,Ownership Verification,6,1,0,0,0,0,0,3,2,1,0,89,1,0.578,67.5,85.6,0.99,0.48,7,197.65,0,36
LA201648,Maharashtra,Pune,Railway,Major Infrastructure,Normal,45.66,22,15,1,6,37.2,62.8,Ownership Verification,38,1,1,0,3,1,0,1,0,2,0,133,5,0.646,91.3,60.9,0.98,0.15,5,66.46,1,62
LA202761,Odisha,Puri,Industrial,Development Project,High,208.81,26,17,6,14,85.8,14.2,Possession,8,1,0,0,3,1,0,0,0,3,0,159,14,0.215,51.6,14.3,0.92,0.55,4,290.31,1,49
LA201109,Telangana,Nalgonda,Public Infrastructure,Development Project,Normal,36.35,34,23,11,22,35.1,64.9,Notification,56,1,0,0,4,0,0,1,0,1,0,120,2,0.45,72.9,33.4,1.02,0.68,3,182.31,1,46
LA200151,Odisha,Sambalpur,Railway,Major Infrastructure,Normal,26.94,38,19,10,28,99.9,0.1,Approval,7,1,1,1,4,0,1,2,1,1,0,200,6,0.402,52.5,37.1,1.01,0.73,3,98.24,1,62
LA202727,Andhra Pradesh,Tirupati,Public Infrastructure,Development Project,Normal,315.47,37,22,3,22,37.5,62.5,Objection,20,1,0,0,3,0,0,3,3,4,1,137,6,0.203,43.5,14.4,0.97,0.59,4,332.53,1,67
LA200775,Andhra Pradesh,Krishna,Public Infrastructure,Development Project,High,88.62,39,22,1,28,69.1,30.9,Notification,18,0,0,1,4,0,0,2,1,3,0,136,20,0.381,62.9,53.2,1.02,0.9,7,119.82,1,71
LA200330,Karnataka,Tumakuru,Highway,Major Infrastructure,Normal,47.33,35,23,8,21,34.8,65.2,Ownership Verification,42,1,1,0,2,0,0,2,2,1,0,167,5,0.31,39.5,18,1.12,0.8,4,263.87,1,63
LA200007,Telangana,Medchal-Malkajgiri,Railway,Major Infrastructure,Normal,94.83,35,17,6,12,40.5,59.5,Survey,13,1,1,1,3,1,0,4,3,1,0,91,4,0.344,61.8,55.7,1.03,0.64,2,252.67,1,75
LA200944,Andhra Pradesh,Visakhapatnam,Industrial,Development Project,Normal,62.52,28,17,8,20,79.9,20.1,Ownership Verification,56,1,1,1,1,0,0,0,0,1,0,147,7,0.236,37.5,40.4,1.15,0.61,4,59.99,1,65
LA200823,Maharashtra,Aurangabad,Public Infrastructure,Development Project,Normal,56.59,,15,9,13,70.8,29.2,Notification,70,1,1,0,5,0,0,0,0,5,1,131,4,0.74,100.2,33,1.17,0.61,5,183.09,1,102
LA200735,Andhra Pradesh,NTR,Public Infrastructure,Development Project,Critical,49.13,32,15,12,23,87.9,12.1,Ownership Verification,46,1,1,0,2,0,0,0,0,3,0,160,8,0.496,58.7,26,1.11,0.83,2,180.08,1,60
LA200910,Andhra Pradesh,NTR,Irrigation,Major Infrastructure,High,245.66,37,20,4,32,99,1,Notification,15,1,0,0,3,1,1,0,0,1,0,173,14,0.584,81.6,68.6,1.13,0.46,4,1059.02,0,56
LA200469,Andhra Pradesh,Krishna,Irrigation,Major Infrastructure,High,167.02,29,17,6,16,48,52,Notification,30,1,0,0,2,1,1,0,0,3,1,134,3,0.148,28.4,16.5,0.93,0.61,6,292.31,1,79
LA200182,Odisha,Sambalpur,Highway,Major Infrastructure,Normal,66.15,34,18,3,19,98.1,1.9,Objection,27,0,0,0,3,1,0,2,0,5,0,155,27,0.514,66.6,35.7,0.91,0.72,4,255.5,1,91
LA200165,Telangana,Rangareddy,Industrial,Development Project,Critical,29.9,34,18,6,15,99.7,0.3,Ownership Verification,7,0,1,0,6,1,0,1,0,3,0,145,3,0.32,53.4,44.2,1.02,0.95,1,118.26,0,61
LA201524,Odisha,Ganjam,Irrigation,Major Infrastructure,Normal,272.6,26,14,5,15,55.4,44.6,Notification,8,1,0,0,4,0,0,1,0,1,0,185,5,0.459,60.1,26.6,1,0.47,11,1172.42,1,41
LA200452,Telangana,Nalgonda,Public Infrastructure,Development Project,Normal,73.01,30,18,1,24,35,65,Compensation,11,1,0,0,2,1,0,2,1,1,0,92,3,0.185,37.8,45.8,0.93,0.49,6,262.95,1,42
LA200491,Maharashtra,Kolhapur,Public Infrastructure,Development Project,High,82.6,31,12,8,19,60.8,39.2,Ownership Verification,54,1,0,0,2,0,0,3,1,0,0,189,14,0.511,74.1,32.2,0.91,0.71,5,389.03,1,60
LA202005,Telangana,Warangal,Industrial,Development Project,Normal,90.34,26,16,3,14,95.3,4.7,Compensation,5,1,1,0,3,1,1,3,1,1,0,142,5,0.306,53.4,44.8,1.08,0.47,8,142.05,1,72
LA201144,Andhra Pradesh,Visakhapatnam,Irrigation,Major Infrastructure,Normal,43.12,26,13,11,15,69.5,30.5,Approval,26,1,0,0,1,0,1,2,1,4,0,155,3,0.609,97.1,45.7,1.17,0.65,2,117.55,1,58
LA201312,Telangana,Medchal-Malkajgiri,Irrigation,Major Infrastructure,Normal,69.59,33,20,1,29,53.8,46.2,Survey,18,1,0,0,4,0,0,2,2,1,0,75,7,0.585,73.1,42,0.97,0.7,5,161.28,1,46
LA202243,Telangana,Hyderabad,Public Infrastructure,Development Project,Normal,220.63,29,22,9,25,48.7,51.3,Possession,6,0,0,0,3,0,1,,0,1,0,149,12,0.475,52.8,58.8,1.01,0.9,5,1043.22,1,47
LA201112,Andhra Pradesh,Krishna,Irrigation,Major Infrastructure,Normal,145.56,27,9,4,17,51.7,48.3,Objection,31,1,0,0,0,0,0,1,0,1,0,180,39,0.472,74.2,52.1,0.91,0.78,7,588.34,1,53
LA202855,Telangana,Medchal-Malkajgiri,Industrial,Development Project,High,90.69,32,13,6,23,37.2,62.8,Survey,28,1,0,0,3,0,0,3,0,0,0,78,10,0.294,59.1,28,0.89,0.64,4,354.37,1,47
LA201978,Karnataka,Tumakuru,Highway,Major Infrastructure,Normal,30.24,32,14,12,19,42.3,57.7,Ownership Verification,47,1,1,0,0,0,1,1,1,7,0,178,5,0.617,78.6,27.6,0.96,0.58,5,154.69,1,85
LA201442,Telangana,Nalgonda,Irrigation,Major Infrastructure,Normal,41.42,37,21,12,23,71.6,28.4,Award,25,1,0,0,8,0,0,2,0,1,0,160,6,0.467,65.2,32.1,1.05,0.69,2,91.34,0,39
LA201890,Odisha,Cuttack,Industrial,Development Project,Critical,78.12,37,19,7,25,74.4,25.6,Award,16,1,0,0,2,0,0,2,0,1,0,92,12,0.245,41.4,35,1.01,0.52,4,261.56,1,20
LA201007,Maharashtra,Aurangabad,Railway,Major Infrastructure,Normal,122,30,23,6,14,52.9,47.1,Award,37,1,0,0,0,0,0,0,0,1,0,159,19,0.612,78.9,64.1,1.03,0.64,3,77.7,1,40
LA201628,Karnataka,Bengaluru Rural,Highway,Major Infrastructure,High,81.77,27,13,4,13,36.3,63.7,Survey,30,1,0,1,4,0,0,5,1,2,0,161,22,0.239,43.5,13.3,0.91,0.74,2,356.33,1,64
LA201633,Odisha,Puri,Irrigation,Major Infrastructure,High,74.81,33,22,3,20,63.2,36.8,Approval,21,1,0,0,0,0,1,2,2,1,0,142,10,0.2,45.1,18.4,1.09,0.42,3,285.62,1,45
LA201075,Andhra Pradesh,NTR,Irrigation,Major Infrastructure,Normal,45.16,33,21,10,20,54.2,45.8,Award,48,1,0,0,5,0,0,0,0,2,0,125,7,0.165,44.4,26.1,1.01,0.68,4,175.96,0,32
LA200579,Maharashtra,Aurangabad,Industrial,Development Project,Normal,,26,13,8,24,49.2,50.8,Notification,15,0,0,1,3,0,1,0,0,3,1,87,4,0.36,62.7,60,1.04,0.54,3,263.88,0,77
LA202728,Odisha,Sambalpur,Highway,Major Infrastructure,Normal,59.2,38,24,5,32,68.5,31.5,Approval,9,1,0,0,2,0,1,1,0,0,0,56,5,0.338,51,29,1.1,0.23,5,253.54,0,44
LA202346,Andhra Pradesh,Krishna,Highway,Major Infrastructure,Critical,309.71,36,20,1,29,98.6,1.4,Ownership Verification,8,1,0,0,2,1,0,1,0,0,0,131,54,0.251,36.9,,1.17,0.11,11,240.53,1,77
LA202264,Andhra Pradesh,Krishna,Industrial,Development Project,Normal,64.9,21,16,9,16,80.8,19.2,Objection,11,1,1,0,2,0,1,,2,0,0,130,12,0.585,77.9,33.6,0.96,0.7,3,76.72,1,66
LA202303,Maharashtra,Nagpur,Irrigation,Major Infrastructure,High,34.12,24,18,12,13,84.4,15.6,Award,12,1,0,0,4,0,1,1,0,2,1,110,25,0.432,69.7,61.2,1.1,0.4,2,178.15,0,76
LA200328,Karnataka,Tumakuru,Industrial,Development Project,Normal,52.35,27,15,4,14,70.8,29.2,Award,37,1,0,0,3,1,0,3,0,1,0,147,7,0.584,89.4,34.1,1.02,0.45,3,116.79,1,47
LA201791,Maharashtra,Kolhapur,Public Infrastructure,Development Project,High,45.6,30,17,7,18,51.2,48.8,Ownership Verification,25,1,0,0,2,0,0,4,1,2,0,108,12,0.457,63,19.4,1,0.54,2,112.89,1,42
LA200443,Maharashtra,Pune,Highway,Major Infrastructure,Normal,75.09,25,17,6,17,55.4,44.6,Award,75,1,0,0,3,0,0,0,0,1,0,215,25,0.382,,26.8,0.99,0.63,4,287.38,1,56
LA201859,Telangana,Nalgonda,Public Infrastructure,Development Project,High,154.93,30,22,7,21,38.5,61.5,Survey,14,0,0,1,0,1,0,1,0,1,0,153,22,0.374,47.8,33.8,0.92,0.84,2,313.01,1,49
LA202171,Maharashtra,Aurangabad,Industrial,Development Project,Critical,24.09,17,13,6,9,72.2,27.8,Objection,16,0,0,1,2,0,0,1,0,2,0,123,13,0.45,72.9,32,1.12,0.78,5,126.01,1,62
LA202833,Telangana,Medchal-Malkajgiri,Industrial,Development Project,Normal,50.84,26,15,5,13,98.1,1.9,Compensation,8,1,1,1,2,1,0,1,1,2,0,149,5,0.597,82.8,25.5,0.92,0.74,7,96.03,1,78
LA200833,Odisha,Puri,Irrigation,Major Infrastructure,High,63.41,26,19,10,16,74.4,25.6,Compensation,29,1,1,0,3,0,1,0,0,1,0,134,11,0.252,29.4,45,0.9,0.66,4,127.27,1,53
LA202375,Odisha,Sambalpur,Railway,Major Infrastructure,Normal,22.26,31,22,3,34,75.4,24.6,Approval,58,1,0,0,1,0,1,4,0,3,0,268,12,0.6,81,60,1.02,0.94,10,36.54,1,77
LA202104,Odisha,Khordha,Highway,Major Infrastructure,High,152.48,26,18,7,18,56.4,43.6,Ownership Verification,30,1,1,0,1,0,0,0,0,0,0,107,5,0.786,108.6,,0.91,0.63,1,371.77,1,43
LA201415,Karnataka,Belagavi,Public Infrastructure,Development Project,Normal,73.52,27,14,4,20,99.1,0.9,Ownership Verification,57,1,0,1,2,0,0,1,0,1,0,135,7,0.339,49.5,31.1,1.03,0.72,5,186.63,1,56
LA201202,Odisha,Ganjam,Railway,Major Infrastructure,Normal,44.61,38,16,12,25,64.5,35.5,Compensation,55,1,0,0,3,1,0,1,0,4,0,103,9,0.314,51.5,24.1,0.91,0.64,5,227.67,1,61
LA202315,Odisha,Cuttack,Highway,Major Infrastructure,High,77.5,31,17,10,20,82,18,Compensation,25,1,1,0,7,1,0,1,0,1,0,162,41,0.547,70.4,20.1,0.96,0.72,4,416.66,1,87
LA201500,Karnataka,Mysuru,Irrigation,Major Infrastructure,Critical,161.44,41,28,2,30,60,40,Approval,11,1,0,0,3,0,0,0,0,2,0,77,10,0.071,14.6,25.5,1,0.58,5,822.94,1,26
LA202878,Telangana,Nalgonda,Public Infrastructure,Development Project,Normal,29.43,36,27,8,21,89.8,10.2,Notification,11,1,1,0,0,1,0,2,0,2,0,148,13,0.208,47.2,130,1.07,0.82,2,89.75,1,54
LA200087,Andhra Pradesh,Tirupati,Highway,Major Infrastructure,Normal,57.16,34,13,8,16,32.1,67.9,Approval,16,1,1,1,1,0,1,2,1,2,0,154,4,0.196,41.4,29.2,0.96,0.41,5,104.93,1,59
LA201404,Telangana,Medchal-Malkajgiri,Highway,Major Infrastructure,High,27.56,31,23,4,18,49.9,50.1,Award,45,1,0,0,4,0,1,1,0,2,0,168,5,0.33,38.5,23.3,1.13,0.87,8,114.11,1,50
LA202927,Telangana,Hyderabad,Highway,Major Infrastructure,High,65.02,18,9,4,12,79.3,20.7,Objection,26,1,0,0,2,0,0,2,0,2,0,98,8,0.467,68.3,44,1.14,0.71,3,75.89,0,47
LA201482,Odisha,Sambalpur,Highway,Major Infrastructure,High,19.13,34,21,3,28,94.1,5.9,Objection,31,1,0,0,1,0,0,3,1,3,1,126,18,0.733,101.4,42.5,1.17,0.41,6,24.42,1,78
LA200778,Andhra Pradesh,NTR,Irrigation,Major Infrastructure,Normal,25.77,31,19,10,20,34.3,65.7,Survey,38,0,0,0,2,1,0,2,0,2,0,120,10,0.648,91.4,41.2,1,0.67,5,29.14,1,60
LA200800,Telangana,Hyderabad,Industrial,Development Project,Normal,35.78,33,14,7,17,80.9,19.1,Compensation,86,0,0,0,1,0,1,0,0,2,0,237,11,0.612,73.6,22.7,0.89,0.87,2,169.29,1,76
LA201667,Maharashtra,Nashik,Highway,Major Infrastructure,Normal,308.03,28,11,9,21,85.1,14.9,Notification,107,1,0,0,1,0,0,0,0,1,0,264,8,0.303,55.7,28.3,0.89,0.5,4,,1,64
LA200055,Andhra Pradesh,Visakhapatnam,Highway,Major Infrastructure,High,60.15,31,18,6,27,33.6,66.4,Notification,30,1,0,1,0,0,0,2,1,2,0,130,7,0.675,98.7,56,1.01,0.63,4,155.45,1,45
LA202363,Telangana,Nalgonda,Industrial,Development Project,Normal,15.77,28,14,1,25,76.6,23.4,Award,20,1,0,1,2,0,0,1,0,0,0,177,13,0.74,93.1,56.4,1.01,0.4,1,32.08,1,46
LA201288,Andhra Pradesh,Guntur,Highway,Major Infrastructure,Normal,51.4,24,9,6,14,98.5,1.5,Survey,33,1,0,0,6,0,0,0,0,3,0,100,6,0.58,88,80.5,1.04,0.78,3,87.18,0,41
LA201668,Odisha,Khordha,Public Infrastructure,Development Project,High,43.07,28,13,10,24,53.3,46.7,Objection,29,0,0,0,3,0,0,2,2,1,0,201,1,0.191,40,43.4,1.13,0.43,6,37.32,1,34
LA202587,Telangana,Rangareddy,Highway,Major Infrastructure,Normal,63.22,29,13,4,18,79.1,20.9,Compensation,2,1,0,0,6,1,0,0,0,1,0,92,3,0.448,75.2,42,1.11,0.73,6,107.83,1,34
LA202155,Maharashtra,Kolhapur,Highway,Major Infrastructure,Normal,194.91,21,8,4,11,31.2,68.8,Approval,36,1,0,0,3,0,1,3,1,5,1,141,12,0.339,51.6,21.5,1,0.31,3,802.44,1,107
LA201702,Maharashtra,Aurangabad,Highway,Major Infrastructure,Normal,42.66,40,24,6,37,60.4,39.6,Compensation,74,1,1,0,6,0,0,3,1,0,0,178,14,0.526,75.5,79.7,0.91,0.59,2,92.73,1,72
LA201246,Andhra Pradesh,Krishna,Irrigation,Major Infrastructure,Normal,27.61,27,20,1,23,53.6,46.4,Survey,29,1,0,0,6,0,0,6,4,3,0,102,1,0.238,52.8,10.6,1.02,0.66,1,79.83,1,70
LA200114,Karnataka,Mysuru,Highway,Major Infrastructure,Normal,99.2,33,19,6,26,78.6,21.4,Approval,13,1,0,0,3,1,1,3,3,1,0,151,6,0.393,61.4,48.6,0.91,0.54,7,70.65,1,54
LA202807,Karnataka,Mysuru,Irrigation,Major Infrastructure,High,96.09,36,17,9,26,42.6,57.4,Survey,29,1,0,1,1,1,0,1,0,1,0,132,17,0.445,62.7,27.7,1.1,0.29,7,73.74,1,63
LA200988,Karnataka,Belagavi,Railway,Major Infrastructure,Normal,29.46,28,20,7,20,49,51,Survey,15,1,0,0,3,1,0,2,1,1,0,96,21,0.759,94.7,32.7,1.1,0.76,1,46.74,1,65
LA200502,Odisha,Cuttack,Public Infrastructure,Development Project,Normal,102.57,26,16,3,17,59.8,40.2,Ownership Verification,63,1,1,0,2,0,0,1,0,2,0,119,2,0.325,59.3,38.1,0.99,0.57,4,372,1,57
LA202892,Karnataka,Mysuru,Public Infrastructure,Development Project,Normal,30.34,34,26,7,22,76.4,23.6,Approval,21,1,0,0,4,1,1,3,2,3,0,104,11,0.428,62.8,33.6,1.08,0.66,2,105.02,1,66
LA201010,Karnataka,Bengaluru Rural,Irrigation,Major Infrastructure,Normal,73.49,30,21,5,23,73.7,26.3,Award,56,1,0,1,1,1,0,1,1,2,0,219,11,0.447,54.6,38.9,1.16,0.95,7,364.59,1,73
LA201199,Telangana,Nalgonda,Public Infrastructure,Development Project,Normal,81.89,27,13,3,19,76.7,23.3,Ownership Verification,99,0,1,0,6,0,0,2,1,2,0,179,1,0.497,82.6,38.7,1.04,0.76,6,216.42,1,82
LA201395,Telangana,Hyderabad,Public Infrastructure,Development Project,High,85.69,25,12,9,14,83.5,16.5,Notification,20,1,0,1,2,0,0,2,1,5,0,153,9,0.752,112.4,62.7,0.97,0.84,4,129.9,0,72
LA200590,Telangana,Rangareddy,Public Infrastructure,Development Project,Normal,194.6,33,18,4,20,73.2,26.8,Compensation,7,1,0,0,3,1,0,1,1,4,0,144,11,0.354,58.6,32.3,1.18,0.69,3,707.33,0,69
LA200769,Karnataka,Dharwad,Irrigation,Major Infrastructure,Normal,99.63,26,19,2,17,41.7,58.3,Approval,40,1,0,0,4,0,0,2,0,3,0,121,27,0.424,,53.8,0.99,0.62,4,367.62,1,69
LA200018,Andhra Pradesh,Tirupati,Railway,Major Infrastructure,Normal,105.18,23,15,1,15,81.9,18.1,Objection,32,1,0,0,3,1,0,1,0,4,1,284,23,0.514,63.7,87,1.07,0.66,1,89.14,1,88
LA201043,Telangana,Warangal,Public Infrastructure,Development Project,Normal,67.81,31,22,11,17,40,60,Ownership Verification,31,1,1,0,1,0,1,3,1,1,0,82,1,0.318,56,24.7,1.03,0.72,5,230.76,1,70
LA201448,Telangana,Rangareddy,Industrial,Development Project,Normal,129.63,32,21,9,19,67.3,32.7,Compensation,36,1,0,0,3,1,0,1,0,1,1,179,26,0.373,62.3,29.4,1.14,0.37,7,383.01,1,70
LA202464,Odisha,Puri,Highway,Major Infrastructure,Critical,42.58,23,17,11,15,66.2,33.8,Notification,20,0,0,1,2,1,1,0,0,1,0,191,2,0.346,51.9,43.6,0.94,0.81,6,200.75,1,52
LA200286,Andhra Pradesh,NTR,Railway,Major Infrastructure,Normal,33.33,27,16,2,22,57.3,42.7,Survey,17,1,1,0,3,1,0,1,0,2,0,157,12,0.238,41.3,29.2,1.05,0.85,7,167.51,1,65
LA202639,Telangana,Rangareddy,Irrigation,Major Infrastructure,High,68.14,32,12,12,15,95,5,Compensation,12,1,0,0,0,0,0,4,4,2,0,103,2,0.279,55,25.6,0.96,0.35,6,63.12,1,58
LA200429,Maharashtra,Nagpur,Irrigation,Major Infrastructure,Normal,44.27,20,8,3,12,57,43,Approval,1,1,0,0,2,1,1,1,0,2,0,210,23,0.324,47.6,25.7,0.97,0.7,1,135.27,1,53
LA201329,Maharashtra,Nashik,Public Infrastructure,Development Project,High,90.87,27,20,5,14,36.1,63.9,Compensation,85,1,0,0,1,0,0,4,2,2,0,249,16,0.206,33.7,37.3,1.11,0.68,3,350.82,1,70
LA201949,Odisha,Ganjam,Public Infrastructure,Development Project,Normal,41.38,30,11,12,14,83.4,16.6,Award,28,1,0,0,3,0,0,0,0,1,1,162,0,0.547,68.5,31.3,1.04,0.36,5,139.01,0,40
LA200670,Maharashtra,Aurangabad,Irrigation,Major Infrastructure,Normal,42.26,23,12,7,10,56.1,43.9,Compensation,12,1,0,0,4,1,1,2,1,1,0,133,14,0.397,60.8,44.3,0.91,0.71,5,118.45,1,72
LA200032,Andhra Pradesh,NTR,Highway,Major Infrastructure,Normal,130.22,32,17,7,19,56.5,43.5,Objection,8,1,0,0,0,0,0,0,0,2,0,113,16,0.624,76.4,46.8,0.96,0.81,4,576.23,0,52
LA201342,Odisha,Khordha,Irrigation,Major Infrastructure,Normal,34.63,20,13,4,19,50.7,49.3,Notification,111,1,0,1,2,0,0,2,1,1,0,200,23,0.579,79.1,30.3,1.13,0.56,2,70.85,1,97
LA200723,Karnataka,Tumakuru,Railway,Major Infrastructure,High,136.49,36,13,10,27,69.4,30.6,Notification,17,0,1,1,2,0,0,0,0,2,0,173,10,0.504,68.2,43,1.07,0.63,0,295.69,1,58
LA200952,Odisha,Sambalpur,Highway,Major Infrastructure,Normal,106.08,22,11,11,21,68.5,31.5,Approval,21,0,0,0,2,0,1,1,1,4,1,124,15,0.172,44,49.6,1.07,0.6,4,379.79,0,87
LA201915,Telangana,Hyderabad,Highway,Major Infrastructure,Normal,102.67,29,15,7,18,52.9,47.1,Objection,40,1,0,0,7,0,0,0,0,2,0,225,47,0.359,47.3,43.9,1.09,0.45,3,325,1,53
LA202294,Telangana,Medchal-Malkajgiri,Irrigation,Major Infrastructure,Normal,167.65,33,21,4,23,72.5,27.5,Objection,39,0,0,0,3,0,0,3,0,4,0,195,20,0.6,88.1,29.9,0.89,0.36,3,842.19,1,69
LA200215,Odisha,Sambalpur,Public Infrastructure,Development Project,Normal,90.32,34,18,3,30,36.1,63.9,Compensation,29,1,1,0,5,1,0,4,2,2,0,144,28,0.233,40.8,35.7,1.07,0.6,9,336.27,1,91
LA200990,Karnataka,Tumakuru,Public Infrastructure,Development Project,Normal,194.29,29,19,6,28,33.1,66.9,Compensation,30,1,0,0,5,1,1,2,1,2,0,113,14,0.333,45.6,61.5,0.92,0.54,3,477.84,1,82
LA201165,Maharashtra,Pune,Irrigation,Major Infrastructure,High,117.81,31,17,1,22,98,2,Compensation,102,0,0,0,1,1,0,3,1,3,0,165,3,0.367,55.9,49.9,1.06,0.86,4,504.94,1,79
LA202793,Odisha,Khordha,Railway,Major Infrastructure,High,32.18,30,22,6,20,90.6,9.4,Notification,22,1,0,1,0,0,0,0,0,5,1,108,21,0.471,74.8,38.7,0.95,0.44,5,63.29,1,90
LA202006,Maharashtra,Nagpur,Public Infrastructure,Development Project,Normal,88.7,27,19,12,13,69.4,30.6,Award,33,0,0,0,1,0,0,4,2,3,0,151,3,0.411,62.1,34.5,1.17,0.46,5,151.6,0,70
LA200327,Maharashtra,Nashik,Railway,Major Infrastructure,Normal,17.72,30,18,3,16,40.6,59.4,Award,64,1,0,0,4,0,1,3,1,1,0,221,13,0.434,58.3,28.4,1.07,0.94,6,24.64,1,62
LA200561,Telangana,Nalgonda,Highway,Major Infrastructure,Normal,86.73,28,22,10,14,46,54,Survey,37,1,0,0,3,0,1,0,0,4,0,137,9,0.71,91.2,,1.03,0.64,4,287.43,0,50
LA201384,Telangana,Nalgonda,Public Infrastructure,Development Project,Normal,39.73,30,20,12,29,60.8,39.2,Possession,15,1,0,0,0,1,1,0,0,1,0,84,12,0.48,68,21.9,1.09,0.7,1,68.22,1,55
LA201725,Karnataka,Dharwad,Railway,Major Infrastructure,Normal,394.59,39,20,9,27,96.9,3.1,Compensation,4,0,0,1,3,0,0,3,2,3,0,60,2,0.789,95.9,130,1.03,0.71,4,1339.13,1,57
LA201087,Andhra Pradesh,Visakhapatnam,Railway,Major Infrastructure,High,90.99,27,15,8,17,85.3,14.7,Possession,20,1,0,0,1,1,0,2,1,3,0,179,18,0.413,68.1,60.2,0.94,0.92,6,133.83,1,72
LA202684,Maharashtra,Nagpur,Highway,Major Infrastructure,Normal,95.3,34,20,3,20,40.4,59.6,Possession,10,0,1,0,1,0,0,4,1,2,0,158,5,0.338,59.4,51.1,1.06,0.59,4,304.56,1,51
LA200342,Odisha,Khordha,Irrigation,Major Infrastructure,Normal,67.13,32,23,10,20,94.7,5.3,Notification,40,0,0,1,1,0,0,1,0,1,0,202,43,0.418,56,50,0.93,0.28,5,205.78,1,60
LA201654,Odisha,Khordha,Railway,Major Infrastructure,Critical,30.67,37,21,7,24,89.4,10.6,Ownership Verification,89,0,1,0,0,0,1,1,1,3,0,209,17,0.204,31.4,47.5,0.98,0.61,1,77.68,1,81
LA200148,Karnataka,Dharwad,Industrial,Development Project,Critical,44.98,28,14,2,15,87.7,12.3,Award,18,1,0,0,2,0,1,3,2,1,0,103,11,0.41,66.3,52.1,0.94,0.79,4,63.14,1,48
LA202340,Telangana,Nalgonda,Public Infrastructure,Development Project,Normal,34.47,28,22,7,26,41.4,58.6,Award,8,0,0,0,2,0,0,2,1,2,0,201,12,0.208,32.2,83.2,0.9,0.6,3,45.23,1,42
LA202413,Telangana,Medchal-Malkajgiri,Highway,Major Infrastructure,Normal,124.58,30,21,8,24,36.7,63.3,Objection,30,1,1,0,2,1,0,2,1,2,0,128,4,0.415,48.8,26.3,1.15,0.78,5,494.04,1,64
LA201108,Odisha,Sambalpur,Irrigation,Major Infrastructure,Critical,163.43,27,10,12,16,56.5,43.5,Objection,,1,0,1,3,0,0,2,1,3,0,272,52,0.456,56.5,20.6,1.14,0.43,3,223.43,1,96
LA200849,Maharashtra,Pune,Highway,Major Infrastructure,Normal,55.37,33,15,2,21,85.6,14.4,Ownership Verification,30,1,0,1,1,0,0,1,0,0,0,95,14,0.19,22.3,23.4,1.1,0.4,3,172.43,0,42
LA200967,Karnataka,Belagavi,Irrigation,Major Infrastructure,Normal,29.43,33,15,4,22,33.6,66.4,Possession,,1,1,1,2,1,0,0,0,0,0,157,5,0.593,77.9,86.7,1.12,0.96,4,131.83,1,65
LA201073,Andhra Pradesh,Krishna,Railway,Major Infrastructure,Critical,56.71,28,14,5,15,60.8,39.2,Compensation,42,1,0,0,2,0,0,1,0,3,0,181,5,0.234,45.3,34.2,0.94,0.3,5,207.34,1,46
LA202465,Telangana,Warangal,Railway,Major Infrastructure,High,115.48,25,11,10,13,47.8,52.2,Compensation,24,1,0,0,1,1,0,3,0,1,0,210,7,0.587,84.1,59.1,0.9,0.69,9,378.48,1,61
LA201906,Odisha,Khordha,Railway,Major Infrastructure,Normal,193.67,36,24,7,26,66.2,33.8,Compensation,46,0,0,0,1,1,0,2,1,3,0,192,8,0.42,67.6,34.8,1.04,0.23,4,544.49,1,66
LA200156,Andhra Pradesh,Krishna,Industrial,Development Project,High,39.74,28,17,1,13,83.2,16.8,Compensation,5,1,0,0,6,0,0,4,3,5,0,81,11,0.284,48.6,24.5,0.89,0.6,2,169.84,1,82
LA200666,Karnataka,Belagavi,Irrigation,Major Infrastructure,Critical,95.26,33,13,8,32,46.5,53.5,Compensation,50,0,1,0,4,1,0,1,0,2,0,156,5,0.34,61.4,52.8,1.12,0.65,4,259.3,1,70
LA200662,Odisha,Khordha,Railway,Major Infrastructure,Normal,44.72,29,15,3,13,76.9,23.1,Compensation,14,1,1,0,3,1,1,4,2,0,0,78,5,0.299,47.2,27.5,1.1,0.82,4,98.27,1,69
LA201003,Andhra Pradesh,Tirupati,Railway,Major Infrastructure,Normal,52.53,24,18,5,14,62.9,37.1,Compensation,23,1,0,0,4,1,0,2,0,2,0,126,6,0.44,,19.1,0.91,0.57,3,,1,52
LA202342,Karnataka,Belagavi,Industrial,Development Project,High,61.5,34,14,3,24,77.8,22.2,Survey,21,1,1,0,2,0,1,3,1,3,0,222,28,0.359,57.5,13.7,0.92,0.71,7,220.15,1,82
LA202517,Odisha,Puri,Irrigation,Major Infrastructure,Normal,66.13,39,30,12,33,74.8,25.2,Compensation,25,1,1,0,0,1,0,2,1,2,0,186,11,0.618,86.5,39.5,0.97,0.75,5,91.14,1,79
LA200177,Maharashtra,Pune,Highway,Major Infrastructure,Normal,56.91,26,19,2,16,70.4,29.6,Approval,1,1,1,0,1,1,1,1,0,1,0,120,36,0.687,102.3,42.7,1.13,0.48,5,181.61,1,89
LA202655,Telangana,Hyderabad,Irrigation,Major Infrastructure,Normal,28.78,26,18,11,18,93.7,6.3,Survey,19,1,0,1,3,0,0,1,1,3,1,201,20,0.685,85.9,28.5,1.16,0.57,2,127.8,0,95
LA201880,Odisha,Puri,Highway,Major Infrastructure,Normal,42.61,32,18,9,24,34.2,65.8,Objection,74,1,0,1,2,0,0,1,1,3,0,142,15,0.459,58.6,19.3,0.92,0.79,5,112.02,1,76
LA201525,Maharashtra,Pune,Industrial,Development Project,Critical,54.38,21,14,7,11,38.5,61.5,Ownership Verification,29,0,0,0,2,1,0,1,1,1,0,97,10,0.729,95.2,61.9,1.15,0.62,4,244.4,0,65
LA202818,Maharashtra,Aurangabad,Highway,Major Infrastructure,Normal,190,31,13,10,20,92.3,7.7,Objection,63,1,1,1,1,0,0,1,0,2,1,199,18,0.497,78.2,21.1,0.92,0.71,2,842.67,1,101
LA201204,Odisha,Sambalpur,Public Infrastructure,Development Project,High,143.36,25,16,5,16,62.5,37.5,Objection,24,0,0,0,2,0,1,2,1,1,0,164,33,0.287,50.9,30.1,1.06,0.78,2,446.58,0,72
LA200025,Telangana,Rangareddy,Railway,Major Infrastructure,Normal,54.78,28,12,9,16,57,43,Notification,45,1,0,0,4,0,0,0,0,1,0,144,17,0.446,71.9,26.7,0.96,0.63,4,170.75,1,37
LA202811,Andhra Pradesh,Tirupati,Industrial,Development Project,High,52.18,41,17,9,26,94.6,5.4,Compensation,10,1,0,0,4,1,1,3,0,2,0,103,3,0.496,82.4,31.5,0.94,0.59,5,268.41,0,71
LA202810,Maharashtra,Aurangabad,Public Infrastructure,Development Project,Critical,18.02,,14,3,12,59.2,40.8,Approval,26,1,1,0,1,0,1,1,1,1,0,169,28,0.364,58.6,84.9,0.9,0.63,3,68.34,1,77
LA202078,Karnataka,Belagavi,Railway,Major Infrastructure,Normal,99.01,30,17,1,16,57.2,42.8,Approval,21,0,0,0,2,1,0,3,1,3,0,192,16,0.279,45.5,22.8,0.93,0.62,2,246,1,60
LA202300,Odisha,Ganjam,Highway,Major Infrastructure,High,149.97,39,18,12,19,37.4,62.6,Survey,45,1,1,0,2,0,0,0,0,4,0,124,3,0.528,74,32.1,0.91,0.6,1,198.7,1,48
LA200876,Maharashtra,Nagpur,Industrial,Development Project,Normal,72.85,35,25,4,21,68,32,Survey,16,1,0,0,4,0,0,2,1,0,0,130,9,0.141,38,18.2,0.98,0.27,3,54.02,1,22
LA202900,Karnataka,Tumakuru,Highway,Major Infrastructure,High,45.11,25,18,5,13,62.2,37.8,Compensation,4,1,0,0,4,0,0,2,1,4,1,119,18,0.617,82.4,29.7,0.88,0.6,4,157.42,1,82
LA200939,Telangana,Warangal,Public Infrastructure,Development Project,High,75.82,33,17,5,13,39.5,60.5,Compensation,26,0,1,1,3,1,1,4,2,2,0,107,11,0.215,40.1,23,0.91,0.61,4,199.4,1,95
LA202698,Maharashtra,Nagpur,Highway,Major Infrastructure,High,23.83,28,12,5,10,70.8,29.2,Objection,20,1,1,0,2,0,1,3,0,3,0,129,17,0.379,51.6,43.5,0.94,0.54,4,45.18,1,81
LA201553,Maharashtra,Aurangabad,Railway,Major Infrastructure,High,59.51,28,19,3,14,80.9,19.1,Compensation,24,1,0,0,2,0,0,1,0,2,0,181,3,0.393,,37,1.07,0.55,1,101.16,0,34
LA200347,Karnataka,Tumakuru,Highway,Major Infrastructure,Normal,39.2,27,14,2,17,76.5,23.5,Notification,114,1,1,0,2,0,0,0,0,1,0,211,13,0.353,57.4,23.9,1.06,0.27,3,126.66,1,74
LA202508,Andhra Pradesh,Krishna,Highway,Major Infrastructure,High,65.51,37,24,3,27,70.4,29.6,Compensation,79,0,0,1,3,0,0,0,0,1,0,199,5,0.177,35,17.3,1.02,0.82,1,69.36,1,57
LA202972,Andhra Pradesh,Tirupati,Industrial,Development Project,Normal,56.55,34,24,4,20,55.5,44.5,Ownership Verification,42,1,1,0,3,1,0,1,0,1,0,170,29,0.486,70,23.3,1.08,0.64,2,83.22,1,72
LA202038,Andhra Pradesh,Visakhapatnam,Irrigation,Major Infrastructure,Normal,78.74,25,13,8,18,96.3,3.7,Objection,38,1,1,0,4,0,0,2,1,1,0,138,17,0.524,71.8,,0.92,0.7,5,215.97,1,68
LA201927,Odisha,Khordha,Irrigation,Major Infrastructure,Normal,74.25,25,14,6,14,73,27,Possession,10,1,0,0,0,0,0,2,0,2,0,99,19,0.243,48.3,50.9,0.95,0.6,5,54.5,1,52
LA200386,Maharashtra,Nashik,Highway,Major Infrastructure,Normal,103.1,35,22,4,26,75.4,24.6,Possession,23,1,0,0,2,0,0,4,1,1,0,152,15,0.261,47.6,46.9,0.95,0.61,6,302.61,1,46
LA201830,Maharashtra,Pune,Industrial,Development Project,High,98.79,30,16,4,19,33.9,66.1,Compensation,4,1,0,0,3,0,0,0,0,2,0,86,23,0.305,48.3,66.7,1.05,0.44,5,163.36,0,47
LA202162,Maharashtra,Pune,Highway,Major Infrastructure,High,18.55,31,14,9,26,68.2,31.8,Objection,39,0,0,0,4,0,0,0,0,2,0,157,6,0.293,52.4,32.3,0.96,0.9,4,12.31,1,41
LA202509,Andhra Pradesh,NTR,Highway,Major Infrastructure,Normal,40.21,27,10,3,22,82.7,17.3,Award,24,1,0,1,1,0,0,1,1,1,0,117,7,0.161,45.6,10.3,0.9,0.96,4,63.95,0,48
LA202197,Odisha,Khordha,Highway,Major Infrastructure,High,74.5,27,16,9,19,99.1,0.9,Ownership Verification,24,1,1,0,2,0,1,4,2,2,1,111,7,0.509,66.9,35.5,1.06,0.59,4,203.05,1,96
LA200244,Odisha,Sambalpur,Highway,Major Infrastructure,Normal,37.91,31,15,3,16,78.6,21.4,Compensation,41,1,1,1,7,1,0,1,1,0,1,144,3,0.301,39.3,18.4,0.98,0.62,5,149.27,1,97
LA202087,Andhra Pradesh,NTR,Industrial,Development Project,High,43.22,37,18,2,27,31.9,68.1,Compensation,12,1,0,0,2,1,0,1,0,0,0,106,12,0.545,81.8,74.3,1.12,0.49,1,118.78,0,45
LA201827,Andhra Pradesh,Tirupati,Irrigation,Major Infrastructure,Normal,96.2,32,17,4,19,62,38,Possession,22,1,1,0,1,1,0,2,1,1,0,108,9,0.453,60.6,36.2,1.07,0.36,4,151.95,1,80
LA200937,Karnataka,Dharwad,Public Infrastructure,Development Project,Normal,36.47,33,20,12,18,58.9,41.1,Award,16,1,0,0,4,0,0,3,2,1,0,103,17,0.624,93,38.1,1.1,0.64,4,72.76,0,37
LA201690,Karnataka,Belagavi,Highway,Major Infrastructure,Critical,93.94,36,21,12,20,68.3,31.7,Ownership Verification,78,1,1,0,2,0,1,2,0,0,0,183,9,0.286,44,28.6,0.95,0.32,4,355.73,1,89
LA202581,Karnataka,Dharwad,Railway,Major Infrastructure,High,37.06,23,11,11,10,93,7,Possession,31,1,0,1,2,0,0,3,1,3,0,134,10,0.305,36.1,51.9,0.96,0.86,2,88.97,1,56
LA200313,Maharashtra,Pune,Highway,Major Infrastructure,High,126.23,24,11,7,11,38.2,61.8,Survey,42,1,0,0,3,0,0,4,3,1,1,171,9,0.562,70.7,42.5,1.09,0.6,7,208.42,1,81
LA201460,Andhra Pradesh,Visakhapatnam,Irrigation,Major Infrastructure,Critical,69.9,27,13,12,18,93.7,6.3,Award,13,1,1,0,1,0,0,0,0,5,1,102,11,0.203,39.6,73.2,1.17,0.79,5,89.55,0,79
LA202926,Maharashtra,Nashik,Industrial,Development Project,High,120.5,24,14,7,15,47.9,52.1,Notification,3,1,1,0,3,0,0,3,1,4,0,136,9,0.594,66.9,42.3,1,0.56,9,219.01,1,64
LA202108,Telangana,Warangal,Public Infrastructure,Development Project,High,70.91,24,13,10,11,69.3,30.7,Ownership Verification,26,1,1,0,8,0,0,2,0,0,0,97,9,0.6,98.9,73.2,1.02,0.61,2,113.45,1,44
LA201333,Karnataka,Belagavi,Irrigation,Major Infrastructure,Normal,31.45,33,23,5,29,93.6,6.4,Survey,9,1,0,0,4,0,0,1,0,0,0,114,4,0.288,58.5,22.3,1.14,0.38,5,145.91,0,23
LA200969,Maharashtra,Pune,Railway,Major Infrastructure,Normal,84.22,33,19,2,21,52.5,47.5,Ownership Verification,74,0,1,0,2,0,0,2,1,3,0,232,2,0.345,53.1,30.6,0.99,0.52,5,202.55,1,64
LA201455,Karnataka,Bengaluru Rural,Highway,Major Infrastructure,Normal,94.68,26,16,10,10,89.4,10.6,Ownership Verification,23,1,0,0,1,0,0,1,0,2,0,150,9,0.395,65.1,32.5,0.91,0.66,5,85.57,1,47
LA200661,Andhra Pradesh,Tirupati,Industrial,Development Project,Normal,31.56,31,16,5,25,44.3,55.7,Possession,23,1,0,0,0,0,0,0,0,1,0,155,26,0.297,66.7,15.7,0.95,0.33,4,94.72,1,51
LA201935,Telangana,Warangal,Public Infrastructure,Development Project,Critical,30.42,36,20,6,35,88.5,11.5,Objection,34,1,0,0,4,0,0,3,0,2,0,121,27,0.506,76,34.7,1.15,0.64,2,89.78,1,51
LA200936,Odisha,Puri,Railway,Major Infrastructure,High,194.5,26,16,3,11,60.6,39.4,Compensation,56,1,1,0,1,0,1,4,2,0,0,132,6,0.497,67.7,49.7,1.09,0.52,4,638.43,1,73
LA200371,Andhra Pradesh,Krishna,Railway,Major Infrastructure,Normal,24.12,31,22,8,17,34.8,65.2,Compensation,53,1,1,1,0,1,0,1,0,0,0,156,13,0.535,64.5,100.3,0.92,0.55,4,17.97,1,79
LA200567,Karnataka,Dharwad,Industrial,Development Project,High,137.45,27,10,10,28,87.4,12.6,Ownership Verification,8,1,1,0,3,0,1,1,1,4,1,96,12,0.17,35,74.7,1.14,0.47,3,492.26,1,89
LA201974,Karnataka,Belagavi,Public Infrastructure,Development Project,High,57.99,38,24,9,13,47.1,52.9,Ownership Verification,24,1,0,1,4,1,0,1,1,0,0,140,16,0.47,63,19.5,1.08,0.19,1,205.97,0,56
LA201855,Maharashtra,Pune,Railway,Major Infrastructure,Normal,59.55,28,18,12,21,48.4,51.6,Compensation,45,0,0,0,5,0,1,1,1,6,0,119,2,0.302,41,102.1,0.93,0.5,6,278.54,1,65
LA201025,Odisha,Khordha,Highway,Major Infrastructure,Critical,69.83,25,15,10,15,53.5,46.5,Approval,19,0,1,0,2,0,1,0,0,2,0,201,20,0.325,56.1,37,0.92,0.86,4,87.38,0,66
LA200825,Karnataka,Dharwad,Railway,Major Infrastructure,High,122.38,23,17,10,21,46.4,53.6,Possession,4,0,0,0,2,0,0,4,0,0,0,129,6,0.413,68.2,82.6,1,0.81,2,710.78,1,30
LA200983,Maharashtra,Kolhapur,Highway,Major Infrastructure,Critical,100.7,27,9,4,18,55,45,Ownership Verification,57,1,1,0,5,0,1,1,1,1,0,160,23,0.4,60.6,50.5,1.16,0.86,3,117.09,1,75
LA202673,Maharashtra,Pune,Highway,Major Infrastructure,Normal,61.34,29,12,10,20,94.8,5.2,Possession,62,1,0,0,2,1,0,5,2,1,0,223,3,0.362,60,24.3,0.89,0.56,3,330.22,1,63
LA202957,Andhra Pradesh,Guntur,Irrigation,Major Infrastructure,High,63.69,47,17,7,26,51.2,48.8,Objection,18,1,1,1,3,0,0,2,2,4,1,102,22,0.522,75.4,56.8,1.17,0.43,5,171.84,1,106
LA201646,Andhra Pradesh,Krishna,Public Infrastructure,Development Project,Normal,88.71,32,12,10,24,91.2,8.8,Award,16,0,1,0,3,0,0,0,0,2,0,116,15,0.233,41.3,32.2,1.17,0.69,7,312.24,1,53
LA202583,Telangana,Hyderabad,Highway,Major Infrastructure,Normal,47.12,32,22,8,21,37.4,62.6,Compensation,6,1,0,0,2,0,0,0,0,4,1,99,19,0.299,59.9,43.6,1.12,0.66,4,,1,73
LA202246,Odisha,Puri,Public Infrastructure,Development Project,Normal,47.12,32,21,1,19,80.5,19.5,Objection,37,0,0,0,0,0,0,1,0,1,0,166,11,0.358,50.5,16.2,1.11,0.48,5,129.73,1,39
LA202119,Maharashtra,Aurangabad,Irrigation,Major Infrastructure,Normal,106.89,40,17,4,23,72.5,27.5,Compensation,17,1,0,0,3,1,0,1,1,2,0,99,15,0.251,38.1,42.8,0.95,0.64,7,222.5,1,62
LA200814,Telangana,Medchal-Malkajgiri,Public Infrastructure,Development Project,Normal,71.61,23,12,5,11,68.1,31.9,Ownership Verification,6,1,0,0,0,1,0,0,0,1,0,170,17,0.312,53.3,,1.13,0.69,4,338.67,1,43
LA201793,Telangana,Rangareddy,Public Infrastructure,Development Project,Normal,,27,10,8,12,91.4,8.6,Notification,18,1,1,0,0,0,0,0,0,3,0,139,6,0.566,60.1,42.1,0.97,0.58,2,132.66,1,49
LA201431,Andhra Pradesh,Tirupati,Railway,Major Infrastructure,Normal,112.13,27,18,2,16,88.2,11.8,Award,33,0,0,0,2,0,0,2,2,2,0,174,15,0.523,77.9,46.5,0.96,0.68,6,579.85,1,61
LA200779,Andhra Pradesh,Guntur,Industrial,Development Project,High,170.04,36,14,12,24,31.7,68.3,Objection,,0,0,1,5,0,0,2,2,2,0,53,11,0.221,50,16.4,1.17,0.74,7,402.29,1,54
LA201750,Karnataka,Mysuru,Public Infrastructure,Development Project,High,72.68,30,13,10,19,48.2,51.8,Objection,13,1,1,0,6,0,0,1,0,2,0,155,20,0.538,72.9,34.1,1.04,0.72,8,73.86,1,65
LA201321,Andhra Pradesh,Krishna,Highway,Major Infrastructure,Normal,95.67,34,25,5,34,95.7,4.3,Survey,9,1,0,0,3,0,0,2,2,1,0,109,16,0.29,,12.5,1.07,0.56,2,279.91,1,44
LA202400,Odisha,Khordha,Public Infrastructure,Development Project,Critical,28.87,30,23,9,19,50.4,49.6,Notification,50,1,0,1,3,0,0,1,0,1,0,167,13,0.323,42.5,16,1.03,0.64,3,102.39,1,50
LA202872,Maharashtra,Kolhapur,Public Infrastructure,Development Project,High,29.47,24,15,12,21,52.6,47.4,Approval,57,1,0,0,4,0,1,4,0,1,0,164,20,0.367,44.1,28.1,1.02,0.33,9,136.69,0,73
LA201053,Telangana,Medchal-Malkajgiri,Irrigation,Major Infrastructure,Normal,42.9,21,14,12,13,43,57,Approval,19,1,1,1,4,0,1,4,2,0,0,118,28,0.561,80.2,49.7,1.05,0.86,5,68.43,0,83
LA202322,Andhra Pradesh,NTR,Irrigation,Major Infrastructure,Normal,53.76,29,11,3,18,41.4,58.6,Possession,52,1,0,0,4,1,0,1,0,3,0,125,6,0.33,69.3,27,1.03,0.54,2,64.75,1,62
LA201014,Odisha,Khordha,Irrigation,Major Infrastructure,Normal,170.89,33,24,8,9,80.3,19.7,Objection,19,1,1,0,2,1,0,2,1,0,0,106,26,0.563,76.5,24.6,1.16,0.87,2,478.73,1,76
LA201929,Odisha,Khordha,Railway,Major Infrastructure,High,20.77,29,18,10,24,30.3,69.7,Award,75,1,0,0,2,0,0,1,0,2,0,159,7,0.467,79,45.1,1.1,0.77,2,24.82,1,43
LA201402,Andhra Pradesh,Tirupati,Public Infrastructure,Development Project,High,84.28,41,28,12,32,59.9,40.1,Survey,21,1,0,0,1,1,0,1,0,1,0,182,26,0.148,39.1,24.6,1.09,0.74,1,174.63,1,50
LA201823,Odisha,Cuttack,Railway,Major Infrastructure,Normal,40.91,45,22,4,32,92.4,7.6,Award,16,1,0,0,2,0,0,2,0,3,0,160,22,0.417,62.5,64.5,1.05,0.74,2,108.97,1,55
LA202248,Maharashtra,Nashik,Railway,Major Infrastructure,High,77.99,35,20,9,18,42.8,57.2,Approval,25,1,1,0,1,0,1,1,1,1,0,136,9,0.657,84,29.3,0.98,0.74,6,208.47,0,57
LA202494,Andhra Pradesh,NTR,Industrial,Development Project,Normal,44.01,27,10,10,15,63.7,36.3,Notification,51,1,1,1,2,0,0,1,0,3,0,96,3,0.419,69.1,42.9,0.99,0.6,3,169.27,1,71
LA202592,Telangana,Medchal-Malkajgiri,Public Infrastructure,Development Project,Normal,196.96,28,16,5,20,81.4,18.6,Award,83,1,0,0,2,0,1,1,0,1,1,282,13,0.254,42.8,57.2,0.95,0.41,4,330.01,1,76
LA200127,Karnataka,Belagavi,Railway,Major Infrastructure,High,417.26,38,19,3,24,96.1,3.9,Ownership Verification,25,1,0,1,1,0,1,2,1,0,0,250,9,0.522,59.8,36.8,1.07,0.63,2,1648.38,1,51
LA202092,Odisha,Puri,Public Infrastructure,Development Project,High,269.52,42,25,5,32,76,24,Ownership Verification,30,1,1,0,1,0,1,2,1,0,0,148,6,0.62,82,62.6,0.9,0.62,1,541.78,0,64
LA202135,Karnataka,Dharwad,Railway,Major Infrastructure,Normal,33.89,32,18,3,16,67.4,32.6,Compensation,24,1,0,0,2,1,1,2,2,2,0,104,28,0.764,93.6,35.5,1.08,0.81,3,134.39,1,90
LA200888,Karnataka,Mysuru,Highway,Major Infrastructure,High,31.35,25,18,9,15,79.8,20.2,Compensation,32,1,0,0,2,1,1,2,2,5,0,198,48,0.38,67.4,48.2,1.11,0.69,1,63.39,1,107
LA202457,Telangana,Rangareddy,Railway,Major Infrastructure,Normal,69.7,34,14,12,21,89.8,10.2,Possession,34,1,0,1,4,0,0,0,0,1,0,202,24,0.418,65.7,23.6,0.98,0.47,2,96.31,1,61
LA201348,Karnataka,Mysuru,Public Infrastructure,Development Project,Normal,178.84,35,24,3,21,81.3,18.7,Objection,8,1,1,0,5,0,1,4,0,3,0,154,10,0.349,54,17.3,1.14,0.79,3,167.03,1,62
LA201008,Telangana,Nalgonda,Industrial,Development Project,High,98.64,32,15,7,22,91.5,8.5,Ownership Verification,12,1,0,1,2,1,1,1,0,0,0,167,14,0.629,85.8,32.1,1.13,0.95,5,149.72,0,71
LA200356,Maharashtra,Aurangabad,Irrigation,Major Infrastructure,High,63.28,23,15,12,17,84.6,15.4,Possession,60,0,0,0,2,0,0,1,0,1,0,184,4,0.302,53.5,45.8,1.17,0.7,5,253.81,1,51
LA201004,Odisha,Puri,Industrial,Development Project,High,52.09,23,13,1,11,47.2,52.8,Objection,37,1,0,1,4,0,0,0,0,2,0,113,11,0.675,84.4,25.2,1.05,0.29,6,242.41,1,62
LA201484,Maharashtra,Nagpur,Highway,Major Infrastructure,High,242.97,22,9,11,18,56,44,Award,37,0,1,1,2,0,1,2,0,2,0,193,2,0.696,100.6,47.2,1.15,0.78,7,209,1,75
LA200683,Karnataka,Dharwad,Railway,Major Infrastructure,Normal,26.42,33,14,2,22,67.1,32.9,Compensation,29,1,1,0,2,1,0,1,0,6,0,176,9,0.318,59.1,16.3,0.92,0.81,5,90.5,1,90
LA200828,Andhra Pradesh,Krishna,Irrigation,Major Infrastructure,High,19.85,26,20,3,18,96.5,3.5,Ownership Verification,49,1,1,0,1,0,0,4,2,1,0,169,15,0.408,68.1,29.6,0.99,0.45,2,92.55,1,67
LA202851,Andhra Pradesh,NTR,Irrigation,Major Infrastructure,Normal,81.55,38,20,8,24,54.7,45.3,Compensation,16,1,0,1,1,0,0,1,0,3,0,95,11,0.423,65,18.4,1.06,0.79,4,236.3,1,48
LA202205,Telangana,Nalgonda,Highway,Major Infrastructure,Critical,27.53,23,10,10,12,62.9,37.1,Compensation,18,0,1,0,1,0,0,2,1,2,0,107,8,0.339,65.5,37.6,1.18,0.8,7,110.28,1,53
LA202692,Telangana,Nalgonda,Railway,Major Infrastructure,Normal,180.21,41,17,1,28,94.8,5.2,Compensation,35,1,1,1,0,1,1,5,2,2,0,126,8,0.358,49.7,20.6,1.09,0.86,5,842.36,0,98
LA200985,Odisha,Khordha,Irrigation,Major Infrastructure,High,109.15,28,19,3,20,94,6,Notification,106,1,1,0,1,1,0,3,2,0,0,188,3,0.346,62.2,35.2,0.96,0.65,2,310.96,1,73
LA201234,Telangana,Rangareddy,Highway,Major Infrastructure,Normal,147.4,28,12,10,10,60.6,39.4,Compensation,24,1,1,0,0,1,0,0,0,1,0,93,9,0.255,46.8,20.7,1.09,0.49,5,298.84,1,52
LA202554,Karnataka,Tumakuru,Irrigation,Major Infrastructure,Normal,67.08,38,22,9,20,46.9,53.1,Survey,49,1,0,0,1,0,0,1,0,3,0,126,4,0.702,96.4,28.6,1.17,0.57,3,346.62,0,52
LA201640,Karnataka,Belagavi,Railway,Major Infrastructure,Normal,18.11,30,19,12,20,57.7,42.3,Ownership Verification,12,1,1,0,2,0,1,,1,3,0,132,6,0.227,47,14.5,1.09,0.66,7,22.26,1,69
LA200141,Karnataka,Mysuru,Irrigation,Major Infrastructure,Normal,54.56,35,27,9,24,85.5,14.5,Notification,15,1,1,1,2,0,0,1,1,4,0,115,4,0.666,98.1,54.3,0.99,0.57,4,145.53,1,79
LA200218,Karnataka,Belagavi,Railway,Major Infrastructure,Normal,67.84,35,22,5,26,43.2,56.8,Approval,105,1,0,0,2,0,1,1,0,4,1,214,2,0.372,48.8,28,0.98,0.57,2,144.56,1,99
LA202466,Karnataka,Mysuru,Irrigation,Major Infrastructure,High,119.5,25,17,6,12,96.4,3.6,Notification,,0,0,0,2,0,0,2,1,1,0,176,47,0.521,69,33,1.06,0.91,4,151.55,1,69
LA200363,Karnataka,Bengaluru Rural,Public Infrastructure,Development Project,Normal,120.38,29,13,1,26,47.9,52.1,Ownership Verification,38,1,0,0,4,0,1,1,1,1,0,116,5,0.368,63.8,18.2,1.08,0.82,5,261.39,1,59
LA202665,Telangana,Warangal,Public Infrastructure,Development Project,Normal,76.06,30,23,10,10,67.8,32.2,Ownership Verification,45,0,0,0,0,1,1,2,0,2,0,155,13,0.088,24.5,79.1,0.91,0.27,6,65.98,1,77
LA200346,Andhra Pradesh,Krishna,Irrigation,Major Infrastructure,Normal,87.71,30,20,2,23,30.9,69.1,Award,54,1,1,0,3,1,0,2,1,2,0,142,7,0.401,70.5,39.4,0.98,0.59,5,145.86,1,68
LA202059,Karnataka,Mysuru,Irrigation,Major Infrastructure,Normal,169.8,30,19,1,23,82.8,17.2,Notification,75,1,0,1,2,1,0,1,0,4,1,171,17,0.487,68.4,20.9,0.95,0.9,2,121.47,1,113
LA200023,Maharashtra,Kolhapur,Irrigation,Major Infrastructure,High,58.03,27,13,10,19,63.3,36.7,Survey,46,1,0,0,3,0,0,3,2,5,0,176,5,0.025,9.2,34.1,0.93,0.33,3,312.34,1,59
LA200712,Andhra Pradesh,Visakhapatnam,Public Infrastructure,Development Project,Normal,34.71,30,16,6,10,90.4,9.6,Possession,11,0,0,0,2,0,0,2,2,3,0,116,13,0.734,94.3,50.4,1.07,0.34,4,110.35,0,50
LA202950,Odisha,Ganjam,Public Infrastructure,Development Project,Critical,,33,21,1,29,54.5,45.5,Ownership Verification,34,1,0,1,1,0,0,1,0,2,0,129,15,0.318,40.6,29,1.1,0.44,4,194.61,1,49
LA200011,Telangana,Warangal,Industrial,Development Project,Normal,78.15,33,24,6,24,61.7,38.3,Notification,27,1,0,0,2,0,0,1,0,2,0,228,26,0.333,57.5,30.1,1.13,0.7,3,91.65,1,58
LA202417,Odisha,Puri,Irrigation,Major Infrastructure,High,40.5,34,21,5,25,61.9,38.1,Award,45,1,0,0,5,0,0,1,1,2,0,191,3,0.662,88.6,75.6,1.03,0.58,6,137.66,0,55
LA201835,Andhra Pradesh,Krishna,Public Infrastructure,Development Project,Critical,103.35,40,28,6,30,42.7,57.3,Ownership Verification,23,0,1,0,2,0,0,2,0,1,0,111,3,0.514,76.6,25.4,1.05,0.61,3,347.22,1,56
LA200794,Karnataka,Belagavi,Public Infrastructure,Development Project,Normal,29.82,27,20,11,8,52.5,47.5,Approval,75,1,0,1,7,0,1,2,1,3,0,198,15,0.58,83.9,41.2,1.17,0.5,4,126.88,1,92
LA202766,Telangana,Nalgonda,Public Infrastructure,Development Project,Normal,165.87,28,15,4,18,41.3,58.7,Objection,50,1,0,0,5,0,0,1,0,5,0,114,12,0.725,95.1,31.3,0.96,0.14,2,149.83,0,60
LA200095,Karnataka,Dharwad,Industrial,Development Project,High,134.36,25,15,6,18,59.3,40.7,Compensation,33,0,0,0,1,0,0,1,0,4,1,112,17,0.546,67.1,30.7,1.04,0.57,1,593.91,1,81
LA200130,Telangana,Nalgonda,Irrigation,Major Infrastructure,High,65.06,31,21,7,29,34.9,65.1,Notification,24,1,1,0,1,0,0,1,0,3,0,236,13,0.214,50.4,25,1.03,0.79,5,98.57,1,56
LA201901,Maharashtra,Nashik,Railway,Major Infrastructure,High,93.66,21,12,11,14,32.1,67.9,Award,63,0,0,1,4,0,0,2,0,1,0,207,15,0.415,59.7,98.9,1.06,0.66,2,239.92,1,58
LA202410,Andhra Pradesh,Visakhapatnam,Railway,Major Infrastructure,High,158.86,27,14,12,12,33.6,66.4,Compensation,63,0,1,1,0,0,0,3,0,5,0,216,8,0.772,98.2,35.4,0.98,0.62,3,555.46,1,98
LA201933,Karnataka,Bengaluru Rural,Public Infrastructure,Development Project,High,24.11,32,21,3,28,63.1,36.9,Compensation,30,1,0,0,1,0,0,2,1,2,0,165,4,0.59,71.3,38.7,0.94,0.81,3,74.93,0,48
LA202670,Maharashtra,Nagpur,Public Infrastructure,Development Project,Normal,38.54,32,17,8,24,59.1,40.9,Objection,13,1,0,0,5,1,0,2,0,1,1,121,6,0.522,60,28.8,1.1,0.15,2,152.51,1,63
LA201866,Telangana,Nalgonda,Highway,Major Infrastructure,Normal,84.18,28,13,3,19,36.4,63.6,Ownership Verification,14,1,0,1,3,0,0,2,1,1,0,71,9,0.315,58.4,41.2,0.93,0.93,7,301.12,1,42
LA201659,Karnataka,Dharwad,Highway,Major Infrastructure,High,43.33,25,12,6,22,95.2,4.8,Approval,19,1,1,0,0,1,1,,0,6,1,128,11,0.351,49.8,53,0.93,0.63,8,96.14,1,103
LA200517,Maharashtra,Aurangabad,Irrigation,Major Infrastructure,Normal,26.36,33,25,1,24,41.1,58.9,Approval,43,0,0,0,1,1,1,4,2,1,0,133,25,0.68,83.6,33.3,0.94,0.89,6,108.92,1,103
LA201858,Karnataka,Belagavi,Highway,Major Infrastructure,High,34.65,26,16,4,21,54.9,45.1,Possession,41,1,0,1,5,0,0,2,1,0,0,189,16,0.396,68.9,18.8,1.07,0.67,5,139,1,68
LA201278,Maharashtra,Pune,Railway,Major Infrastructure,Normal,56.72,34,21,6,33,32.7,67.3,Survey,20,1,0,0,2,0,1,0,0,3,0,130,45,0.442,59.7,23.9,1.02,0.39,3,186.77,1,73
LA200951,Telangana,Hyderabad,Railway,Major Infrastructure,Normal,77.71,32,18,9,20,98,2,Possession,10,1,1,0,3,0,0,1,1,0,0,152,8,0.338,58.9,88.9,0.95,0.63,4,63.17,1,41
LA201121,Maharashtra,Aurangabad,Public Infrastructure,Development Project,Normal,63.01,20,11,10,12,88.5,11.5,Approval,10,1,0,0,2,0,1,1,0,4,1,84,3,0.631,83.3,26.4,1.14,0.86,2,197.72,0,56
LA200420,Telangana,Medchal-Malkajgiri,Irrigation,Major Infrastructure,High,147.54,29,17,8,20,70.5,29.5,Survey,48,1,0,0,2,1,0,0,0,2,0,119,14,0.184,36.2,30.3,1.13,0.69,5,643.54,1,55
LA200923,Karnataka,Mysuru,Public Infrastructure,Development Project,Normal,210.94,21,15,11,14,96.5,3.5,Objection,11,1,0,0,1,0,0,1,0,2,0,162,6,0.463,63.4,38.1,1.05,0.69,6,467.63,1,46
LA202729,Odisha,Khordha,Irrigation,Major Infrastructure,Normal,59.35,30,21,5,26,36.8,63.2,Ownership Verification,22,1,0,0,3,1,0,3,1,3,0,99,0,0.531,77.1,20.2,1.1,0.82,4,222.99,1,65
LA200478,Odisha,Puri,Highway,Major Infrastructure,Critical,89.42,31,16,7,25,68.6,31.4,Objection,81,1,0,0,1,0,0,3,1,2,0,192,14,0.245,33.9,26.5,1.15,0.45,5,429.03,1,66
LA202036,Maharashtra,Aurangabad,Highway,Major Infrastructure,High,46.15,39,19,12,17,56.8,43.2,Objection,37,1,1,0,3,0,0,1,0,3,1,160,8,0.416,52.3,44.2,1.1,0.47,6,57.23,1,78
LA202178,Maharashtra,Pune,Railway,Major Infrastructure,Normal,110.28,25,9,12,19,66.9,33.1,Notification,53,1,0,0,1,0,1,2,0,3,0,205,32,0.399,,43.6,0.91,0.68,3,101.56,1,75
LA201693,Telangana,Nalgonda,Highway,Major Infrastructure,Normal,314.59,25,12,3,15,94.1,5.9,Survey,11,0,0,0,0,0,0,1,1,2,0,146,2,0.678,81.7,26,1.15,0.27,3,289,1,31
LA202213,Telangana,Warangal,Irrigation,Major Infrastructure,Normal,47.34,28,10,7,19,62.2,37.8,Objection,47,0,0,0,1,1,0,3,2,4,0,152,5,0.479,71.3,24.4,1,0.92,5,82.79,1,78
LA201472,Maharashtra,Nashik,Highway,Major Infrastructure,High,106.95,25,11,11,17,91.1,8.9,Award,68,1,0,1,3,1,0,1,0,5,1,203,17,0.345,54.5,33.8,0.94,0.47,4,224.54,1,104
LA201203,Andhra Pradesh,Tirupati,Railway,Major Infrastructure,High,93.25,32,22,11,19,76.1,23.9,Survey,46,1,0,0,1,0,0,0,0,1,0,161,7,0.395,52.3,64.1,0.93,0.42,5,473.6,1,31
LA201670,Maharashtra,Pune,Highway,Major Infrastructure,Normal,62.06,23,11,12,12,67.5,32.5,Objection,46,1,1,0,0,1,0,1,0,1,0,155,13,0.522,81.1,44.8,1.17,0.24,3,169.48,1,56
LA202775,Telangana,Warangal,Industrial,Development Project,Normal,39.42,35,27,7,18,44.2,55.8,Compensation,8,1,1,0,0,1,0,0,0,3,0,129,21,0.267,49.4,16.1,1.11,0.65,3,77.45,1,80
LA201971,Andhra Pradesh,Visakhapatnam,Highway,Major Infrastructure,Normal,58.66,44,21,7,22,73.3,26.7,Notification,32,1,0,1,3,1,1,3,0,1,1,129,14,0.218,,47.8,0.96,0.29,2,139.83,1,89
LA200821,Telangana,Rangareddy,Public Infrastructure,Development Project,Normal,57.17,29,17,10,16,70.9,29.1,Ownership Verification,34,0,0,0,1,0,0,0,0,0,0,148,8,0.475,67.9,38.9,0.92,0.87,5,112.31,1,34
LA201998,Andhra Pradesh,Guntur,Railway,Major Infrastructure,Normal,52.71,24,14,12,15,34.7,65.3,Survey,26,1,0,0,2,0,0,1,0,3,0,198,6,0.163,35,32.5,0.89,0.67,2,158.39,1,29
LA202869,Odisha,Sambalpur,Industrial,Development Project,Normal,146.24,33,21,9,19,98,2,Ownership Verification,14,0,0,0,2,0,0,0,0,4,1,110,11,0.391,71.8,20.4,1.15,0.85,5,314.34,0,70
LA201249,Telangana,Warangal,Irrigation,Major Infrastructure,Normal,25.34,32,13,3,14,85.5,14.5,Notification,72,1,0,1,0,1,0,1,1,1,0,182,16,0.281,46.4,39.8,0.97,0.48,5,58.94,1,68
LA202873,Karnataka,Mysuru,Irrigation,Major Infrastructure,High,34.88,27,10,10,24,76,24,Objection,21,1,0,0,6,0,0,4,2,1,0,172,27,0.101,31.6,38,0.97,0.72,5,115.61,1,55
LA202650,Odisha,Sambalpur,Irrigation,Major Infrastructure,Critical,34.77,26,17,3,11,48.9,51.1,Survey,25,1,0,0,1,0,1,2,0,6,0,172,32,0.248,51.9,29.9,0.94,0.51,6,82.62,1,87
LA201047,Karnataka,Mysuru,Irrigation,Major Infrastructure,High,24.82,25,10,11,13,49.6,50.4,Possession,26,1,0,1,3,0,0,2,0,1,0,173,9,0.631,75.9,52.8,1.05,0.92,8,74.2,1,58
LA201889,Odisha,Sambalpur,Highway,Major Infrastructure,High,179.28,28,19,3,18,62,38,Compensation,21,0,0,0,3,0,0,3,1,3,1,178,4,0.505,75.4,22.2,1.16,0.52,4,749.55,1,74
LA200616,Andhra Pradesh,Tirupati,Industrial,Development Project,High,66.3,38,29,7,26,87.9,12.1,Award,5,0,1,0,2,0,0,2,1,2,0,122,12,0.16,37.5,15.4,0.93,0.42,4,125.33,1,55
LA201319,Maharashtra,Aurangabad,Public Infrastructure,Development Project,Normal,94.89,34,13,12,16,71.9,28.1,Survey,8,1,0,0,1,0,1,5,0,2,0,120,4,0.768,99.6,44.4,1.13,0.53,5,77.47,1,69
LA202885,Maharashtra,Nashik,Public Infrastructure,Development Project,Normal,23.68,22,10,11,14,43.9,56.1,Ownership Verification,35,1,0,0,0,0,0,0,0,1,0,208,7,0.291,47.4,14.8,0.93,0.54,3,113.02,1,28
LA202461,Karnataka,Dharwad,Railway,Major Infrastructure,Normal,25.31,36,23,4,21,80.5,19.5,Approval,9,1,0,0,0,0,1,1,1,0,0,116,15,0.229,45.4,38.7,1.13,0.61,3,53.22,1,45
LA201773,Andhra Pradesh,Visakhapatnam,Irrigation,Major Infrastructure,Normal,652.26,28,10,2,21,94.5,5.5,Award,15,1,0,0,3,1,0,3,2,1,0,272,40,0.524,87.8,21.1,1.16,0.81,5,3400.38,1,92
LA202952,Maharashtra,Nashik,Public Infrastructure,Development Project,Normal,36.09,38,15,1,26,78.7,21.3,Notification,39,1,1,1,2,0,0,2,1,2,0,170,13,0.663,82.8,30.3,0.91,0.53,3,157.81,1,80
LA200132,Andhra Pradesh,Guntur,Irrigation,Major Infrastructure,High,84.55,33,19,9,14,68.2,31.8,Approval,109,1,0,1,4,0,1,1,1,0,0,189,26,0.324,50.1,42.3,1,0.5,4,260.63,1,86
LA200078,Karnataka,Bengaluru Rural,Public Infrastructure,Development Project,Normal,42.18,38,23,4,28,86.5,13.5,Compensation,6,1,0,0,2,1,0,6,3,1,0,106,2,0.294,56.3,18.3,0.89,0.78,2,155.15,0,55
LA202053,Andhra Pradesh,Visakhapatnam,Irrigation,Major Infrastructure,High,42.45,29,11,7,21,81.2,18.8,Survey,59,1,0,0,3,1,0,3,1,1,0,194,4,0.417,67.9,41.6,0.96,0.72,2,149.69,1,51
LA200725,Telangana,Warangal,Irrigation,Major Infrastructure,Critical,45.6,20,10,1,15,62.8,37.2,Objection,13,1,0,0,1,0,0,0,0,2,1,146,14,0.545,72.5,32.5,1.16,0.34,5,76.43,1,62
LA201315,Telangana,Rangareddy,Highway,Major Infrastructure,High,162.49,31,19,11,21,42.9,57.1,Approval,22,0,1,0,1,1,1,4,0,1,0,202,30,0.695,95.2,43.9,0.89,0.82,3,902.03,1,94
LA201852,Karnataka,Dharwad,Railway,Major Infrastructure,High,38.7,31,19,4,28,66.9,33.1,Possession,,1,1,0,4,1,0,1,1,2,0,86,11,0.357,54.9,19.2,1.13,0.73,4,208.06,0,58
LA202297,Odisha,Khordha,Highway,Major Infrastructure,Normal,53.2,35,22,11,22,66.6,33.4,Ownership Verification,,1,1,1,2,0,0,1,0,1,0,167,0,0.182,23.6,56.1,0.99,0.38,1,133.23,1,56
LA202487,Karnataka,Dharwad,Railway,Major Infrastructure,Normal,43.19,34,13,12,24,34.9,65.1,Award,30,1,0,1,1,0,0,1,0,4,1,167,32,0.502,72.8,21.3,1.1,0.57,6,122.99,1,97
LA201373,Telangana,Hyderabad,Industrial,Development Project,Normal,47.83,26,13,2,17,86.3,13.7,Ownership Verification,37,1,1,1,2,0,1,1,0,0,0,142,8,0.336,53.7,49.2,1.08,0.81,3,113.11,1,60
LA201856,Odisha,Ganjam,Highway,Major Infrastructure,High,209.67,29,22,5,22,51.9,48.1,Compensation,27,1,0,0,4,0,1,2,1,1,0,119,20,0.526,68.4,29.9,0.97,0.87,2,310.37,1,69
LA201320,Maharashtra,Nashik,Railway,Major Infrastructure,Normal,27.03,43,21,4,20,98.5,1.5,Objection,7,1,0,0,2,0,0,1,1,1,0,144,6,0.294,56.7,31.4,1.13,0.69,3,121.67,0,29
LA202875,Telangana,Warangal,Railway,Major Infrastructure,Normal,186.67,36,18,10,24,97.4,2.6,Objection,6,0,1,0,4,0,0,3,2,2,0,169,10,0.354,47.2,58.5,1.13,0.71,2,342.9,0,67
LA202172,Telangana,Medchal-Malkajgiri,Railway,Major Infrastructure,High,22.48,32,18,11,25,93.1,6.9,Notification,49,1,0,0,3,0,1,1,0,4,0,150,6,0.602,74.7,53.6,1.07,0.88,1,52.55,1,63
LA200376,Odisha,Sambalpur,Public Infrastructure,Development Project,Normal,20.37,22,16,6,9,33.9,66.1,Compensation,29,1,0,0,4,1,0,1,0,3,0,134,11,0.286,48,14.9,1.05,0.55,5,,1,50
LA201909,Maharashtra,Nashik,Highway,Major Infrastructure,High,59.46,34,23,5,25,95.6,4.4,Possession,29,1,1,0,0,0,0,0,0,5,1,107,16,0.719,86.1,37.5,1.02,0.62,8,106.79,1,97
LA200334,Andhra Pradesh,Krishna,Highway,Major Infrastructure,Normal,76.41,25,12,10,19,65.3,34.7,Notification,28,1,1,1,0,0,0,4,1,1,0,177,15,0.345,46.8,19.4,1.12,0.33,3,367.34,1,54
LA202252,Maharashtra,Aurangabad,Irrigation,Major Infrastructure,High,54.24,27,16,11,18,48.4,51.6,Survey,68,1,0,1,2,0,0,0,0,1,0,139,7,0.644,76.6,52.4,1.12,0.27,6,45.05,0,59
LA202737,Karnataka,Dharwad,Public Infrastructure,Development Project,Normal,63.45,32,17,7,19,32.2,67.8,Notification,31,1,0,1,4,0,0,1,0,1,0,129,5,0.254,61.1,39.8,1.07,0.72,1,52.74,1,32
LA201605,Telangana,Rangareddy,Industrial,Development Project,Normal,39.2,25,18,3,12,60.8,39.2,Objection,54,1,0,0,4,0,1,,1,0,0,203,8,0.607,89,50.2,0.96,0.75,4,86.67,1,68
LA201119,Telangana,Hyderabad,Irrigation,Major Infrastructure,Normal,101.99,24,10,2,25,87.6,12.4,Compensation,59,0,0,1,2,1,1,,1,0,0,138,19,0.425,76.3,21.9,0.91,0.36,4,79.89,1,73
LA202829,Karnataka,Mysuru,Highway,Major Infrastructure,Normal,26.18,,15,5,15,68.2,31.8,Survey,18,1,0,0,4,1,0,3,0,2,0,125,15,0.545,79.8,31.6,1.14,0.68,6,84.75,1,56
LA201944,Maharashtra,Kolhapur,Highway,Major Infrastructure,Normal,69.71,38,16,3,23,53.5,46.5,Objection,35,0,0,0,1,0,0,1,1,2,0,142,26,0.406,55.6,30.6,1.1,0.69,4,252.18,1,53
LA202262,Odisha,Ganjam,Public Infrastructure,Development Project,Normal,100.25,43,16,2,33,75.3,24.7,Compensation,24,1,0,0,2,0,0,3,2,2,0,127,7,0.59,86.6,33.8,1.16,0.79,6,407.82,1,56
LA202550,Karnataka,Mysuru,Industrial,Development Project,Normal,28.26,33,15,3,28,53.4,46.6,Ownership Verification,34,1,0,1,1,1,0,1,0,2,0,180,3,0.437,65.6,40.5,1.07,0.58,2,161.05,1,57
LA201343,Odisha,Cuttack,Industrial,Development Project,Normal,90.71,37,16,11,20,94.9,5.1,Approval,25,1,0,0,2,0,0,1,1,2,0,108,4,0.497,65.3,37,1.08,0.55,4,185.2,1,42
LA200321,Andhra Pradesh,Guntur,Irrigation,Major Infrastructure,High,80.56,36,22,1,22,35.1,64.9,Survey,18,1,0,0,3,0,0,1,1,3,0,197,4,0.542,79,30.2,1.11,0.67,7,353.45,1,45
LA201620,Karnataka,Mysuru,Highway,Major Infrastructure,Critical,135.1,30,22,11,22,96.9,3.1,Compensation,50,1,0,0,3,1,1,2,0,3,0,125,14,0.513,,55,0.95,0.46,5,744.32,1,72
LA202448,Karnataka,Tumakuru,Irrigation,Major Infrastructure,Normal,34.81,35,19,6,21,50.6,49.4,Possession,11,1,0,0,1,0,1,1,1,1,0,256,21,0.298,35,18.6,0.88,0.91,1,27.79,1,59
LA202061,Maharashtra,Pune,Industrial,Development Project,High,100.81,29,16,9,14,99.8,0.2,Possession,34,1,0,0,1,0,0,2,2,1,0,94,3,0.42,56.8,95.6,1.01,0.52,2,259.68,1,43
LA201674,Maharashtra,Kolhapur,Public Infrastructure,Development Project,Normal,80.33,29,17,6,21,42.1,57.9,Ownership Verification,63,1,1,0,1,0,0,2,1,3,0,240,34,0.401,,19.5,0.93,0.55,7,148.71,1,97
LA201943,Odisha,Ganjam,Public Infrastructure,Development Project,High,36.52,39,20,6,27,82.9,17.1,Approval,9,1,0,0,1,1,0,1,0,4,1,103,13,0.437,70.4,17.2,1.12,0.59,4,149.49,1,72
LA200261,Karnataka,Mysuru,Industrial,Development Project,Normal,32.56,34,24,5,12,63.3,36.7,Objection,10,0,1,0,5,0,1,1,1,1,0,79,6,0.529,74.9,40.9,1.05,0.66,2,44.88,1,46
LA202355,Karnataka,Tumakuru,Public Infrastructure,Development Project,Critical,173.06,23,9,8,17,30.8,69.2,Award,43,1,0,0,2,0,0,1,1,3,0,174,12,0.571,72.8,50,0.91,0.6,4,828.55,1,44
LA202040,Maharashtra,Nagpur,Railway,Major Infrastructure,High,21.67,27,13,9,13,51.5,48.5,Ownership Verification,32,1,0,0,1,0,0,1,0,1,0,161,8,0.268,46,26.9,1.13,0.64,4,84.31,0,37
LA200690,Karnataka,Belagavi,Irrigation,Major Infrastructure,High,98.86,36,24,3,23,55.6,44.4,Notification,20,1,0,1,1,0,0,0,0,3,0,160,6,0.306,52.6,25.5,0.94,0.83,6,410.67,1,45
LA200902,Odisha,Cuttack,Highway,Major Infrastructure,High,61.67,32,18,11,26,79.5,20.5,Notification,16,1,0,1,6,1,0,2,1,3,0,138,4,0.076,,57.6,0.92,0.81,3,69.7,1,53
LA202027,Maharashtra,Pune,Public Infrastructure,Development Project,Normal,14.19,31,19,6,18,87.4,12.6,Ownership Verification,25,1,0,0,2,0,0,1,1,1,0,138,16,0.705,87.6,62.8,1.04,0.23,2,27.1,1,44
LA200139,Odisha,Sambalpur,Highway,Major Infrastructure,High,41.87,21,8,3,13,47.3,52.7,Compensation,14,1,0,0,0,1,0,2,1,3,0,100,11,0.333,47.1,23.5,1.05,0.59,4,41,1,65
LA201918,Odisha,Puri,Industrial,Development Project,High,24.83,35,23,8,22,37.4,62.6,Notification,101,1,0,0,2,0,1,2,0,0,0,207,18,0.633,85.3,24.2,1.06,0.8,3,49.49,1,76
LA201829,Telangana,Warangal,Irrigation,Major Infrastructure,Critical,84.04,32,24,12,20,53.4,46.6,Award,31,1,0,0,2,0,0,1,0,0,0,191,6,0.838,104.4,66.2,0.92,0.65,6,174.31,0,57
LA201574,Maharashtra,Aurangabad,Highway,Major Infrastructure,Normal,187.61,28,19,12,20,75.4,24.6,Survey,7,1,0,0,4,0,0,0,0,4,0,159,25,0.538,80.3,39.6,1.1,0.71,1,460,1,49
LA200320,Telangana,Hyderabad,Highway,Major Infrastructure,Normal,23.68,24,15,6,14,88.9,11.1,Notification,35,0,1,1,5,1,1,1,0,3,0,121,9,0.639,82,52.7,1.04,0.49,3,87.73,1,102
LA200654,Andhra Pradesh,Tirupati,Railway,Major Infrastructure,Normal,21.55,,18,3,18,91,9,Survey,33,1,0,0,5,1,0,2,1,2,0,99,10,0.293,52.5,63.8,1.02,0.68,4,42.77,1,45
LA202138,Karnataka,Mysuru,Highway,Major Infrastructure,Normal,86.51,25,16,11,17,60.7,39.3,Compensation,120,1,0,0,5,1,0,3,1,1,0,282,7,0.083,25.5,17.7,1.12,0.89,2,370.41,1,63
LA202323,Karnataka,Belagavi,Highway,Major Infrastructure,Critical,106.73,40,21,9,19,53.8,46.2,Approval,34,0,1,0,2,0,1,3,0,2,0,181,27,0.223,37.4,18.1,1.17,0.63,4,147.83,1,80
LA200559,Odisha,Ganjam,Highway,Major Infrastructure,High,41.44,30,16,2,19,59.7,40.3,Approval,53,1,0,0,2,1,1,1,0,0,0,159,18,0.427,59.3,34.8,0.96,0.35,4,168.37,1,74
LA200113,Odisha,Khordha,Railway,Major Infrastructure,Critical,129.18,35,19,4,22,74.9,25.1,Possession,17,1,0,0,1,0,0,2,0,0,0,87,11,0.383,55.7,23.6,1.01,0.6,3,415.42,1,41
LA200532,Andhra Pradesh,Krishna,Highway,Major Infrastructure,Critical,49.87,34,24,4,24,49.4,50.6,Objection,43,1,0,0,2,1,0,2,0,0,0,112,16,0.442,65.5,40.6,1.09,0.87,1,65.67,1,77
LA200225,Maharashtra,Aurangabad,Irrigation,Major Infrastructure,Normal,64.77,22,17,2,13,34.8,65.2,Objection,20,1,0,0,1,0,0,1,1,1,0,123,9,0.29,48,18.4,0.89,0.51,3,102.75,1,41
LA200724,Telangana,Medchal-Malkajgiri,Industrial,Development Project,Normal,26.32,24,16,7,15,64,36,Ownership Verification,20,1,0,0,3,0,0,2,0,2,0,142,4,0.336,57.7,21.2,1.06,0.53,3,64.62,0,38
LA202429,Odisha,Ganjam,Irrigation,Major Infrastructure,Normal,83.1,30,23,3,14,83.6,16.4,Compensation,13,1,1,0,3,1,0,2,0,1,0,115,10,0.327,43.9,32.7,0.89,0.91,3,294.78,1,68
LA202571,Odisha,Sambalpur,Highway,Major Infrastructure,High,219.84,28,20,11,20,94.6,5.4,Ownership Verification,60,0,1,0,0,0,0,4,0,7,1,201,9,0.502,75.1,83.3,1.07,0.72,4,570.79,1,109
LA201434,Karnataka,Tumakuru,Highway,Major Infrastructure,High,72.67,24,18,4,15,40.1,59.9,Notification,18,1,0,0,5,1,1,4,1,1,0,154,12,0.368,51,45.7,1.14,0.73,2,248.2,1,67
LA202330,Karnataka,Tumakuru,Irrigation,Major Infrastructure,High,11.44,24,15,7,11,41.8,58.2,Compensation,19,1,1,0,3,1,0,2,2,2,0,220,16,0.405,57.3,28.8,1.07,0.5,3,14.27,1,58
LA201459,Maharashtra,Nashik,Railway,Major Infrastructure,Normal,115.5,32,12,3,23,83.8,16.2,Possession,68,1,1,1,2,0,0,,3,3,0,171,25,0.082,16.7,38.1,1.15,0.52,4,326.76,1,101
LA202702,Karnataka,Dharwad,Railway,Major Infrastructure,High,85.02,31,20,11,15,77.5,22.5,Ownership Verification,39,1,0,1,2,1,1,2,1,2,0,144,9,0.646,78.6,41.7,1.08,0.79,1,206.8,0,81
LA200847,Maharashtra,Pune,Railway,Major Infrastructure,Normal,160.73,25,19,12,18,68.7,31.3,Approval,17,1,1,0,2,1,0,4,1,1,0,87,6,0.435,70.4,42.3,1,0.88,2,342.35,1,64
LA200194,Odisha,Puri,Irrigation,Major Infrastructure,Normal,57.9,22,17,9,10,86.5,13.5,Survey,34,1,0,0,3,0,1,1,0,2,0,124,4,0.377,61,36.8,1.16,0.71,3,244.29,1,43
LA201465,Andhra Pradesh,Tirupati,Irrigation,Major Infrastructure,Normal,65.23,26,10,9,21,71.3,28.7,Possession,21,0,0,0,3,0,0,1,0,2,0,91,2,0.691,87.4,52,0.97,0.83,6,178.61,1,37
LA200947,Karnataka,Tumakuru,Highway,Major Infrastructure,Normal,21.14,42,26,2,31,78.7,21.3,Possession,14,1,0,0,1,0,0,0,0,4,0,185,5,0.61,89.7,98.3,1.11,0.94,4,52.12,1,46
LA202022,Odisha,Puri,Highway,Major Infrastructure,Critical,55.22,34,18,4,23,74.1,25.9,Notification,83,1,0,0,1,1,0,1,0,2,0,170,7,0.323,57.6,19.9,1.14,0.26,3,189.87,1,62
LA201630,Karnataka,Tumakuru,Railway,Major Infrastructure,High,49.53,25,16,2,19,55.7,44.3,Objection,24,1,0,0,2,1,0,1,1,3,0,133,33,0.321,40.5,24,1.09,0.79,3,77.34,1,79
LA200118,Maharashtra,Kolhapur,Public Infrastructure,Development Project,Normal,56.55,26,12,2,12,64.6,35.4,Award,32,1,0,0,3,0,0,0,0,2,0,115,14,0.574,76.7,38.4,1.08,0.6,5,133.15,1,41
LA200646,Telangana,Hyderabad,Railway,Major Infrastructure,Normal,310.52,35,20,6,26,65.8,34.2,Compensation,5,1,1,0,1,1,0,2,2,1,0,79,7,0.426,55.5,122.5,1.1,0.26,0,516.36,1,61
LA201871,Andhra Pradesh,Guntur,Irrigation,Major Infrastructure,Critical,62.89,28,21,7,12,46.9,53.1,Approval,103,1,0,0,0,0,0,6,3,4,0,255,9,0.276,50.3,38.3,1.14,0.22,3,100.83,1,97
LA200004,Odisha,Puri,Highway,Major Infrastructure,High,23.27,35,27,1,23,81.7,18.3,Objection,15,1,0,1,2,0,0,4,1,4,1,110,9,0.319,53.1,34.5,0.98,0.5,4,29.74,1,79
LA200075,Andhra Pradesh,NTR,Railway,Major Infrastructure,Normal,,31,19,11,15,62.9,37.1,Compensation,53,1,0,0,0,1,1,1,1,1,0,136,16,0.2,36.3,37.3,1.11,0.23,0,366.92,1,61
LA201756,Maharashtra,Aurangabad,Public Infrastructure,Development Project,Normal,124.85,29,15,12,20,64.6,35.4,Ownership Verification,9,1,0,0,1,0,0,4,2,2,0,70,4,0.253,38.6,49.6,1.09,0.79,2,194.51,1,45
LA200468,Odisha,Ganjam,Railway,Major Infrastructure,High,121.76,24,15,5,18,48.5,51.5,Ownership Verification,43,1,0,0,6,1,0,1,1,2,0,126,5,0.496,67.9,45.8,0.98,0.49,0,387.01,1,49
LA200006,Odisha,Sambalpur,Public Infrastructure,Development Project,High,162.96,46,30,1,21,79.2,20.8,Survey,30,1,0,0,3,0,0,0,0,0,0,146,28,0.431,81.5,47.6,1.01,0.86,6,522.53,1,37
LA201247,Telangana,Medchal-Malkajgiri,Highway,Major Infrastructure,Normal,86.97,29,18,3,27,67.9,32.1,Approval,33,1,0,0,1,0,0,3,0,0,1,93,9,0.728,82,39.6,1.15,0.5,4,178.12,1,71
LA200920,Maharashtra,Nashik,Highway,Major Infrastructure,High,46.48,22,17,12,16,56.3,43.7,Approval,8,1,1,1,3,0,1,2,2,2,0,83,22,0.341,52.3,37.6,1.11,0.26,4,47.67,1,88
LA200229,Karnataka,Tumakuru,Highway,Major Infrastructure,High,23.14,28,14,9,18,36,64,Objection,70,1,0,1,3,0,0,1,0,3,0,182,5,0.461,65.3,40.5,1,0.51,1,51.47,1,61
LA201064,Odisha,Puri,Irrigation,Major Infrastructure,Normal,68.54,31,19,10,24,73.9,26.1,Ownership Verification,23,1,1,0,2,0,0,2,1,0,0,166,16,0.553,78.6,44.2,0.93,0.35,5,184.64,0,53
LA200243,Telangana,Nalgonda,Irrigation,Major Infrastructure,Normal,44.58,27,12,8,20,55.4,44.6,Survey,87,1,0,0,1,0,1,2,0,4,1,237,21,0.312,59,22,0.97,0.79,4,177.05,1,94
LA202280,Andhra Pradesh,Krishna,Public Infrastructure,Development Project,High,38.12,34,17,8,19,97,3,Compensation,25,1,0,0,1,0,1,0,0,3,0,181,41,0.477,72.3,38.4,0.95,0.53,5,148.28,1,78
LA201161,Maharashtra,Nashik,Highway,Major Infrastructure,Critical,54.4,32,13,3,26,92.7,7.3,Notification,32,1,0,1,2,0,0,2,1,1,0,182,26,0.197,31.7,,1.15,0.77,4,191.98,1,63
LA202514,Maharashtra,Aurangabad,Highway,Major Infrastructure,Normal,32.32,17,10,2,10,85.7,14.3,Award,20,1,0,0,3,1,0,2,2,3,0,118,7,0.119,24.2,19.1,1.17,0.57,7,66.88,1,47
LA201527,Andhra Pradesh,Tirupati,Highway,Major Infrastructure,Normal,19.56,23,16,4,13,55.7,44.3,Compensation,,1,1,1,5,0,0,3,3,4,1,112,2,0.285,55.1,35.5,1.14,0.31,4,60.48,1,83
LA201606,Maharashtra,Kolhapur,Highway,Major Infrastructure,High,78.76,26,20,8,21,47.1,52.9,Approval,28,1,1,0,7,0,1,1,1,3,0,92,7,0.47,62.2,35.7,0.97,0.25,4,312.53,1,74
LA202785,Odisha,Ganjam,Industrial,Development Project,Normal,67.11,22,15,3,14,68.8,31.2,Approval,14,1,0,0,1,1,0,,2,1,0,185,42,0.16,29.4,20.7,1.14,0.78,5,60.02,1,82
LA202667,Karnataka,Dharwad,Public Infrastructure,Development Project,High,36.11,27,11,8,16,41.2,58.8,Compensation,1,1,0,0,5,1,0,4,2,0,0,183,12,0.259,44.1,27.2,0.88,0.4,3,73.22,1,50
LA202666,Maharashtra,Pune,Highway,Major Infrastructure,Normal,99.83,28,21,3,27,53.2,46.8,Possession,14,0,0,0,5,0,1,1,0,3,0,88,18,0.301,55.2,37.9,1.12,0.45,3,304.36,0,52
LA201990,Karnataka,Tumakuru,Highway,Major Infrastructure,Normal,154.49,33,15,7,27,85.7,14.3,Objection,26,1,1,0,5,0,0,1,0,1,0,171,17,0.795,99.4,40.3,0.95,0.77,4,748.57,1,76
LA202610,Telangana,Hyderabad,Railway,Major Infrastructure,Normal,58.93,27,10,9,18,30.2,69.8,Objection,33,1,0,0,0,0,0,1,1,1,1,105,26,0.364,53.7,76,0.91,0.71,5,97.05,1,72
LA201976,Maharashtra,Pune,Railway,Major Infrastructure,High,62.3,36,19,9,26,73.4,26.6,Ownership Verification,7,1,1,0,2,0,1,2,0,3,0,183,4,0.393,63.3,16,1.12,0.95,3,122.55,1,57
LA201762,Odisha,Sambalpur,Irrigation,Major Infrastructure,High,61.91,29,12,11,21,57.9,42.1,Ownership Verification,34,1,1,0,3,0,0,0,0,0,0,141,7,0.666,93.9,54.3,1.04,0.43,3,151.21,1,52
LA201306,Andhra Pradesh,NTR,Railway,Major Infrastructure,Normal,45.59,36,13,9,27,42.1,57.9,Award,9,1,0,0,3,1,0,1,0,3,0,137,20,0.452,71.1,52.9,1.09,0.82,7,47.99,1,38
LA201542,Telangana,Medchal-Malkajgiri,Highway,Major Infrastructure,Normal,50.32,37,27,7,25,51.7,48.3,Compensation,1,1,0,0,1,0,0,1,0,1,1,210,33,0.442,62.8,49.2,0.96,0.46,1,239.52,1,70
LA200623,Telangana,Nalgonda,Industrial,Development Project,Normal,34.38,36,26,4,24,71.1,28.9,Ownership Verification,17,1,1,0,1,1,0,1,1,5,1,135,23,0.157,41.4,32.2,0.97,0.62,5,79.76,1,104
LA202314,Andhra Pradesh,Guntur,Railway,Major Infrastructure,Normal,130.28,33,20,10,24,92.7,7.3,Ownership Verification,56,1,1,1,0,0,1,3,1,1,0,203,5,0.551,67.4,61.2,1.08,0.46,3,150.37,1,91
LA201494,Karnataka,Belagavi,Railway,Major Infrastructure,Normal,43.05,27,11,9,16,79,21,Survey,28,1,0,0,5,1,0,5,2,4,0,158,9,0.446,61.3,51.8,1.01,0.74,2,,0,82
LA200111,Maharashtra,Nashik,Railway,Major Infrastructure,Normal,66.79,31,23,8,23,42.1,57.9,Survey,46,1,0,0,3,1,0,1,0,2,0,127,5,0.291,60.3,13,1.14,0.83,2,220.58,1,63
LA202488,Odisha,Puri,Irrigation,Major Infrastructure,Normal,8.13,22,8,11,12,32.8,67.2,Ownership Verification,23,1,1,0,3,0,0,0,0,0,0,112,9,0.361,60.7,19.4,0.91,0.5,5,17.37,1,35
LA201170,Karnataka,Bengaluru Rural,Highway,Major Infrastructure,Normal,77.24,30,22,9,23,52.3,47.7,Compensation,6,1,0,1,4,0,0,3,0,0,0,68,2,0.437,73.3,22.1,1.04,0.47,6,241.44,1,21
LA202462,Karnataka,Dharwad,Industrial,Development Project,Normal,102.56,22,13,11,12,83.5,16.5,Survey,35,1,1,0,4,0,0,1,1,2,0,151,19,0.218,37.8,12.3,0.97,0.76,5,392.56,1,61
LA200233,Telangana,Hyderabad,Industrial,Development Project,Normal,29.91,28,18,8,16,75.9,24.1,Compensation,30,0,0,1,0,1,0,2,0,2,0,106,5,0.628,81.2,35.2,1.11,0.73,4,28.16,1,60
LA200067,Telangana,Nalgonda,Irrigation,Major Infrastructure,Normal,74.16,37,24,8,21,36.5,63.5,Award,47,1,1,0,1,0,0,2,1,1,0,104,7,0.591,78.9,39.7,0.93,0.6,4,327.85,1,59
LA202708,Karnataka,Dharwad,Public Infrastructure,Development Project,Critical,76.53,35,18,1,24,57.9,42.1,Ownership Verification,51,1,0,0,0,0,0,1,1,3,0,177,7,0.634,84.3,87.8,1.11,0.91,4,188.3,1,56
LA202073,Odisha,Cuttack,Highway,Major Infrastructure,Normal,50.19,27,20,9,19,82.9,17.1,Award,28,1,0,0,3,1,1,2,2,3,0,140,13,0.233,41.9,24.9,1.14,0.16,1,45.7,1,77
LA202193,Karnataka,Belagavi,Public Infrastructure,Development Project,High,57.17,47,19,1,30,40,60,Compensation,4,1,0,0,1,0,0,2,1,3,0,86,7,0.303,48.6,17.5,1.18,0.75,3,209.68,1,45
LA200537,Maharashtra,Pune,Public Infrastructure,Development Project,Normal,53.86,41,29,7,22,67.4,32.6,Notification,25,1,0,1,3,0,1,0,0,3,0,120,8,0.446,63.9,67.6,1.11,0.62,5,279.75,1,63
LA200126,Maharashtra,Nashik,Public Infrastructure,Development Project,Normal,35.74,,22,5,21,72.5,27.5,Possession,39,1,0,0,5,0,0,4,4,2,0,192,26,0.393,52.6,21.9,1.03,0.74,5,145.2,1,67
LA202134,Maharashtra,Kolhapur,Highway,Major Infrastructure,High,41.81,27,20,7,22,45.5,54.5,Possession,27,1,0,0,3,0,0,2,0,1,0,173,19,0.653,86.3,,0.97,0.67,2,221.74,1,47
LA201255,Andhra Pradesh,Krishna,Public Infrastructure,Development Project,Normal,164.75,18,10,3,11,78.1,21.9,Compensation,37,1,0,0,4,1,0,1,0,1,0,156,10,0.417,71.9,42,1.09,0.12,1,153.14,1,46
LA202485,Karnataka,Tumakuru,Highway,Major Infrastructure,High,25.53,38,14,3,28,35,65,Compensation,18,0,0,0,3,1,0,1,0,1,0,99,6,0.321,46.6,60,0.93,0.78,4,65.42,1,51
LA201977,Karnataka,Dharwad,Irrigation,Major Infrastructure,Normal,31.41,37,21,2,20,86.5,13.5,Award,19,1,0,0,2,0,0,3,2,1,0,178,51,0.41,53.2,25.1,1.06,0.87,1,68.99,1,71
LA202463,Telangana,Warangal,Highway,Major Infrastructure,Normal,508.06,36,22,4,21,92.8,7.2,Compensation,57,1,0,0,3,1,0,0,0,0,0,142,6,0.308,60.1,44,1.18,0.51,2,2495.46,1,46
LA202489,Odisha,Cuttack,Railway,Major Infrastructure,High,38.68,36,19,1,33,93.1,6.9,Approval,75,1,1,0,2,1,0,2,2,2,0,230,28,0.35,52.7,31.6,0.98,0.35,5,65.51,1,95
LA202076,Karnataka,Mysuru,Industrial,Development Project,Normal,75.13,28,10,7,18,87.8,12.2,Notification,19,1,0,1,2,1,0,,0,2,1,82,19,0.504,75.8,33.7,1.03,0.74,5,269.14,1,81
LA200485,Karnataka,Dharwad,Highway,Major Infrastructure,High,104.62,34,14,4,15,77.3,22.7,Ownership Verification,7,1,1,0,2,0,0,1,1,3,0,165,17,0.23,37.3,34,1.02,0.56,4,397.8,0,68
LA201655,Andhra Pradesh,Visakhapatnam,Irrigation,Major Infrastructure,Normal,104.42,25,15,12,15,98.5,1.5,Compensation,29,0,0,0,0,1,0,3,2,1,0,110,6,0.414,69.5,58.8,1.11,0.66,3,241.36,1,55
LA202677,Andhra Pradesh,NTR,Public Infrastructure,Development Project,Normal,25.75,35,18,2,27,78.1,21.9,Objection,8,1,1,0,5,1,1,2,2,0,0,127,6,0.259,54.6,44.6,1.16,0.81,6,99.64,1,74
LA202551,Telangana,Hyderabad,Railway,Major Infrastructure,High,56.36,27,13,8,17,46.3,53.7,Approval,31,1,0,0,2,0,1,2,0,1,0,152,3,0.111,23.4,20.4,1.07,0.69,3,240.8,1,51
LA202406,Andhra Pradesh,Visakhapatnam,Industrial,Development Project,High,45.6,45,35,5,29,41.3,58.7,Approval,8,1,1,1,2,1,1,2,2,0,0,94,23,0.111,28.7,90.2,0.9,0.61,6,163.43,1,82
LA201775,Telangana,Warangal,Railway,Major Infrastructure,Normal,44.09,37,23,6,19,37,63,Objection,37,1,0,0,0,0,0,1,0,0,0,126,15,0.207,28.1,30.6,0.9,0.31,1,56.24,1,44
LA200919,Karnataka,Mysuru,Public Infrastructure,Development Project,High,17.72,29,11,10,26,47.4,52.6,Notification,48,1,1,0,4,0,1,1,0,0,0,146,7,0.349,60.6,41,0.91,0.62,1,30.65,1,58
LA201647,Telangana,Rangareddy,Public Infrastructure,Development Project,Normal,63.56,38,24,11,31,91.7,8.3,Award,85,1,0,0,1,0,0,2,2,5,0,208,8,0.19,51.9,28.4,1.13,0.77,7,203.99,1,71
LA201027,Maharashtra,Nashik,Industrial,Development Project,High,265.66,25,11,1,11,44,56,Notification,13,1,0,0,3,0,0,5,1,3,0,168,21,0.374,58.4,97.9,1.12,0.94,3,316.48,1,59
LA201031,Karnataka,Dharwad,Public Infrastructure,Development Project,Normal,54.92,26,13,7,20,58.7,41.3,Ownership Verification,13,1,1,0,4,1,1,2,1,2,0,127,7,0.735,93.5,59.3,1.17,0.69,2,283.52,1,72
LA200883,Telangana,Nalgonda,Public Infrastructure,Development Project,Normal,154.16,31,20,1,13,37.5,62.5,Notification,23,1,0,0,2,0,0,1,0,3,0,110,21,0.387,59.7,30.5,1.15,0.83,3,162.75,1,49
LA201336,Telangana,Warangal,Highway,Major Infrastructure,Normal,28,32,22,4,20,30.9,69.1,Notification,41,1,1,1,5,0,1,0,0,4,0,96,6,0.569,80.5,32.2,1.07,0.71,3,144.39,1,85
LA202223,Maharashtra,Nagpur,Railway,Major Infrastructure,Normal,140.43,31,19,7,20,41.5,58.5,Ownership Verification,29,1,1,0,5,0,0,2,2,1,0,273,16,0.455,72.9,30.4,1.16,0.81,5,271.71,1,61
LA200365,Odisha,Khordha,Railway,Major Infrastructure,Normal,187.6,29,17,10,13,60.9,39.1,Ownership Verification,5,1,1,1,0,1,0,0,0,2,0,68,14,0.617,82.7,71.6,0.98,0.76,4,265.3,1,85
LA202126,Telangana,Warangal,Public Infrastructure,Development Project,Normal,79.54,37,28,1,18,65.8,34.2,Notification,7,1,0,0,3,1,0,1,1,1,0,86,16,0.34,54.9,,1.16,0.64,5,295.66,0,60
LA200028,Andhra Pradesh,Tirupati,Railway,Major Infrastructure,Normal,41.72,33,20,11,23,92.8,7.2,Compensation,27,0,0,1,1,1,1,0,0,0,0,137,18,0.673,87.8,36.9,0.9,0.61,5,176.67,1,72
LA200474,Odisha,Puri,Railway,Major Infrastructure,High,39.4,31,23,1,24,46.9,53.1,Objection,34,1,0,0,3,1,0,2,1,4,0,166,17,0.442,62.4,44.1,1.05,0.41,1,109.38,1,73
LA200526,Telangana,Hyderabad,Highway,Major Infrastructure,Normal,58.89,23,16,2,19,66.6,33.4,Compensation,64,1,0,0,3,0,0,2,1,3,0,165,26,0.529,69.4,64.4,0.88,0.47,6,42.98,1,81
LA200726,Telangana,Medchal-Malkajgiri,Industrial,Development Project,Normal,54.69,22,15,5,14,30.3,69.7,Compensation,16,1,0,0,1,0,1,4,1,2,0,139,19,0.379,62.7,63.1,1,0.89,5,176.52,1,65
LA200056,Andhra Pradesh,Krishna,Public Infrastructure,Development Project,High,32.39,23,12,3,17,82.3,17.7,Possession,66,1,0,0,1,0,0,1,1,2,0,165,14,0.754,105.2,100.9,1.04,0.68,6,119.44,1,72
LA200639,Karnataka,Tumakuru,Public Infrastructure,Development Project,Normal,25.93,23,14,2,11,87.9,12.1,Possession,6,1,0,0,2,0,0,2,0,1,0,165,27,0.874,122.1,48.1,0.93,0.74,3,79.05,1,56
LA200303,Telangana,Hyderabad,Industrial,Development Project,Normal,136.81,29,14,7,16,56.8,43.2,Compensation,7,1,0,1,0,0,0,1,1,2,1,170,12,0.386,57.1,14.8,1.12,0.5,8,346.65,1,65
LA202609,Maharashtra,Kolhapur,Irrigation,Major Infrastructure,Normal,227.66,40,21,7,27,55.3,44.7,Objection,21,1,0,1,2,0,0,4,4,0,0,129,11,0.391,49.2,60.6,0.89,0.55,2,648.42,1,59
LA201277,Andhra Pradesh,Guntur,Railway,Major Infrastructure,High,32.08,38,17,5,23,78.4,21.6,Objection,40,1,1,0,3,1,0,2,2,3,0,122,1,0.6,88.9,19.9,1,0.8,1,118.15,1,81
LA202636,Karnataka,Belagavi,Highway,Major Infrastructure,Normal,51.14,27,16,11,16,80.9,19.1,Survey,51,0,0,0,2,1,1,1,0,3,0,127,17,0.653,95.4,68.6,0.98,0.67,2,44.61,1,82
LA200625,Odisha,Ganjam,Irrigation,Major Infrastructure,Normal,14.94,29,15,3,17,40.6,59.4,Ownership Verification,35,0,0,1,1,1,0,3,2,0,0,83,2,0.401,62.3,31,1.04,0.8,5,56.27,1,52
LA202056,Telangana,Hyderabad,Public Infrastructure,Development Project,High,995.8,36,18,11,22,44.6,55.4,Objection,14,0,0,0,1,0,0,1,1,4,1,136,5,0.577,74.2,49.9,1.12,0.4,5,2556.59,1,70
LA201281,Karnataka,Tumakuru,Railway,Major Infrastructure,High,54.07,36,25,6,21,95.7,4.3,Survey,11,1,0,0,4,0,1,1,0,4,1,132,32,0.371,58.2,29.9,0.9,0.51,4,105.04,1,82
LA201050,Odisha,Ganjam,Industrial,Development Project,Normal,57.31,27,13,7,16,68.6,31.4,Objection,24,1,0,0,4,1,0,1,0,0,0,73,5,0.494,55.1,37.8,1.1,0.73,1,153.41,1,49
LA200337,Karnataka,Belagavi,Irrigation,Major Infrastructure,High,28.24,35,20,11,26,34.2,65.8,Award,22,1,0,0,1,0,0,3,1,1,0,72,15,0.349,65.2,52.2,1.04,0.69,2,94.03,1,38
LA200048,Telangana,Nalgonda,Highway,Major Infrastructure,Critical,53.65,30,16,7,22,50.3,49.7,Ownership Verification,40,1,1,0,3,0,1,1,1,1,0,152,38,0.309,36.6,19.6,1.05,0.77,4,214.22,1,92
LA200107,Andhra Pradesh,NTR,Highway,Major Infrastructure,Normal,59.25,39,29,7,22,70.7,29.3,Ownership Verification,54,1,1,0,0,1,0,2,1,3,0,218,39,0.374,48.3,53.3,1.03,0.59,5,54.63,1,101
LA201080,Odisha,Sambalpur,Industrial,Development Project,Normal,78.14,33,20,1,15,95.4,4.6,Compensation,27,1,0,0,3,1,1,2,1,1,0,144,8,0.388,55.8,27.5,1.01,0.82,7,421.24,0,55
LA201145,Telangana,Warangal,Highway,Major Infrastructure,High,68.99,33,15,12,20,41.4,58.6,Possession,50,0,0,0,1,0,0,1,1,2,0,199,8,0.512,69.8,32.5,0.89,0.82,3,410.57,1,57
LA202441,Telangana,Rangareddy,Public Infrastructure,Development Project,Normal,98.16,21,12,6,11,51.5,48.5,Objection,41,1,0,0,2,0,1,1,1,0,0,163,30,0.458,78.1,18.4,1.01,0.71,6,98.04,1,58
LA201837,Odisha,Ganjam,Industrial,Development Project,Critical,159.4,28,17,12,23,59.8,40.2,Notification,3,1,0,1,1,0,0,2,2,0,0,127,6,0.601,85.1,75.6,1.07,0.47,6,862.14,1,44
LA201754,Karnataka,Mysuru,Railway,Major Infrastructure,Normal,64.21,36,26,3,20,69.3,30.7,Objection,52,0,0,0,4,1,0,4,1,5,1,115,8,0.445,71.5,67.3,0.94,0.58,4,76.96,1,93
LA201102,Odisha,Cuttack,Public Infrastructure,Development Project,High,44.8,34,16,7,17,59.4,40.6,Survey,150,1,0,1,1,0,0,5,2,2,0,255,7,0.67,81.4,27.3,0.93,0.77,4,62.42,1,93
LA201969,Maharashtra,Pune,Irrigation,Major Infrastructure,High,93.52,34,26,1,22,85.2,14.8,Compensation,23,0,0,0,2,1,1,1,1,2,1,123,13,0.408,51.3,104.2,1.01,0.97,11,69.41,1,92
LA200524,Andhra Pradesh,Visakhapatnam,Industrial,Development Project,High,72.05,34,13,6,16,69.5,30.5,Notification,23,0,1,0,3,0,0,0,0,4,0,110,31,0.425,58.4,34.7,0.93,0.76,7,275.83,1,82
LA201429,Karnataka,Dharwad,Irrigation,Major Infrastructure,Normal,141.8,30,15,6,20,44.7,55.3,Objection,41,1,0,0,2,1,0,0,0,0,0,120,4,0.185,35.5,26.8,0.99,0.55,3,766.45,0,39
LA202608,Karnataka,Dharwad,Highway,Major Infrastructure,Normal,74.29,25,19,9,13,88.2,11.8,Ownership Verification,3,1,1,0,1,1,0,1,1,1,0,91,6,0.643,87.6,50.2,1.04,0.98,4,84.35,1,59
LA200604,Telangana,Rangareddy,Public Infrastructure,Development Project,High,66.93,23,17,7,21,99.7,0.3,Objection,16,1,1,0,3,0,0,3,3,0,0,139,16,0.132,35.1,24.6,1.03,0.88,3,41.41,0,56
LA201490,Andhra Pradesh,Guntur,Highway,Major Infrastructure,Normal,80.61,29,15,3,12,54,46,Ownership Verification,36,1,1,0,4,0,0,2,2,5,0,133,13,0.333,42.9,19.7,0.91,0.54,4,408.88,1,63
LA202352,Maharashtra,Pune,Railway,Major Infrastructure,Normal,89.17,30,17,8,21,59.1,40.9,Compensation,31,0,0,0,1,1,0,1,1,1,0,179,66,0.131,38.2,39.6,1.01,0.4,7,465.55,1,91
LA200061,Maharashtra,Nagpur,Railway,Major Infrastructure,High,27.25,24,10,3,17,39,61,Approval,79,1,0,1,2,0,1,2,2,5,1,211,12,0.53,60.4,22.3,1.08,0.31,4,87.12,1,118
LA202750,Andhra Pradesh,Visakhapatnam,Highway,Major Infrastructure,High,56.38,30,21,5,19,75.5,24.5,Possession,7,1,0,0,1,0,1,1,1,0,1,137,19,0.404,61.5,,0.91,0.39,7,87.06,1,60
LA200672,Karnataka,Belagavi,Public Infrastructure,Development Project,Critical,24.06,30,19,11,15,57.3,42.7,Ownership Verification,32,1,1,0,3,0,1,4,2,4,0,102,4,0.45,63.7,50,1.15,0.75,8,67.58,1,79
LA200093,Andhra Pradesh,Krishna,Highway,Major Infrastructure,High,22.25,41,29,12,37,55.4,44.6,Survey,21,1,0,0,1,0,0,2,2,1,0,95,9,0.354,49.5,36,1.07,0.42,0,63.31,1,39
LA200667,Andhra Pradesh,Guntur,Public Infrastructure,Development Project,Normal,179.05,26,19,3,16,56.9,43.1,Objection,89,1,0,0,4,0,1,1,0,0,0,189,13,0.483,79.1,34.9,1.11,0.64,1,210.37,1,71
LA201888,Karnataka,Belagavi,Irrigation,Major Infrastructure,Critical,44.88,26,19,11,19,30.9,69.1,Award,150,0,0,1,4,0,1,2,2,3,1,247,12,0.028,18.3,28.1,1.08,0.8,2,225.87,1,124
LA200281,Karnataka,Dharwad,Irrigation,Major Infrastructure,Normal,35.82,33,18,8,20,77,23,Survey,40,0,0,0,2,1,0,3,1,2,1,132,21,0.385,53.8,43.7,0.94,0.95,6,91.15,1,88
LA201720,Odisha,Khordha,Public Infrastructure,Development Project,Critical,100.33,29,11,11,19,41.7,58.3,Ownership Verification,10,1,1,0,1,0,0,3,2,2,0,142,13,0.198,31.2,56.9,0.94,0.54,9,294.48,1,72
LA200360,Andhra Pradesh,NTR,Railway,Major Infrastructure,Normal,34.45,24,13,11,13,51.9,48.1,Award,14,1,1,0,3,0,0,3,2,0,1,98,5,0.439,71.5,53.3,0.94,0.85,4,142.73,1,75
LA200900,Andhra Pradesh,NTR,Railway,Major Infrastructure,Critical,71.03,35,21,2,29,96.9,3.1,Notification,19,1,0,1,5,0,1,1,0,0,0,123,4,0.325,50.9,37.9,1,0.86,4,239.93,1,34
LA201936,Andhra Pradesh,Tirupati,Irrigation,Major Infrastructure,Normal,57.24,32,20,7,17,70.7,29.3,Approval,26,1,0,0,2,0,1,3,2,4,1,127,4,0.286,44.2,63,0.95,0.76,6,89.94,1,80
LA201995,Maharashtra,Nashik,Highway,Major Infrastructure,Normal,52.17,,9,1,16,63.5,36.5,Award,40,1,0,0,0,0,1,3,1,1,0,183,1,0.429,61.3,70.9,1.17,0.23,5,140.7,1,53
LA202313,Andhra Pradesh,NTR,Highway,Major Infrastructure,Normal,131.18,28,18,7,21,93.2,6.8,Survey,36,0,0,1,2,1,0,1,0,4,1,174,20,0.477,57.7,20.5,0.95,0.37,6,120.39,1,107
LA200761,Odisha,Puri,Industrial,Development Project,Normal,54.89,30,12,5,21,62.6,37.4,Objection,30,1,0,0,1,0,0,4,2,1,0,145,28,0.715,87.5,83,1.14,0.67,4,107.26,1,64
LA202159,Telangana,Medchal-Malkajgiri,Irrigation,Major Infrastructure,High,123.82,37,16,8,20,36.2,63.8,Approval,26,1,0,0,3,0,1,0,0,2,0,111,13,0.456,73.7,45,1.16,0.53,2,257.15,1,53
LA202623,Odisha,Ganjam,Industrial,Development Project,Normal,17.87,32,16,7,25,55.2,44.8,Approval,21,1,1,1,1,0,1,2,0,0,0,105,9,0.21,34.7,22.2,1.13,0.14,2,71.81,1,58
LA200043,Karnataka,Tumakuru,Irrigation,Major Infrastructure,Normal,21.09,25,18,12,23,83.5,16.5,Ownership Verification,44,1,0,0,4,0,0,3,2,1,0,162,15,0.412,,31.3,1.11,0.52,4,22.01,1,61
LA202174,Andhra Pradesh,Tirupati,Highway,Major Infrastructure,High,101.13,31,18,9,20,93.2,6.8,Notification,16,1,1,1,1,1,0,1,1,1,0,135,1,0.419,60.8,24.7,1.05,0.77,6,311.16,1,73
LA200205,Maharashtra,Pune,Irrigation,Major Infrastructure,High,50.19,29,17,7,11,40.2,59.8,Compensation,23,1,0,0,0,1,1,4,2,0,0,158,18,0.538,79.4,38.9,1.09,0.73,4,180.72,1,58
LA201474,Karnataka,Bengaluru Rural,Irrigation,Major Infrastructure,High,59.48,37,23,2,22,58.8,41.2,Compensation,70,0,0,1,2,1,1,1,0,1,0,183,4,0.422,71.3,38.9,1.09,0.74,4,159.68,1,84
LA202101,Maharashtra,Nashik,Irrigation,Major Infrastructure,Normal,39.38,27,18,4,26,82.4,17.6,Objection,5,1,0,0,3,0,0,,2,0,0,100,10,0.375,50.8,50.3,1.03,0.69,4,140.84,0,43
LA200069,Andhra Pradesh,Guntur,Public Infrastructure,Development Project,Normal,9.85,31,20,9,21,82.2,17.8,Compensation,25,1,0,0,2,0,0,2,1,3,0,183,10,0.486,62.8,47.2,0.97,0.76,0,11.51,0,62
LA201876,Maharashtra,Aurangabad,Railway,Major Infrastructure,High,141.79,35,25,2,19,97.6,2.4,Objection,42,1,1,0,0,0,0,0,0,0,0,141,18,0.614,85.6,23.9,0.92,0.68,4,461.31,0,50
LA202380,Maharashtra,Nashik,Irrigation,Major Infrastructure,Critical,48.48,35,17,3,13,62.3,37.7,Compensation,23,1,0,0,6,0,1,2,0,1,0,171,10,0.345,52.9,130,0.97,0.65,3,243.14,1,51
LA202232,Karnataka,Dharwad,Public Infrastructure,Development Project,High,69.99,31,14,10,19,43.7,56.3,Possession,9,1,0,1,2,0,0,1,0,1,0,104,19,0.374,60.5,22.1,0.96,0.48,4,362.98,1,43
LA200138,Karnataka,Mysuru,Highway,Major Infrastructure,Normal,118.46,38,28,4,19,37.9,62.1,Ownership Verification,75,0,1,0,4,0,0,2,0,3,0,179,10,0.301,50,23.6,1.08,0.68,5,300,1,75
LA200797,Maharashtra,Nashik,Irrigation,Major Infrastructure,High,141.17,42,23,11,21,75.3,24.7,Compensation,89,0,0,0,1,1,0,0,0,2,0,218,4,0.253,46.5,15,1.14,0.78,6,317.62,1,63
LA202181,Karnataka,Dharwad,Irrigation,Major Infrastructure,Critical,16.28,33,19,4,22,72,28,Possession,22,1,0,0,4,0,0,1,0,3,0,123,36,0.617,77.9,51.4,0.93,0.74,5,52.83,1,65
LA202129,Karnataka,Mysuru,Public Infrastructure,Development Project,Normal,53.81,27,14,6,11,80.3,19.7,Notification,35,0,0,0,4,1,0,,0,3,0,141,1,0.149,24.5,26.2,0.95,0.56,3,216.83,1,47
LA200759,Telangana,Nalgonda,Irrigation,Major Infrastructure,Normal,30.97,32,23,7,21,98.7,1.3,Survey,17,1,1,0,3,0,0,2,1,0,0,106,5,0.521,63.1,36.6,0.93,0.84,4,143.26,1,49
LA200542,Odisha,Puri,Industrial,Development Project,High,97.21,31,22,2,20,44.4,55.6,Award,41,1,0,0,1,0,0,2,2,1,1,158,24,0.75,92.4,36.2,1.15,0.92,3,172.24,1,75
LA201020,Maharashtra,Nashik,Highway,Major Infrastructure,Critical,55.91,29,12,6,18,68,32,Approval,49,1,1,0,3,0,0,3,1,0,0,113,3,0.527,75.8,75.1,1.13,0.92,3,139.67,1,70
LA202289,Karnataka,Belagavi,Railway,Major Infrastructure,Normal,26.27,28,11,8,23,59.3,40.7,Survey,29,1,0,0,4,0,0,3,2,0,0,182,28,0.586,70.8,130,1.01,0.37,0,78.07,1,70
LA200166,Odisha,Khordha,Public Infrastructure,Development Project,Normal,71.98,37,21,7,28,55.2,44.8,Ownership Verification,27,1,1,0,1,1,0,0,0,3,0,128,6,0.177,30.1,,0.89,0.7,5,373.98,1,62
LA200249,Maharashtra,Kolhapur,Highway,Major Infrastructure,Critical,67.25,37,14,2,26,33.2,66.8,Notification,13,1,1,1,1,1,0,2,0,1,0,100,10,0.453,57.5,35.7,0.88,0.33,3,149.24,1,63
LA201332,Karnataka,Dharwad,Public Infrastructure,Development Project,Normal,176.35,35,16,6,19,53.9,46.1,Approval,28,1,0,0,3,0,1,4,2,3,0,130,4,0.435,63,44.9,0.97,0.57,9,301.17,1,66
LA202018,Telangana,Rangareddy,Railway,Major Infrastructure,Critical,96.32,35,26,5,15,37.9,62.1,Compensation,45,1,1,0,3,1,0,,1,0,0,167,32,0.501,68.4,51.1,1.01,0.74,5,176.4,1,104
LA200447,Karnataka,Dharwad,Highway,Major Infrastructure,Normal,88.14,29,11,11,19,49.5,50.5,Ownership Verification,24,1,0,0,8,1,1,0,0,4,1,113,28,0.418,63.1,57.2,0.93,0.87,3,193.03,1,106
LA201359,Odisha,Ganjam,Railway,Major Infrastructure,Normal,62.85,32,14,3,23,68.9,31.1,Possession,49,0,0,0,3,0,0,2,1,2,0,139,12,0.786,106.9,35.7,0.98,0.6,6,104.76,1,73
LA202146,Telangana,Nalgonda,Railway,Major Infrastructure,Normal,45.63,26,11,1,24,31,69,Approval,36,1,1,0,5,0,1,1,1,0,0,128,9,0.622,80.4,30.3,1.12,0.77,2,94.38,0,76
LA201330,Odisha,Cuttack,Irrigation,Major Infrastructure,Normal,40.77,29,12,4,14,52.8,47.2,Approval,34,1,0,1,2,0,1,0,0,2,0,233,26,0.683,81.1,76.5,1.07,0.46,2,93.45,1,78
LA202911,Karnataka,Dharwad,Public Infrastructure,Development Project,Normal,110.09,22,11,1,17,72.2,27.8,Compensation,41,1,0,0,3,1,0,1,0,1,0,216,7,0.814,95.5,96.7,0.93,0.88,2,208.51,1,57
LA202151,Telangana,Hyderabad,Irrigation,Major Infrastructure,High,5,32,21,7,23,62.6,37.4,Compensation,44,1,0,0,3,1,0,1,1,4,1,124,24,0.549,85,42.7,1.02,0.4,1,15.48,1,99
LA200435,Maharashtra,Nagpur,Highway,Major Infrastructure,Normal,44.66,37,15,4,24,40.4,59.6,Compensation,6,1,0,0,0,1,0,1,0,1,0,120,14,0.364,55.9,43.5,1.08,0.55,3,130.75,1,56
LA202123,Maharashtra,Pune,Industrial,Development Project,Normal,32.15,40,18,6,25,73.8,26.2,Notification,21,1,1,0,2,1,0,1,1,1,0,151,35,0.325,34.9,46.3,1.04,0.52,7,124.77,1,85
LA200578,Andhra Pradesh,Visakhapatnam,Public Infrastructure,Development Project,High,46.57,33,19,2,27,57.4,42.6,Compensation,34,1,0,1,1,0,0,2,1,5,1,158,2,0.179,31.2,42.7,0.94,0.73,3,193.22,1,84
LA202985,Karnataka,Tumakuru,Highway,Major Infrastructure,High,121.03,32,20,12,23,84.6,15.4,Survey,24,0,0,0,7,0,0,0,0,4,0,102,5,0.656,85.9,32.6,1.01,0.71,6,496.24,0,39
LA202742,Maharashtra,Nashik,Highway,Major Infrastructure,Normal,90.34,40,30,6,29,57,43,Objection,21,0,0,0,2,0,0,1,0,0,0,158,13,0.431,65.7,64,1.1,0.71,5,379.39,1,36
LA201849,Odisha,Puri,Highway,Major Infrastructure,High,45.76,29,21,5,24,34.5,65.5,Objection,9,0,0,0,1,0,0,3,3,0,0,85,19,0.395,49.8,46.2,1.14,0.7,3,27.83,1,44
LA200763,Odisha,Puri,Industrial,Development Project,Critical,67.86,37,19,8,22,55.3,44.7,Compensation,18,1,0,0,0,1,0,2,1,0,0,131,14,0.356,56.4,57.3,1.09,0.52,4,201.94,0,41
LA200389,Karnataka,Mysuru,Irrigation,Major Infrastructure,Critical,61.62,35,18,7,26,52.3,47.7,Approval,22,1,0,0,3,0,1,1,0,1,0,214,35,0.541,74.2,,1.02,0.35,3,87.35,1,78
LA200236,Karnataka,Belagavi,Highway,Major Infrastructure,Normal,64.03,26,15,4,18,35.9,64.1,Possession,30,0,0,0,2,0,0,1,0,2,0,157,3,0.17,31.8,76,1.03,0.74,2,180.99,0,40
LA202606,Odisha,Cuttack,Railway,Major Infrastructure,Normal,182.2,24,14,10,16,40.7,59.3,Notification,40,1,0,0,3,0,0,0,0,2,0,193,4,0.5,70.8,53.4,0.92,0.81,4,483.05,1,46
LA201985,Odisha,Puri,Highway,Major Infrastructure,Normal,23.25,22,13,1,11,80.4,19.6,Compensation,18,1,0,0,3,1,0,4,1,0,0,138,16,0.462,70.3,35.9,1.14,0.85,4,73.95,1,63
LA200268,Andhra Pradesh,Krishna,Highway,Major Infrastructure,Normal,70.95,26,10,6,17,53.9,46.1,Ownership Verification,46,1,1,0,1,1,0,3,1,0,0,157,23,0.637,96,68.1,0.97,0.37,4,264.26,1,83
LA200771,Andhra Pradesh,Guntur,Public Infrastructure,Development Project,Normal,92.37,33,17,6,25,34.8,65.2,Notification,29,1,0,1,1,1,0,1,1,3,0,111,4,0.485,60.3,51.1,0.9,0.65,8,211.81,1,74
LA202166,Telangana,Medchal-Malkajgiri,Highway,Major Infrastructure,Normal,65.68,29,18,3,25,66.8,33.2,Notification,21,1,0,0,3,0,1,2,0,2,0,125,20,0.42,68.4,66.6,1.13,0.8,5,280.09,1,61
LA200438,Telangana,Medchal-Malkajgiri,Public Infrastructure,Development Project,Critical,68.69,32,14,1,17,72.2,27.8,Approval,9,1,0,0,0,1,0,2,0,1,0,101,11,0.642,83.1,48.4,1.15,0.6,3,134.66,1,48
LA200674,Maharashtra,Kolhapur,Highway,Major Infrastructure,Normal,61.86,21,10,1,13,97.7,2.3,Survey,30,1,0,0,4,0,0,3,1,2,1,154,14,0.489,56.3,23.7,1.11,0.75,7,234.71,1,61
LA200250,Maharashtra,Kolhapur,Public Infrastructure,Development Project,High,123.29,37,24,2,22,63.3,36.7,Notification,38,1,0,1,2,0,0,1,1,3,0,115,27,0.317,46.3,65.1,0.93,0.88,1,92.3,1,76
LA202202,Karnataka,Tumakuru,Industrial,Development Project,Normal,85.55,29,14,9,32,82.1,17.9,Approval,7,1,0,0,1,0,1,2,0,0,0,103,7,0.398,57.5,25,1.09,0.81,7,118.64,1,36
LA201575,Karnataka,Belagavi,Public Infrastructure,Development Project,High,27.18,30,11,11,19,46.6,53.4,Objection,5,0,0,0,3,1,0,1,1,2,0,159,18,0.557,85.4,34.1,0.92,0.71,6,120.48,1,49
LA202143,Andhra Pradesh,NTR,Public Infrastructure,Development Project,High,107.45,33,14,8,29,95.4,4.6,Award,83,1,1,1,6,1,1,2,1,1,0,141,3,0.345,61.4,52.8,0.98,0.4,6,384.19,1,103
LA202082,Telangana,Warangal,Railway,Major Infrastructure,Normal,79.27,36,16,7,18,81.3,18.7,Possession,5,1,1,0,1,1,1,2,1,0,0,92,25,0.449,64.3,53.6,0.92,0.47,3,401.93,1,61
LA202618,Karnataka,Mysuru,Public Infrastructure,Development Project,Normal,57.04,24,13,1,14,45.2,54.8,Notification,18,1,1,0,3,0,0,1,0,1,0,136,2,0.265,42.4,55.6,0.95,0.75,4,181.2,0,43
LA202904,Andhra Pradesh,Krishna,Railway,Major Infrastructure,High,56.26,30,21,4,21,99.6,0.4,Notification,47,1,0,0,4,0,0,1,0,1,0,123,7,0.386,55.8,26.3,1.15,0.91,3,275.2,1,32
LA202740,Maharashtra,Pune,Industrial,Development Project,Normal,165.68,33,24,1,19,94.7,5.3,Survey,34,1,0,0,4,0,0,0,0,0,0,107,15,0.393,54.6,23.1,0.92,0.54,6,273.69,1,36
LA200449,Maharashtra,Nashik,Railway,Major Infrastructure,Normal,68.14,23,10,12,17,67.9,32.1,Survey,34,0,0,0,1,0,1,2,1,2,0,111,3,0.407,55.8,31.3,0.94,0.78,2,118.33,1,51
LA201470,Maharashtra,Nagpur,Public Infrastructure,Development Project,Normal,34.09,38,15,8,22,92.3,7.7,Possession,16,1,0,0,1,1,0,0,0,2,0,77,3,0.804,101.4,68.6,1.01,0.58,1,103.64,1,58
LA200717,Telangana,Warangal,Highway,Major Infrastructure,Normal,43.39,29,11,9,19,98.3,1.7,Approval,42,1,0,1,2,0,0,1,1,1,0,151,5,0.286,45,34.1,0.95,0.6,6,181.36,1,59
LA202399,Maharashtra,Nagpur,Public Infrastructure,Development Project,Normal,58.14,38,17,2,24,93.3,6.7,Ownership Verification,10,1,1,1,2,0,0,1,0,2,0,157,5,0.424,58.4,20.2,0.92,0.71,9,89.69,1,58
LA202615,Telangana,Hyderabad,Irrigation,Major Infrastructure,High,73.33,26,15,8,25,72.9,27.1,Ownership Verification,60,1,1,0,1,0,0,3,2,1,0,118,9,0.354,36.4,44.5,1.06,0.92,2,355.66,0,80
LA202049,Telangana,Rangareddy,Highway,Major Infrastructure,Normal,130.15,35,26,4,17,60.9,39.1,Approval,21,0,0,0,3,1,0,0,0,0,0,188,23,0.202,44.9,23,0.94,0.38,4,460.27,1,61
LA201902,Telangana,Hyderabad,Highway,Major Infrastructure,High,135.57,32,24,12,25,47.7,52.3,Objection,48,1,0,0,1,1,0,0,0,0,0,134,37,0.53,67.6,44.6,1.17,0.75,5,528.66,1,65
LA201169,Andhra Pradesh,Visakhapatnam,Public Infrastructure,Development Project,High,110,31,22,7,20,99.2,0.8,Compensation,7,1,1,0,2,0,0,2,0,2,0,133,11,0.306,64.7,23.3,1.04,0.67,2,505.78,1,35
LA200083,Telangana,Warangal,Industrial,Development Project,Normal,269.89,30,21,8,14,33.5,66.5,Possession,61,1,0,0,1,0,0,1,0,2,0,208,12,0.351,54.2,47.6,0.98,0.73,2,677.12,1,51
LA202425,Odisha,Ganjam,Highway,Major Infrastructure,Normal,91.24,31,17,5,17,36.5,63.5,Notification,7,0,1,1,0,0,0,3,1,2,0,111,1,0.397,55.5,30.8,0.94,0.49,6,128.07,1,59
LA201461,Odisha,Puri,Public Infrastructure,Development Project,High,28.12,28,16,4,22,70.8,29.2,Ownership Verification,8,1,1,0,3,1,0,4,3,2,0,91,14,0.607,79.5,46.2,0.89,0.45,4,35.62,1,86
LA201894,Karnataka,Bengaluru Rural,Highway,Major Infrastructure,Normal,48.05,40,27,7,28,89.9,10.1,Approval,15,0,1,0,4,1,1,2,1,1,0,114,20,0.573,82.8,45,1.01,0.21,4,224.35,1,78
LA201669,Telangana,Rangareddy,Public Infrastructure,Development Project,Normal,57.72,28,12,6,18,45.5,54.5,Approval,54,1,0,0,3,0,0,2,1,0,0,155,11,0.326,,24.1,1.13,0.67,7,198.26,1,54
LA202001,Odisha,Ganjam,Industrial,Development Project,Normal,321.87,26,13,10,23,68.5,31.5,Notification,18,1,1,1,3,0,0,2,1,0,0,126,6,0.413,71,69.8,0.99,0.42,4,321.17,1,47
LA200476,Andhra Pradesh,Guntur,Irrigation,Major Infrastructure,Normal,27.9,34,22,3,33,81.5,18.5,Notification,16,1,0,0,1,1,0,3,1,3,1,103,11,0.541,80.8,52,0.96,0.37,7,107.52,1,88
LA200518,Odisha,Cuttack,Highway,Major Infrastructure,Normal,141.25,19,15,3,14,60.6,39.4,Possession,33,1,1,1,5,1,0,1,0,2,0,138,10,0.577,76,32.8,0.91,0.6,4,210.32,0,78
LA200405,Maharashtra,Pune,Industrial,Development Project,Normal,47.57,27,19,4,14,83.5,16.5,Award,18,1,0,0,2,0,0,3,1,3,1,101,25,0.14,37.7,25.8,0.97,0.41,2,125.63,1,86
LA200385,Telangana,Rangareddy,Railway,Major Infrastructure,Normal,29.11,28,18,5,22,38.9,61.1,Award,19,1,0,0,2,1,0,0,0,2,0,115,13,0.781,74.5,72.1,1.04,0.4,7,53.98,1,49
LA202982,Karnataka,Mysuru,Irrigation,Major Infrastructure,High,54.32,36,26,11,33,30.2,69.8,Ownership Verification,52,1,1,0,5,0,0,1,1,2,0,121,23,0.377,66.3,11.7,0.89,0.72,4,142.88,0,72
LA202153,Odisha,Sambalpur,Railway,Major Infrastructure,High,63.72,32,19,5,29,84.8,15.2,Compensation,6,1,0,0,1,1,0,2,1,2,0,93,7,0.434,52.6,36.6,1.07,0.65,4,302.28,1,52
LA201634,Telangana,Medchal-Malkajgiri,Industrial,Development Project,Normal,91.55,26,10,11,11,99.2,0.8,Objection,24,1,1,0,4,0,0,2,1,1,0,84,11,0.387,59.5,22.3,1,0.53,0,346.26,1,51
LA202860,Telangana,Medchal-Malkajgiri,Highway,Major Infrastructure,High,77.21,34,13,11,18,36,64,Compensation,21,1,0,0,2,1,0,,0,3,0,193,7,0.721,102.6,,1.06,0.8,2,216.7,1,57
LA200689,Karnataka,Dharwad,Public Infrastructure,Development Project,High,112.64,23,10,9,18,85.8,14.2,Award,5,1,1,0,5,0,0,4,1,2,0,140,20,0.605,81.7,82.2,0.89,0.51,3,292.32,1,65
LA201241,Odisha,Puri,Public Infrastructure,Development Project,Critical,75.43,38,29,8,23,59.9,40.1,Survey,17,1,0,1,2,0,1,2,1,5,0,102,11,0.304,43.8,16,0.96,0.8,3,199.16,1,65
LA200063,Andhra Pradesh,NTR,Highway,Major Infrastructure,Normal,18.4,20,15,1,13,77.5,22.5,Approval,23,1,1,0,3,0,0,3,2,5,1,237,48,0.678,92.2,49.8,1.01,0.6,5,25.7,1,127
LA200853,Odisha,Puri,Highway,Major Infrastructure,Normal,153.18,28,17,8,29,77.7,22.3,Compensation,29,1,1,0,2,1,0,2,0,0,0,199,14,0.302,44,25,0.88,0.61,5,379.72,1,64
LA202752,Odisha,Cuttack,Railway,Major Infrastructure,High,44.67,33,13,5,21,64.1,35.9,Survey,30,1,0,0,1,0,0,0,0,2,0,122,7,0.575,82.1,51.1,1.07,0.59,4,211.79,0,48
LA202477,Andhra Pradesh,Tirupati,Irrigation,Major Infrastructure,Normal,56.56,25,9,10,24,63.3,36.7,Survey,43,0,0,0,2,0,0,2,0,2,0,136,17,0.666,86.6,34.3,0.89,0.68,3,,1,51
LA201263,Odisha,Puri,Railway,Major Infrastructure,High,63.69,28,19,8,19,45.6,54.4,Objection,7,1,0,1,1,0,0,2,2,3,0,129,18,0.221,47,8.1,1.16,0.78,6,190.44,1,63
LA200224,Karnataka,Tumakuru,Irrigation,Major Infrastructure,Critical,59.19,26,16,2,18,34.7,65.3,Notification,48,0,0,1,2,0,0,3,2,0,0,247,9,0.313,56.1,27.4,1.1,0.19,6,39.34,1,56
LA202194,Andhra Pradesh,Visakhapatnam,Highway,Major Infrastructure,Normal,19.14,36,25,7,28,69.5,30.5,Ownership Verification,28,1,1,0,2,0,1,3,0,0,0,147,8,0.481,66.1,49.4,1,0.74,2,102.96,1,49
LA200374,Odisha,Ganjam,Railway,Major Infrastructure,Normal,105.99,39,30,10,24,40.4,59.6,Notification,43,0,0,0,2,0,0,1,0,0,0,152,26,0.229,,52.1,1.08,0.85,1,364.78,1,42
LA201825,Telangana,Rangareddy,Irrigation,Major Infrastructure,Normal,81.7,48,22,6,30,79.9,20.1,Notification,32,1,0,1,2,1,0,1,1,4,0,198,15,0.405,58.7,49.9,1.17,0.65,4,412.44,1,68
LA202537,Karnataka,Dharwad,Public Infrastructure,Development Project,Critical,53.39,37,23,5,21,95.6,4.4,Award,28,1,0,0,5,0,0,1,0,1,0,117,2,0.412,58.2,21.3,1.17,0.73,3,200.01,1,42
LA202870,Telangana,Rangareddy,Irrigation,Major Infrastructure,Normal,24.27,29,13,11,22,35.2,64.8,Objection,42,1,0,0,3,1,0,3,3,3,0,146,21,0.572,74.1,21.5,0.96,0.65,3,78.63,1,87
LA202598,Telangana,Rangareddy,Highway,Major Infrastructure,Normal,25.83,33,13,11,14,92.7,7.3,Possession,5,1,0,0,2,1,0,1,0,3,0,56,8,0.471,73.9,26.7,1.03,0.85,5,82.44,0,62
LA202685,Karnataka,Mysuru,Highway,Major Infrastructure,High,159.38,32,18,10,22,71.4,28.6,Approval,35,1,0,0,3,0,1,4,0,4,1,131,3,0.532,66.7,40.2,1.03,0.75,2,344.12,1,88
LA200010,Telangana,Nalgonda,Highway,Major Infrastructure,Normal,83.76,23,18,7,20,40.7,59.3,Notification,16,1,0,0,1,0,0,2,1,5,1,140,9,0.373,54.5,15.2,1.05,0.94,6,325.13,1,69
LA201945,Odisha,Khordha,Highway,Major Infrastructure,Normal,102.92,28,15,9,18,38.1,61.9,Objection,46,1,0,0,2,0,0,4,1,0,0,165,9,0.431,65.8,39.5,1,0.8,2,396.78,0,49
LA201839,Karnataka,Belagavi,Public Infrastructure,Development Project,Normal,32.07,33,18,6,27,37.9,62.1,Award,27,1,1,0,5,0,0,2,0,3,0,111,10,0.52,69.3,32.7,1.03,0.56,4,108.01,1,65
LA200709,Karnataka,Mysuru,Industrial,Development Project,Normal,63.79,32,18,11,20,31.5,68.5,Award,41,1,0,0,2,0,0,1,0,0,0,175,21,0.362,56.1,60.4,1.09,0.58,3,195.25,1,41
LA200256,Andhra Pradesh,Tirupati,Railway,Major Infrastructure,High,51.33,24,19,1,10,33.2,66.8,Approval,29,1,1,1,2,1,1,2,1,0,0,83,13,0.31,43.1,21.3,0.98,0.98,5,208.76,1,81
LA201618,Odisha,Cuttack,Highway,Major Infrastructure,Critical,67.75,25,15,3,15,88.6,11.4,Approval,43,1,0,0,3,0,1,3,2,1,0,113,12,0.316,41.1,20.8,1.14,0.62,2,74.21,1,69
LA200390,Karnataka,Bengaluru Rural,Highway,Major Infrastructure,High,46.76,33,25,4,22,55.3,44.7,Objection,22,1,1,0,1,0,1,1,0,0,0,200,18,0.176,43.3,33.9,1.03,0.79,5,259.75,1,58
LA201582,Odisha,Khordha,Irrigation,Major Infrastructure,Normal,115.08,32,22,3,15,53,47,Compensation,24,0,0,0,4,1,0,2,1,2,0,159,16,0.19,39.4,111.3,1.09,0.62,3,204.44,0,50
LA200925,Odisha,Sambalpur,Highway,Major Infrastructure,Normal,52.91,38,21,6,34,83.3,16.7,Notification,36,1,1,1,4,0,0,2,1,2,0,196,2,0.296,46.1,10.8,1.15,0.38,5,266.59,1,60
LA202037,Karnataka,Mysuru,Irrigation,Major Infrastructure,Normal,253.45,26,18,5,12,47.5,52.5,Objection,10,1,0,0,1,1,0,2,1,0,0,108,17,0.183,45.5,25.8,0.88,0.38,2,532.07,1,38
LA202404,Odisha,Sambalpur,Public Infrastructure,Development Project,High,50.8,32,22,8,20,44.6,55.4,Ownership Verification,18,0,0,1,4,1,0,0,0,2,0,131,3,0.238,44.5,26,0.98,0.46,4,187,1,58
LA201225,Odisha,Cuttack,Public Infrastructure,Development Project,High,878.27,28,21,2,17,40.9,59.1,Survey,25,1,0,0,2,1,0,3,2,2,0,127,14,0.626,89.3,26.4,0.96,0.61,1,3477.11,1,62
LA201947,Maharashtra,Pune,Irrigation,Major Infrastructure,High,116.31,31,23,2,29,37.8,62.2,Possession,39,1,0,0,0,0,0,1,1,4,0,124,5,0.645,80.2,34.3,0.89,0.32,5,346.01,1,69
LA200740,Karnataka,Mysuru,Highway,Major Infrastructure,Normal,25.4,38,16,5,27,45.5,54.5,Compensation,7,0,1,0,5,1,0,2,0,1,0,145,6,0.678,98.8,38.2,1.09,0.91,0,24.39,1,53
LA200041,Telangana,Warangal,Railway,Major Infrastructure,Normal,12.62,23,11,10,16,65.7,34.3,Award,32,1,0,0,2,0,0,4,2,5,0,118,3,0.333,51.1,70.4,1.16,0.86,1,60.96,1,59
LA200869,Karnataka,Dharwad,Industrial,Development Project,Critical,129.78,28,18,7,17,39.4,60.6,Approval,60,1,0,0,3,0,1,3,1,2,0,114,6,0.562,81.5,55.1,1.12,0.83,3,161.14,1,74
LA200540,Telangana,Hyderabad,Public Infrastructure,Development Project,Normal,146.87,21,12,5,11,66.3,33.7,Ownership Verification,66,0,0,0,3,0,0,2,2,2,0,131,8,0.45,70.3,23.6,1.18,0.78,4,441.68,1,49
LA202511,Telangana,Hyderabad,Irrigation,Major Infrastructure,Critical,50.42,30,22,4,23,61.1,38.9,Compensation,39,1,1,0,3,0,0,5,1,3,0,164,11,0.624,101.8,33.6,1.18,0.53,3,173.98,0,90
LA201372,Maharashtra,Kolhapur,Irrigation,Major Infrastructure,Normal,160.56,33,24,7,25,70.8,29.2,Award,43,1,0,0,4,0,1,1,0,1,0,237,4,0.182,42.2,25,1.06,0.5,4,932.09,1,32
LA201146,Andhra Pradesh,NTR,Public Infrastructure,Development Project,Normal,84.95,27,10,4,24,87.3,12.7,Objection,6,1,0,0,3,0,0,2,0,1,0,174,5,0.427,67.3,45.4,1.06,0.49,5,72.23,0,47
LA201032,Maharashtra,Pune,Irrigation,Major Infrastructure,Normal,44.77,25,10,4,7,100,0,Compensation,18,1,1,1,2,1,1,3,0,3,0,101,3,0.483,83.1,69.1,0.98,0.44,2,37.71,1,96
LA200373,Maharashtra,Kolhapur,Industrial,Development Project,High,203.94,36,19,4,28,56.8,43.2,Survey,30,0,0,0,1,0,0,3,2,0,0,165,14,0.43,55.7,21.1,1.02,0.58,6,769.63,1,54
LA200668,Telangana,Nalgonda,Irrigation,Major Infrastructure,Normal,62.36,24,9,7,22,48.3,51.7,Survey,43,1,1,0,2,1,0,2,2,1,0,173,12,0.719,80,70.9,1.04,0.34,3,37.9,1,76
LA200358,Odisha,Sambalpur,Irrigation,Major Infrastructure,High,78.66,44,17,4,32,82,18,Objection,58,1,0,0,3,1,0,3,0,1,0,156,8,0.202,41.2,24.3,1.12,0.8,1,346.12,0,57
LA200968,Andhra Pradesh,NTR,Irrigation,Major Infrastructure,High,26.47,28,12,9,16,69.2,30.8,Ownership Verification,56,1,0,0,1,0,1,0,0,3,0,135,9,0.644,85.7,39.2,1.12,0.59,9,105.2,1,75
LA201354,Karnataka,Belagavi,Industrial,Development Project,Normal,25.25,,13,4,14,65.6,34.4,Compensation,22,1,1,0,3,0,0,0,0,1,0,187,3,0.825,101.9,53.8,1.11,0.61,11,30.27,1,46
LA201036,Andhra Pradesh,Krishna,Highway,Major Infrastructure,Normal,64.12,32,13,6,21,41,59,Ownership Verification,19,1,0,0,4,0,0,1,1,5,1,108,22,0.334,59.2,34.7,0.93,0.54,4,289.25,0,81
LA200471,Maharashtra,Kolhapur,Highway,Major Infrastructure,Normal,52.93,28,14,8,19,42.6,57.4,Possession,79,1,0,0,3,1,0,0,0,2,0,198,17,0.433,48.1,38.4,1.15,0.18,5,,1,64
LA201397,Maharashtra,Pune,Railway,Major Infrastructure,Normal,42.25,18,10,8,11,34.3,65.7,Ownership Verification,42,1,1,1,0,0,0,0,0,1,0,199,20,0.776,87.7,83.5,1.06,0.72,7,144.38,0,83
LA202621,Andhra Pradesh,NTR,Public Infrastructure,Development Project,High,162.07,35,19,4,16,39.4,60.6,Compensation,22,0,0,0,5,0,0,4,3,1,0,82,2,0.161,19.4,32.1,0.98,0.78,4,637.21,1,41
LA201550,Karnataka,Belagavi,Railway,Major Infrastructure,Normal,27.9,19,11,3,11,92.3,7.7,Compensation,21,1,0,0,1,0,0,2,0,2,0,131,27,0.328,50.8,43.3,0.92,0.48,4,61.27,1,66
LA201257,Telangana,Nalgonda,Irrigation,Major Infrastructure,Normal,38.17,30,15,1,15,56.8,43.2,Ownership Verification,48,1,1,1,4,1,0,2,1,2,0,132,13,0.393,54.2,44.7,0.95,0.71,5,126.65,1,99
LA202095,Telangana,Nalgonda,Public Infrastructure,Development Project,High,43.83,50,22,11,45,72.8,27.2,Notification,28,0,0,0,2,0,0,1,0,4,1,98,13,0.462,68.8,38.6,1.14,0.71,6,189.02,1,71
LA201556,Telangana,Nalgonda,Highway,Major Infrastructure,High,213.59,24,16,11,12,93.9,6.1,Objection,6,1,0,0,0,1,0,4,1,2,0,68,11,0.455,66.9,27,0.89,0.44,6,900.49,0,62
LA202590,Andhra Pradesh,NTR,Irrigation,Major Infrastructure,High,57.14,31,13,10,15,51.6,48.4,Survey,22,0,0,0,4,0,0,2,1,1,0,144,5,0.528,66.6,26.1,0.88,0.64,4,142.01,1,34
LA201251,Maharashtra,Nashik,Public Infrastructure,Development Project,Normal,44.85,30,18,4,22,35.9,64.1,Approval,40,1,1,0,2,0,0,4,1,3,1,188,24,0.156,42,25.1,1.03,0.8,6,105.74,1,93
LA201700,Andhra Pradesh,NTR,Irrigation,Major Infrastructure,Normal,22.93,34,24,9,30,99.3,0.7,Survey,28,1,0,0,2,0,1,4,1,4,1,101,4,0.307,31.2,16.9,1.16,0.7,3,23.51,0,70
LA201253,Telangana,Hyderabad,Public Infrastructure,Development Project,High,29.57,37,25,4,28,42.2,57.8,Possession,67,1,0,0,3,0,0,2,0,1,1,165,0,0.734,84.2,76.7,1.04,0.38,8,71.53,1,71
LA202781,Odisha,Cuttack,Irrigation,Major Infrastructure,Normal,39.39,31,21,2,22,95.9,4.1,Notification,8,1,0,1,1,0,0,4,2,4,0,132,14,0.591,75,49.9,1.02,0.58,3,126.95,1,69
LA200080,Karnataka,Tumakuru,Industrial,Development Project,High,203.16,31,22,10,27,87.3,12.7,Compensation,89,1,0,0,2,1,1,2,1,4,1,234,9,0.227,38.3,39.2,1,0.62,2,1027.77,1,104
LA201173,Maharashtra,Pune,Railway,Major Infrastructure,High,96.71,27,10,4,13,93.9,6.1,Compensation,44,1,0,0,4,0,0,,1,0,0,94,10,0.388,49.1,76.2,0.98,0.44,5,491.63,0,53
LA200815,Andhra Pradesh,Tirupati,Industrial,Development Project,High,78.06,31,21,8,16,88.6,11.4,Ownership Verification,9,1,1,0,1,1,0,1,1,1,0,205,4,0.627,84.7,27.6,0.92,0.75,4,206.12,1,53
LA201853,Karnataka,Belagavi,Industrial,Development Project,High,43.02,24,11,9,15,33,67,Notification,27,0,0,0,3,1,1,5,2,1,0,93,4,0.513,73,49.3,0.99,0.42,11,223.66,0,80
LA202221,Odisha,Khordha,Industrial,Development Project,Normal,71.93,25,16,1,13,97.7,2.3,Award,21,1,1,0,2,1,0,1,0,1,0,82,6,0.181,42.1,25.8,1.03,0.71,3,394.13,1,58
LA202629,Andhra Pradesh,Guntur,Highway,Major Infrastructure,High,78.71,28,22,9,22,43.8,56.2,Compensation,90,1,0,0,3,1,0,3,0,1,0,280,19,0.558,87.5,49,1.09,0.84,4,412.83,1,97
LA202106,Maharashtra,Aurangabad,Industrial,Development Project,High,103,34,20,7,18,78.5,21.5,Objection,42,1,0,0,3,1,0,4,0,1,0,105,10,0.539,71.8,24.1,0.97,0.75,1,246.29,1,58
LA200134,Telangana,Warangal,Highway,Major Infrastructure,High,150.44,30,19,6,18,42.5,57.5,Compensation,43,1,0,0,5,0,1,1,1,0,0,157,13,0.193,46.1,24.2,1.18,0.7,5,619.69,1,52
LA201141,Andhra Pradesh,Krishna,Industrial,Development Project,Normal,40.13,37,17,11,33,99.1,0.9,Objection,28,1,0,0,4,1,0,2,1,2,0,159,5,0.398,59.4,72.8,1.15,0.8,4,85.84,1,58
LA200934,Telangana,Medchal-Malkajgiri,Irrigation,Major Infrastructure,Normal,77.04,32,20,4,23,48.7,51.3,Compensation,27,1,0,1,3,1,0,2,1,0,0,166,24,0.524,73.4,27.7,0.91,0.37,5,227.27,0,77
LA200929,Odisha,Sambalpur,Public Infrastructure,Development Project,Normal,43.55,26,14,9,15,72.6,27.4,Compensation,2,1,1,0,1,1,0,1,1,3,0,87,6,0.222,40.5,24.4,1.14,0.67,5,39.65,0,75
LA200824,Odisha,Sambalpur,Highway,Major Infrastructure,Normal,116.09,33,15,6,27,57.1,42.9,Compensation,34,1,1,0,3,1,0,0,0,1,0,101,1,0.586,67.3,39.5,1.13,0.8,5,592.55,0,55
LA201532,Odisha,Cuttack,Highway,Major Infrastructure,High,16.72,34,18,12,27,88.6,11.4,Ownership Verification,20,0,1,0,1,0,1,2,1,1,0,159,21,0.773,96.6,58,0.98,0.7,5,43.13,1,86
LA201215,Andhra Pradesh,Krishna,Railway,Major Infrastructure,Normal,41.18,28,14,8,18,40,60,Compensation,66,1,0,0,4,1,0,1,0,3,0,154,12,0.574,81.8,71.2,1.04,0.45,1,191.86,1,74
LA200505,Maharashtra,Aurangabad,Highway,Major Infrastructure,High,62.81,30,23,10,15,96.6,3.4,Possession,94,1,0,0,2,0,0,3,1,3,0,166,8,0.567,83.4,42.6,1.09,0.82,4,140.79,1,72
LA202965,Telangana,Warangal,Highway,Major Infrastructure,Critical,216.82,25,10,10,21,95.3,4.7,Approval,44,0,0,0,2,0,1,5,2,4,0,192,9,0.427,56.8,45.4,0.92,0.73,6,423.83,1,84
LA202396,Odisha,Sambalpur,Highway,Major Infrastructure,High,25.2,23,16,11,14,62.2,37.8,Approval,34,1,0,0,3,1,1,0,0,1,1,202,38,0.161,27.1,31.5,0.97,0.43,1,38.2,1,85
LA201997,Maharashtra,Kolhapur,Railway,Major Infrastructure,Normal,8.6,32,20,7,16,80.1,19.9,Award,7,0,0,0,3,0,0,3,1,1,0,106,11,0.409,66.9,121.5,0.97,0.56,7,24.68,1,53
LA201959,Odisha,Puri,Industrial,Development Project,Normal,102.21,31,19,5,13,40.8,59.2,Ownership Verification,23,1,0,0,1,0,0,0,0,0,0,182,5,0.52,51,28.8,1.08,0.85,3,187.83,1,24
LA201385,Maharashtra,Nagpur,Highway,Major Infrastructure,High,20.96,37,20,11,19,41.1,58.9,Award,48,1,0,0,3,0,1,3,0,2,0,106,5,0.501,73,26.8,1.02,0.57,2,36.79,1,66
LA200895,Odisha,Sambalpur,Irrigation,Major Infrastructure,Normal,87.69,38,20,10,24,31.7,68.3,Compensation,23,1,0,0,4,1,0,2,1,3,0,148,18,0.336,55.3,15.8,0.99,0.65,5,215.49,1,66
LA200829,Andhra Pradesh,Visakhapatnam,Highway,Major Infrastructure,Normal,56.75,35,21,10,28,93.4,6.6,Notification,65,0,1,1,1,0,0,1,0,1,0,159,6,0.913,113.2,87.8,1.03,0.88,2,290.9,1,73
LA202921,Telangana,Nalgonda,Highway,Major Infrastructure,High,56.94,25,13,12,15,84.6,15.4,Ownership Verification,16,0,1,1,2,1,1,0,0,0,0,147,9,0.203,43.4,27.1,0.93,0.48,5,189.57,0,72
LA201684,Maharashtra,Nashik,Highway,Major Infrastructure,High,143.53,24,13,9,9,58.6,41.4,Survey,37,0,0,1,4,1,0,1,0,0,0,146,30,0.304,59.2,24.6,1.11,0.52,4,320.4,1,54
LA202575,Karnataka,Bengaluru Rural,Irrigation,Major Infrastructure,High,82.31,34,23,12,21,38.5,61.5,Compensation,35,1,0,0,1,1,0,2,1,3,0,163,21,0.236,36.4,24.6,0.95,0.89,4,373.34,1,61
LA202970,Telangana,Rangareddy,Industrial,Development Project,Normal,52.38,28,10,5,14,67.9,32.1,Survey,33,0,0,0,2,0,0,5,1,1,0,168,24,0.295,44.8,39.1,1.02,0.42,5,139.74,1,53
LA202513,Maharashtra,Kolhapur,Public Infrastructure,Development Project,High,150.83,30,14,9,21,80.2,19.8,Survey,9,1,0,0,4,0,0,1,0,1,1,97,3,0.4,59,21,1.1,0.54,6,272.72,1,55
LA200653,Andhra Pradesh,Guntur,Highway,Major Infrastructure,High,19.06,23,15,10,15,59,41,Objection,8,0,0,0,3,0,0,4,2,1,1,124,31,0.179,29.2,42.2,1.08,0.55,2,60.26,1,61
LA200173,Karnataka,Mysuru,Irrigation,Major Infrastructure,High,128.06,25,15,10,18,72.2,27.8,Ownership Verification,48,1,0,0,2,1,0,2,1,0,0,215,9,0.402,51.9,34.9,0.97,0.89,2,493.18,1,52
LA200039,Andhra Pradesh,Tirupati,Industrial,Development Project,Normal,168.93,22,12,2,10,78.2,21.8,Award,19,1,0,0,5,0,0,1,0,3,0,138,16,0.481,65.9,39.7,1.06,0.71,6,294.97,1,66
LA202861,Telangana,Nalgonda,Public Infrastructure,Development Project,Normal,67.16,26,14,11,18,53.7,46.3,Compensation,9,1,0,0,2,1,1,0,0,4,0,103,7,0.342,50.9,58.9,0.91,0.7,8,197.46,1,82
LA200714,Telangana,Medchal-Malkajgiri,Irrigation,Major Infrastructure,Normal,59.45,21,7,8,14,58.2,41.8,Objection,27,1,0,0,1,0,0,1,0,1,0,117,5,0.327,58.2,18.4,1.05,0.65,2,309.39,1,22
LA200091,Karnataka,Mysuru,Industrial,Development Project,High,33.37,28,13,4,17,37.3,62.7,Objection,123,1,1,0,1,0,1,1,1,2,0,236,8,0.318,58.5,53.6,1.04,0.53,2,79.7,1,92
LA202955,Odisha,Khordha,Public Infrastructure,Development Project,Normal,75.06,29,14,10,15,79.4,20.6,Approval,16,0,1,0,3,0,1,1,0,2,1,136,2,0.154,38.4,24.1,1.16,0.62,2,103.66,0,60
LA201206,Odisha,Khordha,Public Infrastructure,Development Project,Normal,29.56,26,19,10,15,77.1,22.9,Notification,25,1,0,1,0,0,0,1,0,2,0,91,4,0.385,59.3,40.8,0.95,0.6,6,118.69,1,46
LA202586,Andhra Pradesh,Visakhapatnam,Highway,Major Infrastructure,High,53.41,21,11,12,14,41.2,58.8,Notification,14,1,1,1,3,1,1,5,4,1,0,129,4,0.406,50.8,38.3,0.95,0.74,4,170.03,1,103
LA201828,Odisha,Puri,Industrial,Development Project,Normal,88.09,31,19,9,20,47,53,Ownership Verification,39,0,1,0,4,0,0,4,1,2,0,137,5,0.599,78.7,27.9,1.04,0.71,3,256.36,0,66
LA201156,Odisha,Cuttack,Highway,Major Infrastructure,Normal,62.52,34,19,9,21,50.3,49.7,Award,9,1,0,0,1,0,0,1,1,0,0,85,2,0.418,62.7,23.3,1.06,0.78,3,123.22,0,27
LA201325,Andhra Pradesh,Krishna,Highway,Major Infrastructure,Normal,55.31,38,18,8,24,65.3,34.7,Ownership Verification,23,1,1,0,2,0,0,3,1,3,0,87,7,0.476,59.8,45.4,1.04,0.86,8,136.69,1,74
LA200217,Telangana,Medchal-Malkajgiri,Highway,Major Infrastructure,Normal,132.01,33,18,2,27,37.3,62.7,Compensation,13,1,0,0,3,1,0,3,0,1,0,82,24,0.587,,58.1,0.93,0.73,4,549.1,0,67
LA200511,Andhra Pradesh,Visakhapatnam,Highway,Major Infrastructure,High,72.86,28,20,4,14,90.7,9.3,Notification,42,1,0,0,5,1,0,4,1,3,0,195,15,0.511,64.2,42.6,1.04,0.77,6,283.73,1,62
LA201681,Maharashtra,Kolhapur,Public Infrastructure,Development Project,Normal,87.08,31,21,6,16,36.9,63.1,Possession,38,1,0,0,3,0,0,2,1,1,0,186,7,0.178,44.2,18.1,1.01,0.76,3,404.05,1,38
LA200500,Telangana,Rangareddy,Irrigation,Major Infrastructure,Normal,65.24,43,25,8,22,54.6,45.4,Award,12,1,1,0,3,0,0,1,1,2,0,98,18,0.187,36.5,21.3,1.15,0.65,2,70.7,1,41
LA202549,Karnataka,Belagavi,Highway,Major Infrastructure,High,65.38,29,13,1,18,76.7,23.3,Approval,82,0,1,0,4,1,0,1,0,0,0,207,1,0.624,83.9,52.5,0.92,0.59,3,211.73,1,67
LA201857,Telangana,Warangal,Industrial,Development Project,Normal,38.96,32,12,7,21,84.1,15.9,Notification,11,1,0,1,2,1,0,2,0,1,0,126,21,0.154,27.5,15.4,0.89,0.7,3,165.91,1,58
LA201389,Odisha,Sambalpur,Highway,Major Infrastructure,Critical,26.74,33,19,12,28,56,44,Award,119,1,0,1,6,0,0,1,1,3,0,286,23,0.321,45,30.1,0.99,0.48,4,116.2,1,78
LA201520,Andhra Pradesh,Guntur,Industrial,Development Project,High,82.27,33,12,7,24,69.5,30.5,Objection,63,1,1,0,7,0,0,4,2,3,0,130,10,0.297,43.9,43.6,1.08,0.77,11,147.92,1,72
LA202387,Karnataka,Mysuru,Public Infrastructure,Development Project,Normal,62.95,27,19,3,15,70.7,29.3,Possession,34,1,0,0,4,1,0,1,0,0,0,229,4,0.283,42.4,27.6,1.17,0.41,3,,1,42
LA202722,Andhra Pradesh,Visakhapatnam,Industrial,Development Project,Normal,15.68,44,24,4,34,46.5,53.5,Award,26,1,0,0,3,0,0,3,1,2,0,144,17,0.303,47.5,69.8,0.92,0.68,4,28.4,1,54
LA202077,Odisha,Cuttack,Public Infrastructure,Development Project,Normal,28.51,27,15,9,17,77.1,22.9,Award,13,0,0,0,2,0,0,0,0,0,0,191,20,0.437,72.4,23.3,1.07,0.79,1,128.44,1,37
LA201541,Karnataka,Dharwad,Railway,Major Infrastructure,High,15.97,29,19,10,19,96,4,Ownership Verification,38,1,1,0,4,0,0,2,2,1,0,108,3,0.549,82,40.2,0.96,0.82,1,61,1,60
LA201218,Andhra Pradesh,Krishna,Industrial,Development Project,Normal,19.29,33,22,6,25,78.7,21.3,Objection,58,1,0,0,7,0,0,2,1,1,0,166,14,0.52,82.7,29.7,1.02,0.36,1,37.21,1,53
LA201417,Maharashtra,Pune,Irrigation,Major Infrastructure,Normal,120.53,35,23,6,22,34.5,65.5,Objection,3,1,1,0,1,1,0,1,1,1,0,159,6,0.369,61.1,39.1,0.91,0.85,4,243.35,0,55
LA202218,Odisha,Ganjam,Industrial,Development Project,Normal,160.47,36,14,5,35,63,37,Compensation,82,0,0,1,2,1,1,2,1,0,0,267,17,0.367,71,41.1,1.17,0.41,6,792.74,1,95
LA202622,Maharashtra,Kolhapur,Public Infrastructure,Development Project,High,60.63,20,14,1,18,68.9,31.1,Compensation,71,1,0,0,1,1,0,2,0,3,0,257,7,0.54,86.9,70.4,1.09,0.44,3,144.84,1,74
LA201677,Telangana,Nalgonda,Highway,Major Infrastructure,High,62.49,28,18,12,19,94.5,5.5,Approval,35,1,0,0,0,1,1,2,0,4,0,176,20,0.194,42.6,14.9,1.03,0.55,5,276.7,1,82
LA201198,Odisha,Puri,Irrigation,Major Infrastructure,Normal,279.58,27,12,12,13,93.6,6.4,Ownership Verification,50,0,1,1,1,0,0,0,0,1,0,174,22,0.444,58.3,43.3,1.08,0.57,1,264.93,0,74
LA201543,Odisha,Khordha,Railway,Major Infrastructure,Normal,89.65,16,7,2,9,32,68,Objection,10,1,1,0,0,0,0,1,0,3,0,134,3,0.487,65.2,,1.06,0.64,3,391.96,0,53
LA200954,Andhra Pradesh,Guntur,Public Infrastructure,Development Project,Normal,34.68,29,22,6,15,97.8,2.2,Objection,12,1,0,1,4,0,0,3,1,1,0,123,13,0.594,77.9,40.2,1.17,0.58,5,60.36,1,48
LA200751,Andhra Pradesh,NTR,Railway,Major Infrastructure,Normal,160.49,29,21,8,8,31.8,68.2,Possession,44,1,0,0,0,1,0,1,1,0,0,171,9,0.316,37.1,39.1,1.16,0.7,4,651.39,0,60
LA200235,Andhra Pradesh,Guntur,Public Infrastructure,Development Project,Critical,64.72,19,9,5,19,55.2,44.8,Survey,16,1,0,0,3,1,0,0,0,1,0,84,15,0.737,98.5,32,0.92,0.69,4,125.01,1,51
LA200733,Karnataka,Mysuru,Highway,Major Infrastructure,High,57.64,22,8,10,17,98.7,1.3,Approval,8,1,0,0,3,1,0,2,0,2,0,199,13,0.268,47.5,22.3,1.05,0.67,1,158.05,1,51
LA202993,Odisha,Ganjam,Highway,Major Infrastructure,Normal,136.95,27,19,2,15,54.3,45.7,Possession,98,1,0,0,4,0,0,2,0,0,0,250,25,0.346,42.5,83.9,1.16,0.36,4,439.79,1,66
LA201157,Maharashtra,Aurangabad,Railway,Major Infrastructure,Normal,73.68,38,25,3,22,82.3,17.7,Possession,47,1,0,1,3,0,1,1,0,2,0,225,17,0.425,59.2,50,0.97,0.53,4,215.38,1,66
LA202574,Andhra Pradesh,Visakhapatnam,Public Infrastructure,Development Project,Normal,88.83,24,17,11,16,61.9,38.1,Possession,9,1,0,1,5,0,1,1,0,3,1,99,7,0.577,75.6,34.4,1.06,0.92,6,233.6,1,88
LA202446,Maharashtra,Nagpur,Industrial,Development Project,Normal,105.28,25,19,6,15,71.9,28.1,Possession,24,1,0,1,5,0,0,1,1,1,0,149,6,0.188,47,15.6,0.98,0.87,3,181.4,1,39
LA201210,Maharashtra,Nashik,Railway,Major Infrastructure,Critical,100.97,31,12,8,28,46.4,53.6,Objection,34,1,0,0,2,1,0,0,0,0,0,138,11,0.312,47,23.8,1.17,0.56,4,75.99,1,51
LA201066,Andhra Pradesh,Guntur,Railway,Major Infrastructure,Normal,121.79,46,23,2,38,35.8,64.2,Approval,51,1,0,0,0,0,1,0,0,1,0,135,10,0.687,83.2,31.1,0.88,0.87,2,489.92,0,64
LA202157,Telangana,Medchal-Malkajgiri,Irrigation,Major Infrastructure,Normal,114.16,32,23,2,10,69.7,30.3,Award,36,1,0,0,5,0,0,2,1,1,0,133,10,0.301,56.8,27.5,0.93,0.52,6,409.53,0,48
LA201063,Andhra Pradesh,Visakhapatnam,Industrial,Development Project,High,134.05,25,15,8,19,34.2,65.8,Objection,13,1,1,0,2,0,0,2,0,4,0,99,16,0.324,53.1,26.9,0.97,0.76,6,111.06,1,64
LA201168,Telangana,Hyderabad,Irrigation,Major Infrastructure,Normal,55.74,23,15,1,9,100,0,Possession,4,1,1,0,6,0,0,2,1,0,0,106,11,0.629,70.7,63.3,1.11,0.56,4,240.32,1,46
LA201493,Maharashtra,Nagpur,Highway,Major Infrastructure,High,173.26,37,21,1,24,74.3,25.7,Ownership Verification,37,1,0,0,0,0,0,2,1,1,0,230,20,0.404,60.2,36.3,1.08,0.8,4,182.27,1,53
LA202475,Andhra Pradesh,Guntur,Industrial,Development Project,Critical,117.75,28,16,8,20,48.8,51.2,Award,39,1,0,0,1,0,0,0,0,0,0,118,0,0.378,59,18.4,0.9,0.8,2,262.36,0,33
LA200885,Telangana,Rangareddy,Highway,Major Infrastructure,Normal,32.29,24,9,2,13,71.1,28.9,Ownership Verification,57,1,1,0,2,1,0,1,0,2,0,199,35,0.378,57.5,16.8,1.13,0.75,6,91.57,1,85
LA200144,Telangana,Warangal,Railway,Major Infrastructure,Normal,38.79,41,26,11,28,50.4,49.6,Possession,14,1,0,0,1,0,1,2,0,3,0,156,19,0.501,72.2,61.4,0.94,0.64,5,112.12,1,60
LA202943,Odisha,Sambalpur,Highway,Major Infrastructure,High,72.66,35,19,11,27,39.2,60.8,Compensation,73,1,1,0,1,1,1,1,0,2,0,165,5,0.392,63.3,28.4,0.88,0.28,7,334.8,1,90
LA200851,Odisha,Khordha,Public Infrastructure,Development Project,High,8.91,38,27,7,20,94.3,5.7,Notification,22,1,0,1,1,0,1,1,1,2,0,170,36,0.62,88.3,35.4,1.04,0.93,3,47.29,1,87
LA200718,Telangana,Nalgonda,Highway,Major Infrastructure,Normal,496.4,31,15,6,16,71.7,28.3,Ownership Verification,44,1,0,0,1,0,0,1,1,5,0,112,9,0.212,62.4,57.4,1.01,0.79,4,1555.39,1,60
LA202865,Karnataka,Tumakuru,Railway,Major Infrastructure,High,47.33,40,23,4,29,88.4,11.6,Ownership Verification,18,1,0,0,4,0,0,3,2,1,0,116,5,0.36,62.7,77.5,0.98,0.67,2,,1,40
LA200265,Karnataka,Tumakuru,Irrigation,Major Infrastructure,Normal,127.57,41,18,9,28,82.3,17.7,Objection,23,1,0,0,3,0,0,2,0,0,0,104,6,0.151,42,14,1.02,0.43,6,345.93,0,27
LA200076,Maharashtra,Pune,Railway,Major Infrastructure,High,,20,15,9,8,42.4,57.6,Approval,36,1,0,1,3,1,0,2,1,1,0,199,15,0.411,62.2,42.8,0.9,0.48,2,365.14,0,81
LA200396,Andhra Pradesh,Guntur,Highway,Major Infrastructure,High,49.57,37,21,3,17,65.2,34.8,Objection,27,1,1,0,6,0,0,1,0,1,0,299,24,0.309,33.6,35.7,1.09,0.54,2,185.61,0,61
LA202546,Andhra Pradesh,Tirupati,Highway,Major Infrastructure,Normal,42.97,37,26,5,27,89.3,10.7,Compensation,62,1,0,0,1,0,0,0,0,3,1,167,11,0.489,69.4,30.4,0.97,0.54,5,33.2,1,83
LA202225,Andhra Pradesh,Guntur,Industrial,Development Project,High,63.63,26,18,6,20,81.9,18.1,Ownership Verification,18,1,0,0,4,0,0,4,1,1,1,159,7,0.295,54.6,46.5,1.11,0.47,2,74.81,1,51
LA202800,Maharashtra,Nagpur,Irrigation,Major Infrastructure,Normal,17.76,26,11,8,18,74.5,25.5,Approval,54,1,0,0,3,0,1,4,3,2,1,114,9,0.511,72.7,33.9,1.06,0.83,7,57.46,1,95
LA200397,Maharashtra,Kolhapur,Industrial,Development Project,High,138.86,34,25,3,20,41.6,58.4,Ownership Verification,18,1,0,0,1,0,1,0,0,1,0,157,1,0.191,45,12.1,1.17,0.45,3,122.08,1,40
LA201366,Andhra Pradesh,Visakhapatnam,Irrigation,Major Infrastructure,Normal,88.02,34,12,7,25,80.2,19.8,Notification,20,1,0,1,0,1,0,2,1,0,0,155,21,0.661,81,44.3,1.09,0.94,2,288.05,1,60
LA202501,Andhra Pradesh,Visakhapatnam,Industrial,Development Project,Normal,49.91,24,11,10,22,92.9,7.1,Survey,21,1,0,0,2,0,0,2,0,3,0,126,8,0.409,59.1,34.8,0.89,0.58,2,217.87,1,39
LA201904,Maharashtra,Nashik,Public Infrastructure,Development Project,High,219.59,35,13,9,20,45.3,54.7,Survey,17,1,0,0,4,1,0,4,1,1,0,164,14,0.433,70,41.2,0.91,0.86,2,235.92,1,48
LA200596,Andhra Pradesh,Visakhapatnam,Public Infrastructure,Development Project,Normal,36.04,28,18,9,17,49.2,50.8,Award,49,1,0,0,2,1,0,0,0,1,0,224,1,0.47,79.9,39.3,1.03,0.39,3,103.38,1,44
LA202110,Odisha,Cuttack,Highway,Major Infrastructure,Critical,28.97,25,19,5,10,75.7,24.3,Compensation,59,1,1,0,2,1,1,3,1,1,0,178,17,0.42,75.5,48.2,0.9,0.37,2,127.73,1,85
LA201297,Andhra Pradesh,NTR,Railway,Major Infrastructure,High,253.26,32,24,7,27,59.8,40.2,Ownership Verification,9,1,1,0,2,0,0,1,0,4,0,147,15,0.682,88.1,43.3,0.94,0.58,6,402.06,1,67
LA201822,Telangana,Warangal,Public Infrastructure,Development Project,Normal,371,19,8,11,9,37.8,62.2,Approval,56,0,0,0,4,0,0,2,1,0,0,130,10,0.366,69.4,41.4,0.89,0.2,6,361.69,0,46
LA200873,Odisha,Khordha,Irrigation,Major Infrastructure,Critical,86.92,32,24,1,23,81.7,18.3,Ownership Verification,4,0,0,0,0,0,0,1,1,1,0,107,10,0.382,63.6,67,0.98,0.69,7,174.43,1,31
LA202912,Andhra Pradesh,Tirupati,Public Infrastructure,Development Project,Normal,49.34,25,11,12,23,74.6,25.4,Notification,7,1,0,0,4,1,1,2,2,2,0,117,7,0.546,77.1,26.1,0.94,0.82,7,109.39,1,68
LA202327,Telangana,Warangal,Highway,Major Infrastructure,Normal,54.66,30,23,8,13,76.6,23.4,Objection,15,1,0,0,0,0,0,0,0,2,0,164,8,0.53,,28.6,1.06,0.67,2,285.78,1,32
LA201549,Andhra Pradesh,Guntur,Highway,Major Infrastructure,Normal,63.67,19,11,9,15,76.2,23.8,Compensation,29,1,0,1,0,0,1,3,1,2,0,162,15,0.825,102.3,51.8,1.15,0.58,3,81.26,1,76
LA200037,Maharashtra,Pune,Highway,Major Infrastructure,High,136.34,29,17,7,13,78.6,21.4,Ownership Verification,18,1,1,1,2,0,0,0,0,0,0,120,12,0.532,58.6,48.2,0.88,0.38,3,290.72,1,45
LA202527,Andhra Pradesh,NTR,Railway,Major Infrastructure,Normal,86.21,31,13,7,25,66.8,33.2,Survey,29,1,0,0,2,0,0,2,2,0,0,223,7,0.441,71.3,51.6,1.01,0.48,1,281.15,1,44
LA202144,Telangana,Medchal-Malkajgiri,Railway,Major Infrastructure,Normal,16.15,27,10,11,11,47.8,52.2,Survey,40,1,0,0,2,1,1,1,1,3,0,91,1,0.625,75.7,39.4,1.02,0.86,4,23.91,1,53
LA202941,Karnataka,Tumakuru,Public Infrastructure,Development Project,Normal,38.42,19,7,4,9,41.2,58.8,Notification,5,1,0,1,5,0,0,2,1,2,0,137,19,0.261,51.7,28.7,1.13,0.86,11,147.79,1,61
LA200978,Karnataka,Bengaluru Rural,Highway,Major Infrastructure,High,33.56,23,17,4,14,93.6,6.4,Objection,8,1,0,0,5,0,0,0,0,2,0,95,29,0.607,82.2,33.5,1.02,0.63,7,138.24,1,48
LA201572,Odisha,Sambalpur,Irrigation,Major Infrastructure,High,78.48,26,11,9,20,99.9,0.1,Possession,9,1,1,1,1,0,1,4,2,3,0,120,47,0.492,73.9,107.9,1.11,0.54,3,357.02,1,119
LA201123,Karnataka,Tumakuru,Public Infrastructure,Development Project,Normal,52.86,33,19,1,23,95.8,4.2,Possession,10,0,1,0,3,0,0,1,0,1,0,116,16,0.335,51.6,63.6,1.08,0.38,9,72.81,1,54
LA202240,Andhra Pradesh,Tirupati,Irrigation,Major Infrastructure,Normal,14.29,32,13,10,24,79.9,20.1,Ownership Verification,2,1,1,0,2,0,0,1,0,3,0,160,5,0.626,81.7,27.8,1.04,0.57,4,21.68,0,63
LA201893,Andhra Pradesh,Tirupati,Highway,Major Infrastructure,High,37.23,35,15,11,27,47.3,52.7,Compensation,6,1,1,0,1,1,1,2,1,2,0,128,47,0.535,82.2,47.7,0.95,0.51,3,46.92,1,97
LA200676,Telangana,Hyderabad,Industrial,Development Project,Normal,151.96,31,13,6,24,81.9,18.1,Possession,17,1,1,0,4,1,0,1,1,0,0,112,6,0.529,78.9,40.2,1.01,0.79,2,397.5,1,61
LA200729,Maharashtra,Nagpur,Highway,Major Infrastructure,High,72.53,37,17,6,30,48.4,51.6,Approval,12,1,1,0,4,1,1,3,1,3,0,131,7,0.485,59.3,61.4,1.02,0.7,2,97.8,1,89
LA200413,Odisha,Cuttack,Highway,Major Infrastructure,High,48.7,21,12,12,10,36.9,63.1,Award,51,1,0,0,3,0,0,3,1,1,0,165,4,0.74,105.7,43.8,1.16,0.69,4,93.12,1,52
LA201517,Andhra Pradesh,Tirupati,Highway,Major Infrastructure,High,92.37,24,12,5,15,31,69,Ownership Verification,49,1,1,0,4,1,0,2,0,0,0,201,24,0.378,63.4,51.5,1.06,0.38,5,218.1,1,86
LA201650,Maharashtra,Nashik,Industrial,Development Project,Normal,47.18,18,12,9,10,88.9,11.1,Ownership Verification,47,1,1,0,5,0,0,2,0,1,0,201,13,0.62,85.4,26.5,1.12,0.68,3,234.09,1,67
LA200826,Karnataka,Bengaluru Rural,Highway,Major Infrastructure,Normal,80.67,18,11,9,9,71.4,28.6,Notification,6,1,0,1,0,0,0,1,0,2,0,89,5,0.544,81.6,43.5,1.05,0.55,7,230.44,0,48
LA200617,Maharashtra,Pune,Public Infrastructure,Development Project,High,25.62,22,8,1,15,34.5,65.5,Approval,19,0,1,0,1,1,0,1,0,1,0,121,2,0.376,59.4,20.6,1.17,0.78,1,92.18,1,44
LA200115,Maharashtra,Nashik,Irrigation,Major Infrastructure,Normal,72.76,30,21,8,14,57.3,42.7,Ownership Verification,25,0,0,0,0,1,0,2,1,3,0,107,20,0.494,65.4,47.5,1.12,0.43,4,268.01,1,74
LA200418,Telangana,Medchal-Malkajgiri,Irrigation,Major Infrastructure,Critical,34.23,32,15,6,17,68.4,31.6,Possession,17,1,0,1,1,0,0,0,0,1,0,135,23,0.23,31.8,33.5,0.98,0.52,4,97.38,1,70
LA201626,Andhra Pradesh,Guntur,Industrial,Development Project,High,74.69,26,15,12,19,61.9,38.1,Approval,2,1,0,0,3,0,1,3,2,0,0,101,9,0.739,107.9,49.3,0.98,0.37,5,173.31,1,52
LA202940,Andhra Pradesh,Krishna,Highway,Major Infrastructure,High,58.13,39,23,12,26,52.6,47.4,Award,70,1,1,0,4,1,0,3,1,3,1,147,6,0.353,45.3,55.1,1.12,0.81,3,211.8,0,107
LA200090,Odisha,Puri,Irrigation,Major Infrastructure,Normal,79.66,34,24,11,29,98.7,1.3,Survey,6,1,0,0,1,0,0,3,2,1,0,132,11,0.367,51.2,,1.05,0.77,2,370.56,0,29
LA202083,Odisha,Cuttack,Highway,Major Infrastructure,High,82.49,34,19,3,24,76.7,23.3,Notification,24,1,0,1,0,0,0,0,0,2,0,158,4,0.295,50.2,26.7,1.14,0.64,7,431.33,1,38
LA200754,Telangana,Medchal-Malkajgiri,Public Infrastructure,Development Project,Normal,35.06,31,24,5,20,70.9,29.1,Ownership Verification,48,1,1,0,3,0,0,3,1,2,0,166,26,0.586,71.7,48.5,0.88,0.87,3,71.84,0,72
LA201631,Odisha,Sambalpur,Public Infrastructure,Development Project,High,42.71,20,14,3,13,77.6,22.4,Compensation,15,1,0,0,1,0,0,1,1,1,0,194,9,0.386,73.6,40.8,1.08,0.74,5,201.53,0,51
LA200012,Andhra Pradesh,Guntur,Public Infrastructure,Development Project,Normal,16.06,27,14,3,14,54.3,45.7,Compensation,26,1,1,0,4,1,1,0,0,1,0,125,23,0.669,97.6,30.8,1.01,0.64,10,42.05,1,97
LA202445,Telangana,Nalgonda,Irrigation,Major Infrastructure,Normal,45.75,,17,11,12,35.8,64.2,Compensation,21,1,0,0,2,1,1,1,1,2,0,98,5,0.307,57.5,35.2,1.06,0.54,5,86.69,0,63
LA200285,Andhra Pradesh,Visakhapatnam,Highway,Major Infrastructure,Normal,33.36,18,12,12,15,38.8,61.2,Compensation,62,1,0,0,5,1,0,4,1,1,0,177,13,0.755,94.8,26.9,0.88,0.82,5,43.38,1,72
LA201067,Telangana,Medchal-Malkajgiri,Highway,Major Infrastructure,Normal,135.33,40,30,12,24,91.7,8.3,Possession,67,0,0,0,6,0,0,0,0,2,0,240,5,0.456,67.8,69.9,1.01,0.54,3,570.52,1,52
LA201192,Maharashtra,Nashik,Highway,Major Infrastructure,High,41.86,27,13,1,15,50.4,49.6,Ownership Verification,56,1,0,0,5,0,0,5,1,0,0,187,42,0.512,73.1,28.9,0.89,0.66,5,94.11,1,87
LA201441,Andhra Pradesh,Visakhapatnam,Highway,Major Infrastructure,High,25.54,25,10,8,18,92.7,7.3,Notification,16,0,1,1,0,0,0,3,0,1,0,122,14,0.475,68.9,45.3,1.12,0.5,4,99.51,1,74
LA202802,Andhra Pradesh,Tirupati,Highway,Major Infrastructure,Normal,23.11,40,29,11,21,98.8,1.2,Survey,67,1,1,1,4,0,0,5,2,0,0,155,4,0.682,92.2,33.3,1.09,0.62,2,75.48,1,88
LA202801,Telangana,Medchal-Malkajgiri,Irrigation,Major Infrastructure,High,73.78,24,12,12,15,59.6,40.4,Compensation,12,1,0,0,4,0,0,4,3,1,1,73,5,0.34,50.1,45.2,1.04,0.7,3,205.81,0,72
LA202711,Odisha,Cuttack,Railway,Major Infrastructure,Critical,36.31,28,13,8,15,41.3,58.7,Approval,41,1,0,1,3,0,0,1,1,1,0,94,11,0.376,71,41.6,0.93,0.66,0,173.18,1,43
LA201569,Telangana,Rangareddy,Irrigation,Major Infrastructure,Normal,265.19,36,16,7,32,91.1,8.9,Survey,13,0,0,0,2,0,1,2,1,0,0,78,13,0.518,73.8,114.7,1.07,0.68,1,916.66,0,56
LA202428,Karnataka,Mysuru,Irrigation,Major Infrastructure,Normal,261.4,24,11,3,17,33.5,66.5,Survey,22,1,0,0,3,0,0,3,1,3,0,123,13,0.318,51.1,38.5,1.18,0.85,3,503.68,1,53
LA202578,Telangana,Medchal-Malkajgiri,Railway,Major Infrastructure,High,71.28,25,13,12,11,71.4,28.6,Ownership Verification,13,1,1,0,4,1,0,1,0,2,0,101,13,0.332,44.9,51,1,0.61,4,67.89,0,62
LA201688,Karnataka,Dharwad,Highway,Major Infrastructure,High,77.82,31,24,8,12,65.6,34.4,Possession,30,1,0,0,2,0,0,1,1,2,0,154,16,0.204,37,14.6,0.98,0.7,5,109.58,0,49
LA200852,Maharashtra,Nashik,Irrigation,Major Infrastructure,High,339.05,29,10,1,27,70.6,29.4,Notification,47,1,0,0,1,1,0,1,0,4,1,161,9,0.429,71,53,1.08,0.21,4,1957.32,1,86
LA202208,Andhra Pradesh,Krishna,Highway,Major Infrastructure,Critical,224.74,29,15,10,12,88.6,11.4,Compensation,23,1,1,0,8,1,1,0,0,2,0,169,14,0.486,67.4,32.8,0.93,0.6,1,187.89,1,62
LA200896,Maharashtra,Nagpur,Public Infrastructure,Development Project,Normal,17.66,26,11,6,9,68.7,31.3,Possession,24,1,0,1,2,0,0,0,0,3,0,129,11,0.508,65.5,51.3,1.05,0.91,7,44.57,1,59
LA200497,Odisha,Puri,Highway,Major Infrastructure,High,18.88,31,11,10,28,65.3,34.7,Compensation,10,1,1,0,3,0,0,2,1,2,1,81,12,0.52,75.6,65.5,1.02,0.59,7,26.73,1,84
LA202306,Odisha,Sambalpur,Highway,Major Infrastructure,High,95.4,37,25,11,18,50.6,49.4,Ownership Verification,56,0,0,0,5,1,0,1,0,4,0,206,7,0.467,66.6,25.5,0.92,0.67,2,293.34,0,66
LA201783,Andhra Pradesh,Krishna,Industrial,Development Project,Normal,75.6,34,25,7,14,67.7,32.3,Objection,24,1,1,1,3,0,0,2,1,3,0,120,5,0.19,45,18.2,1.05,0.82,5,266.26,1,63
LA200336,Maharashtra,Nashik,Highway,Major Infrastructure,High,31.11,19,12,4,12,68.9,31.1,Compensation,15,1,1,0,4,1,0,2,1,1,0,102,29,0.14,37.3,32.2,0.92,0.58,4,53.81,1,81
LA200516,Odisha,Cuttack,Highway,Major Infrastructure,Normal,32.5,26,15,8,14,88,12,Ownership Verification,51,1,0,0,3,0,0,1,0,2,0,121,3,0.673,81.7,28,1.11,0.96,6,96.47,1,63
LA201349,Telangana,Nalgonda,Irrigation,Major Infrastructure,Normal,117.61,37,18,11,33,67.8,32.2,Approval,6,1,1,0,2,0,0,1,0,3,0,107,27,0.662,76.4,44.4,1.14,0.65,3,380.29,1,84
LA201016,Andhra Pradesh,Tirupati,Industrial,Development Project,Normal,61.95,21,14,10,10,46.2,53.8,Award,14,1,0,0,4,0,0,,0,1,0,145,14,0.093,35.6,23.3,1.09,0.88,3,174.55,1,40
LA202809,Odisha,Sambalpur,Highway,Major Infrastructure,High,225.43,19,11,3,8,60.7,39.3,Possession,37,1,0,0,1,0,0,3,2,2,0,184,7,0.785,94.1,41.9,1.03,0.41,3,840.54,1,69
LA202804,Telangana,Warangal,Irrigation,Major Infrastructure,Normal,60.73,33,14,6,21,72.4,27.6,Compensation,9,1,0,0,1,1,0,1,0,2,0,141,2,0.191,31.1,34.9,1.15,0.63,3,227.39,0,44
LA201782,Karnataka,Belagavi,Industrial,Development Project,Critical,54.22,32,25,3,19,60.7,39.3,Ownership Verification,80,1,0,0,4,0,0,3,2,3,1,206,9,0.269,48.2,22.6,0.98,0.73,8,109.74,1,76
LA201786,Telangana,Hyderabad,Public Infrastructure,Development Project,Normal,76.75,32,25,2,18,46.8,53.2,Approval,11,1,0,0,6,0,0,1,1,1,0,125,7,0.191,46.6,79.8,1,0.67,5,161.45,0,25
LA202071,Telangana,Warangal,Irrigation,Major Infrastructure,Normal,83.65,24,15,4,12,71.1,28.9,Survey,11,1,1,0,3,1,0,2,0,3,0,170,22,0.635,86.8,35.4,1.1,0.69,2,66.57,1,83
LA200357,Telangana,Hyderabad,Highway,Major Infrastructure,High,45.82,33,18,1,31,67.1,32.9,Survey,5,1,0,1,2,1,1,3,0,2,0,72,14,0.572,92,36.7,1.06,0.39,3,198.42,1,81
LA202853,Karnataka,Dharwad,Highway,Major Infrastructure,Critical,130.93,31,21,8,20,43.4,56.6,Compensation,7,1,0,0,2,1,0,3,1,2,0,81,7,0.384,,,1.05,0.9,4,471.59,0,57
LA201313,Maharashtra,Nashik,Irrigation,Major Infrastructure,High,159.11,35,17,6,24,49.3,50.7,Survey,38,1,0,1,4,0,0,1,1,1,0,192,16,0.342,45.5,64.8,1.1,0.84,1,599.43,1,38
LA201636,Andhra Pradesh,Guntur,Highway,Major Infrastructure,Normal,278.82,30,13,2,23,67.4,32.6,Ownership Verification,72,1,0,0,3,1,0,4,2,2,0,179,28,0.179,37.6,52.2,1.11,0.65,0,1154.61,1,82
LA200551,Maharashtra,Aurangabad,Highway,Major Infrastructure,Normal,37.79,30,20,5,19,33.8,66.2,Award,16,1,1,0,3,1,1,0,0,0,0,102,22,0.471,61.2,20.3,1.14,0.83,7,60.08,0,59
LA202389,Maharashtra,Nashik,Railway,Major Infrastructure,Normal,54.16,23,14,9,21,75.4,24.6,Objection,11,0,0,0,0,0,0,1,0,1,0,89,6,0.357,58.8,41.4,1.02,0.46,3,190.13,0,40
LA202480,Maharashtra,Kolhapur,Railway,Major Infrastructure,Normal,106.66,28,11,4,24,64.5,35.5,Objection,8,1,1,1,0,1,0,1,0,1,0,211,3,0.73,97,54.7,1.02,0.58,2,272.18,1,65
LA202522,Andhra Pradesh,Guntur,Irrigation,Major Infrastructure,Normal,70.66,27,15,4,10,57.1,42.9,Ownership Verification,44,1,0,0,3,0,0,2,1,1,0,184,19,0.382,68.9,40.6,0.91,0.84,4,118.69,1,62
LA202266,Odisha,Cuttack,Highway,Major Infrastructure,High,23.25,29,14,2,20,69.5,30.5,Notification,6,1,0,1,2,1,0,1,1,3,0,113,29,0.33,38.8,104.3,1.15,0.52,6,61.62,1,61
LA201228,Andhra Pradesh,NTR,Railway,Major Infrastructure,High,58.05,33,19,1,18,87.2,12.8,Survey,42,1,0,1,2,0,0,3,0,1,0,222,42,0.325,57.5,46.8,1.12,0.73,4,128.68,1,69
LA202823,Telangana,Hyderabad,Highway,Major Infrastructure,High,29.36,29,19,2,18,36.5,63.5,Approval,31,0,1,0,5,1,0,0,0,2,0,202,15,0.241,24.3,15,1.01,0.51,3,136.2,0,77
LA200958,Telangana,Hyderabad,Highway,Major Infrastructure,Normal,64.75,22,12,1,10,55.9,44.1,Possession,11,1,0,0,7,1,1,2,0,1,0,111,3,0.272,41.8,,1.06,0.58,7,312.18,1,53
LA201774,Odisha,Khordha,Public Infrastructure,Development Project,Normal,98.94,32,17,5,19,66.5,33.5,Ownership Verification,60,1,0,0,5,1,1,1,1,5,0,197,12,0.863,115.4,58.9,1.11,0.7,6,327.83,1,92
LA202142,Andhra Pradesh,NTR,Industrial,Development Project,Normal,66.42,36,26,8,20,60.9,39.1,Compensation,3,1,0,0,2,1,0,1,1,2,0,96,5,0.245,37,43.6,1.17,0.53,3,102.89,1,48
LA201009,Karnataka,Bengaluru Rural,Industrial,Development Project,Critical,31.96,25,14,1,22,54.9,45.1,Ownership Verification,16,1,0,0,4,1,1,1,0,0,0,125,6,0.145,30.3,31.4,1.15,0.92,6,123.91,0,52
LA201093,Telangana,Medchal-Malkajgiri,Highway,Major Infrastructure,High,211.22,24,16,5,13,46.5,53.5,Compensation,6,1,0,0,4,1,0,1,0,6,0,72,12,0.332,59.5,27.6,1.02,0.77,1,978.47,1,71
LA202675,Karnataka,Mysuru,Highway,Major Infrastructure,Normal,186.82,20,10,11,13,95.6,4.4,Possession,36,1,0,0,4,1,1,,0,3,0,104,5,0.312,50.9,29.5,1.18,0.77,0,156.3,1,69
LA200997,Telangana,Medchal-Malkajgiri,Highway,Major Infrastructure,Normal,,31,21,6,22,68.6,31.4,Compensation,26,1,1,0,1,0,0,2,1,2,1,157,15,0.09,26.8,20.3,0.9,0.28,4,187.68,0,73
LA201680,Karnataka,Dharwad,Irrigation,Major Infrastructure,Normal,75.99,30,11,5,12,61.4,38.6,Compensation,110,0,1,0,1,0,1,2,0,3,0,161,2,0.368,61.1,63.1,1.05,0.96,5,343.19,1,98
LA200154,Andhra Pradesh,NTR,Highway,Major Infrastructure,Normal,42.59,21,13,7,17,30.6,69.4,Ownership Verification,85,1,0,0,5,1,0,2,0,1,0,190,7,0.431,57.5,75.5,0.92,0.5,8,90.15,1,75
LA202783,Maharashtra,Nagpur,Highway,Major Infrastructure,Normal,56.78,24,16,2,16,97.5,2.5,Compensation,22,1,1,0,2,1,0,3,0,2,0,107,10,0.697,89.9,45.9,1.11,0.42,2,260.23,1,82
LA200581,Karnataka,Dharwad,Public Infrastructure,Development Project,High,23.25,33,16,5,25,43.5,56.5,Survey,75,1,1,0,0,1,0,1,1,3,0,140,9,0.374,58.6,28.4,1.08,0.8,6,18.48,1,90
LA201471,Maharashtra,Aurangabad,Industrial,Development Project,Normal,86.36,,17,10,23,58.9,41.1,Approval,6,1,0,0,2,0,1,0,0,3,0,119,14,0.59,84.7,34.5,0.89,0.7,4,338.23,1,66
LA200704,Andhra Pradesh,Visakhapatnam,Railway,Major Infrastructure,Normal,79.32,30,17,7,19,39.5,60.5,Notification,62,1,0,1,3,0,1,2,0,0,0,156,23,0.286,61.2,44.8,1,0.19,1,217.98,1,66
LA201213,Maharashtra,Nashik,Railway,Major Infrastructure,Critical,145.5,26,11,5,14,88.1,11.9,Notification,82,1,1,1,2,1,1,1,1,1,0,169,6,0.763,101.6,,0.99,0.46,5,461.41,1,111
LA200897,Karnataka,Belagavi,Public Infrastructure,Development Project,Normal,121.23,28,13,11,9,79.8,20.2,Possession,29,1,1,1,2,1,0,1,0,0,0,136,30,0.468,68.1,40.6,1.14,0.37,8,520.6,1,93
LA200488,Andhra Pradesh,Visakhapatnam,Highway,Major Infrastructure,Critical,61.91,26,17,3,21,61.4,38.6,Compensation,18,1,1,0,4,1,1,0,0,5,0,122,17,0.219,,16.9,1.1,0.51,2,275.72,1,85
LA200560,Odisha,Cuttack,Public Infrastructure,Development Project,Normal,74.14,25,13,8,12,34.4,65.6,Award,13,0,0,0,3,0,0,3,2,3,0,135,5,0.596,83.3,37.7,0.95,0.37,6,256.84,0,59
LA201142,Karnataka,Belagavi,Railway,Major Infrastructure,Normal,33.66,37,18,2,22,81.6,18.4,Compensation,45,1,1,0,1,1,1,3,0,2,0,145,12,0.227,37.5,12,1.14,0.55,9,81.87,1,92
LA201120,Karnataka,Belagavi,Highway,Major Infrastructure,Normal,,28,12,5,16,82.3,17.7,Possession,32,1,0,0,2,0,0,0,0,1,0,126,2,0.434,65.8,53.5,0.92,0.4,4,335.56,0,25
LA200513,Andhra Pradesh,Tirupati,Irrigation,Major Infrastructure,Critical,60.54,24,11,5,11,93.3,6.7,Approval,7,1,0,0,3,0,1,1,1,4,1,104,4,0.569,70.5,44.9,0.97,0.76,2,168.39,1,75
LA200634,Telangana,Nalgonda,Public Infrastructure,Development Project,Normal,24.81,43,26,1,29,88.6,11.4,Ownership Verification,33,1,1,1,2,0,1,3,3,1,0,318,16,0.644,79.6,35.3,1.05,0.37,6,101.24,1,86
LA202585,Andhra Pradesh,Tirupati,Public Infrastructure,Development Project,High,155.03,36,23,12,22,66.1,33.9,Survey,15,1,0,1,2,0,0,4,0,5,1,115,24,0.415,68.8,66,1.06,0.5,5,559.58,0,100
LA201665,Odisha,Ganjam,Public Infrastructure,Development Project,Normal,84.58,31,11,7,24,53.8,46.2,Compensation,34,1,0,1,1,1,0,2,1,3,0,200,68,0.554,77.8,40.9,1.07,0.48,2,96.73,0,118
LA201013,Andhra Pradesh,Visakhapatnam,Railway,Major Infrastructure,High,70.33,,25,7,25,60.5,39.5,Compensation,3,1,0,0,5,1,0,2,1,0,0,109,13,0.443,58.4,29.9,1.11,0.55,0,152.96,1,38
LA201932,Andhra Pradesh,Visakhapatnam,Highway,Major Infrastructure,Normal,70.25,,20,7,23,52.1,47.9,Notification,24,1,0,1,3,0,0,3,1,1,0,119,4,0.369,57.4,31.4,0.95,0.54,6,249.32,1,58
LA201151,Karnataka,Belagavi,Highway,Major Infrastructure,High,15.72,29,22,2,15,50.1,49.9,Approval,2,1,0,0,3,0,0,3,2,2,0,112,14,0.404,54.1,19.9,1.08,0.53,4,76.85,1,46
LA202806,Telangana,Hyderabad,Public Infrastructure,Development Project,Normal,41.14,23,9,11,19,98.7,1.3,Compensation,14,1,1,0,1,1,0,3,0,3,0,139,6,0.396,62.9,30.2,1.15,0.65,5,150.5,1,63
LA200117,Odisha,Sambalpur,Railway,Major Infrastructure,High,108.85,30,12,7,22,66,34,Compensation,42,1,1,0,3,1,0,2,1,3,0,128,6,0.257,57.1,24.7,1.02,0.35,3,278.06,1,75
LA200741,Maharashtra,Nagpur,Public Infrastructure,Development Project,Normal,29.47,33,19,7,18,93.9,6.1,Award,52,1,1,0,4,1,1,0,0,5,0,152,11,0.352,59.3,35.8,1,0.81,3,132.14,1,85
LA202764,Andhra Pradesh,Guntur,Industrial,Development Project,High,88.29,30,22,7,16,49.3,50.7,Objection,37,1,0,1,0,1,0,1,0,2,0,131,1,0.513,70.5,53.9,0.99,0.63,0,205.57,1,60
LA201975,Andhra Pradesh,Krishna,Highway,Major Infrastructure,Critical,41.97,35,13,8,21,89.9,10.1,Compensation,36,1,0,0,4,1,0,0,0,1,0,127,32,0.803,104.1,38,1.08,0.86,5,156.13,1,78
LA201082,Odisha,Puri,Public Infrastructure,Development Project,High,219.98,35,16,6,28,53.9,46.1,Award,49,1,0,0,0,0,0,0,0,4,0,236,6,0.305,50.1,46,1.05,0.73,2,874.96,1,52
LA201811,Odisha,Ganjam,Public Infrastructure,Development Project,Normal,21.72,28,11,2,15,47,53,Notification,41,1,0,0,1,0,0,2,1,2,0,188,5,0.148,41,35.5,1.09,0.67,3,46.45,1,39
LA200831,Odisha,Sambalpur,Public Infrastructure,Development Project,High,68.28,27,18,10,12,42.5,57.5,Compensation,28,1,0,0,1,0,0,3,0,2,0,120,18,0.488,83.3,52.2,1.02,0.78,4,289.04,0,54
LA200120,Odisha,Puri,Industrial,Development Project,Critical,85.18,28,13,6,19,94.9,5.1,Compensation,65,1,0,1,2,1,0,,0,1,0,176,14,0.603,98.4,44.6,1.14,0.25,3,303.24,1,78
LA200657,Maharashtra,Kolhapur,Railway,Major Infrastructure,High,142.38,35,13,8,25,52.4,47.6,Objection,,1,0,0,2,0,0,0,0,1,0,94,1,0.594,86.3,56.5,1.06,0.73,2,257.3,1,37
LA202733,Maharashtra,Nagpur,Railway,Major Infrastructure,Normal,182.79,27,10,4,15,77.2,22.8,Ownership Verification,15,0,1,0,1,0,0,3,1,2,0,91,14,0.778,95.1,72.3,1,0.33,6,281.75,1,74
LA202693,Karnataka,Dharwad,Public Infrastructure,Development Project,Normal,133.83,36,26,4,17,50,50,Ownership Verification,59,1,0,0,1,1,0,5,3,0,0,164,19,0.764,104.6,79.7,1.06,0.41,3,409.56,1,83
LA202933,Andhra Pradesh,NTR,Irrigation,Major Infrastructure,High,63.99,38,29,6,30,43.9,56.1,Possession,48,1,0,0,4,1,0,1,0,2,0,165,5,0.294,55.6,40,1.11,0.59,4,200.74,1,44
LA200636,Odisha,Ganjam,Highway,Major Infrastructure,High,175.28,25,18,3,20,38.9,61.1,Notification,57,1,1,0,6,0,0,7,3,0,0,132,11,0.661,84.9,86.7,1.08,0.41,5,689.2,1,89
LA200370,Odisha,Cuttack,Irrigation,Major Infrastructure,Normal,22.62,23,10,1,9,79.8,20.2,Ownership Verification,8,1,0,0,2,0,0,,0,5,1,164,29,0.452,60.6,36.2,1.17,0.85,3,121.92,1,87
LA200269,Maharashtra,Nashik,Railway,Major Infrastructure,Normal,55.8,21,8,8,15,88.2,11.8,Approval,5,1,0,0,5,0,0,2,0,3,0,97,13,0.462,77.1,51.2,1.07,0.54,3,139.29,1,49
LA200047,Karnataka,Bengaluru Rural,Irrigation,Major Infrastructure,Normal,34.41,27,14,5,21,65.1,34.9,Objection,45,1,1,0,1,0,0,1,0,0,0,152,5,0.68,80.1,85.8,0.92,0.46,8,131.95,1,57
LA200992,Andhra Pradesh,Guntur,Highway,Major Infrastructure,Normal,182.66,28,14,4,23,87.2,12.8,Notification,8,0,0,0,1,0,1,2,2,1,0,95,16,0.577,80.1,43.3,0.9,0.58,6,671.51,1,55
LA200877,Telangana,Warangal,Irrigation,Major Infrastructure,Normal,285.5,24,17,1,11,65.3,34.7,Objection,75,1,0,0,1,0,1,2,0,1,0,182,2,0.289,52.1,28.3,1.02,0.26,3,740.98,1,56
LA200774,Karnataka,Mysuru,Industrial,Development Project,Normal,197.26,30,21,7,17,53.9,46.1,Ownership Verification,20,1,1,0,4,1,0,1,0,3,0,138,9,0.589,78.3,64.7,1.18,0.74,5,320.04,1,91
LA201220,Telangana,Rangareddy,Irrigation,Major Infrastructure,Normal,53.04,37,18,9,23,82.9,17.1,Compensation,68,1,0,0,3,0,0,1,1,2,0,150,17,0.588,80.5,62.2,1.04,0.65,3,99.22,1,62
LA201127,Andhra Pradesh,Tirupati,Irrigation,Major Infrastructure,High,70.38,23,16,6,20,40.6,59.4,Notification,26,1,0,1,1,1,0,1,1,3,0,88,7,0.751,96.4,66.1,1.17,0.89,8,120.65,1,67
LA200005,Karnataka,Bengaluru Rural,Highway,Major Infrastructure,High,77.4,33,18,1,16,46.1,53.9,Survey,34,1,0,0,2,1,0,1,0,1,0,173,12,0.328,57.3,38.6,1.07,0.56,1,313.31,0,32
LA201596,Maharashtra,Kolhapur,Irrigation,Major Infrastructure,High,66.04,37,17,12,32,78.1,21.9,Possession,65,1,1,0,3,0,0,0,0,2,1,131,9,0.531,85.3,47.6,1.08,0.98,2,78.46,1,90
LA202312,Telangana,Warangal,Highway,Major Infrastructure,Critical,34.1,23,11,6,15,40.2,59.8,Compensation,46,0,0,0,3,0,0,1,0,1,0,267,33,0.501,75.5,41.7,1.05,0.91,2,70.42,1,52
LA202492,Odisha,Puri,Public Infrastructure,Development Project,Critical,43.05,33,15,1,16,35.6,64.4,Ownership Verification,18,1,0,1,1,0,0,3,0,2,0,68,3,0.678,86,26.4,1.09,0.49,3,69.93,1,47
LA201078,Andhra Pradesh,Guntur,Public Infrastructure,Development Project,Normal,115,35,21,12,25,90,10,Compensation,6,1,1,1,0,1,0,2,0,1,0,101,5,0.557,80.8,19.5,0.95,0.62,4,131.96,1,78
LA200838,Odisha,Khordha,Public Infrastructure,Development Project,High,25.26,38,16,3,23,44.3,55.7,Notification,12,1,1,0,6,0,0,0,0,1,0,149,20,0.547,72.6,47,0.9,0.81,2,27.43,1,52
LA200682,Andhra Pradesh,NTR,Public Infrastructure,Development Project,Critical,98.53,30,23,10,19,32.9,67.1,Ownership Verification,37,1,1,0,4,0,0,3,1,0,0,146,11,0.502,65.2,37.3,1.15,0.62,3,261.77,1,51
LA201716,Andhra Pradesh,Visakhapatnam,Highway,Major Infrastructure,Normal,61.91,25,15,8,14,37,63,Approval,38,1,0,0,3,0,0,1,1,1,0,163,9,0.186,27.5,44.9,0.97,0.77,9,63.58,1,53
LA202353,Karnataka,Mysuru,Public Infrastructure,Development Project,Critical,122.48,24,15,2,15,60.5,39.5,Notification,25,1,0,1,3,0,0,1,0,2,0,113,3,0.232,51.8,25,0.91,0.41,10,358.65,0,55
LA202362,Karnataka,Tumakuru,Highway,Major Infrastructure,Normal,68.29,25,19,7,19,76.9,23.1,Award,12,1,0,0,1,0,0,1,0,0,0,118,7,0.239,39.5,32.2,1.05,0.64,6,153.14,1,22
LA202198,Andhra Pradesh,Krishna,Irrigation,Major Infrastructure,Normal,108.83,33,13,12,23,31.6,68.4,Compensation,10,0,0,0,2,0,1,2,0,2,0,113,36,0.44,67.6,20.8,0.92,0.77,5,557.54,1,78
LA201149,Andhra Pradesh,Krishna,Public Infrastructure,Development Project,Critical,49.82,29,20,5,19,69.8,30.2,Ownership Verification,28,0,1,0,4,1,0,1,0,2,0,117,14,0.68,89.9,29,1.13,0.91,5,42.42,1,80
LA200575,Odisha,Cuttack,Public Infrastructure,Development Project,High,23.49,27,14,3,15,88.9,11.1,Award,39,1,0,0,3,1,0,3,2,2,0,149,26,0.468,69.5,35.8,1.14,0.79,2,105.99,1,89
LA200051,Telangana,Hyderabad,Public Infrastructure,Development Project,Normal,53.12,27,13,10,15,32.8,67.2,Award,20,1,0,1,2,0,0,3,1,2,0,118,27,0.398,50.3,56.2,1.14,0.87,4,158,0,63
LA200854,Telangana,Warangal,Irrigation,Major Infrastructure,High,,35,19,10,22,84.1,15.9,Award,64,0,1,0,0,0,0,,1,1,0,176,9,0.504,70.1,23.9,1.02,0.58,6,81.95,0,67
LA201983,Karnataka,Belagavi,Public Infrastructure,Development Project,Critical,13.32,35,19,10,19,49,51,Objection,30,1,0,0,2,0,1,2,0,3,0,146,10,0.309,64.9,18.9,1.08,0.62,2,34.53,1,53
LA201824,Andhra Pradesh,Tirupati,Highway,Major Infrastructure,Normal,35.9,38,18,10,22,99.2,0.8,Compensation,27,1,1,0,2,0,0,2,0,3,0,122,17,0.571,73.9,65,1.13,0.86,4,140.97,1,70
LA200834,Andhra Pradesh,Visakhapatnam,Public Infrastructure,Development Project,Normal,98.68,38,27,8,21,41.3,58.7,Compensation,38,1,0,1,3,0,1,1,0,1,0,103,4,0.351,48.1,34.6,1.03,0.77,1,,1,49
LA201116,Andhra Pradesh,Guntur,Highway,Major Infrastructure,High,11.41,28,21,5,11,42.5,57.5,Ownership Verification,16,1,1,0,2,0,0,1,1,3,0,196,7,0.554,76.8,20,0.93,0.32,3,52.88,1,54
LA201167,Maharashtra,Kolhapur,Industrial,Development Project,Normal,110.05,21,14,1,13,76.2,23.8,Ownership Verification,53,1,0,0,3,0,0,3,1,1,0,163,2,0.391,68.5,65.9,1.01,0.91,4,180.49,1,34
LA202519,Andhra Pradesh,Krishna,Highway,Major Infrastructure,High,37.5,28,21,1,16,79.2,20.8,Notification,54,0,0,1,1,1,1,1,1,1,0,205,1,0.397,53.4,28.2,1.04,0.59,4,208.17,1,68
LA201907,Odisha,Khordha,Highway,Major Infrastructure,Normal,91.77,42,20,4,24,83.3,16.7,Ownership Verification,22,1,0,0,6,0,1,,0,0,0,112,3,0.577,76.6,55.3,1.18,0.42,4,355.4,0,40
LA200972,Maharashtra,Pune,Irrigation,Major Infrastructure,High,41,27,12,12,18,32.7,67.3,Approval,5,1,0,0,3,1,1,2,1,2,0,115,9,0.11,32.8,8.1,1.06,0.67,3,78.55,1,61
LA200400,Karnataka,Mysuru,Industrial,Development Project,Normal,28.82,33,13,3,17,99.2,0.8,Approval,22,1,0,0,3,0,0,0,0,2,0,174,14,0.292,43.1,48.9,1.11,0.67,5,86.51,0,48
LA202560,Odisha,Cuttack,Highway,Major Infrastructure,Normal,69,33,22,9,23,57,43,Compensation,3,1,0,0,1,0,0,1,0,0,0,124,12,0.237,44.5,12.1,0.98,0.49,2,137.29,0,31
LA202369,Maharashtra,Nagpur,Highway,Major Infrastructure,Normal,15.01,23,13,10,12,71.1,28.9,Ownership Verification,85,1,1,0,2,0,0,1,1,0,0,168,7,0.5,63.2,62.6,0.97,0.8,6,44.07,1,60
LA200020,Karnataka,Bengaluru Rural,Highway,Major Infrastructure,High,53.34,20,13,4,12,48.6,51.4,Ownership Verification,23,1,1,0,2,0,0,1,0,2,0,121,22,0.489,66.4,32.2,0.98,0.34,7,100.15,1,63
LA200685,Andhra Pradesh,Krishna,Railway,Major Infrastructure,Normal,91.16,29,18,5,15,40.7,59.3,Objection,7,0,0,1,3,1,0,2,0,1,0,189,7,0.269,40.3,34.7,1.08,0.66,3,76.55,0,53
LA200036,Odisha,Ganjam,Highway,Major Infrastructure,Critical,37.85,36,27,7,31,67,33,Survey,15,1,0,0,2,0,0,2,0,2,0,130,6,0.365,47,28.1,0.91,0.38,4,103.7,1,38
LA202830,Maharashtra,Pune,Highway,Major Infrastructure,Normal,89.14,22,11,10,19,37,63,Objection,21,0,1,0,4,0,0,2,1,1,0,107,1,0.372,,27,1.17,0.56,5,250.6,1,55
LA200525,Telangana,Hyderabad,Railway,Major Infrastructure,Normal,108.06,30,19,10,23,49.4,50.6,Notification,45,1,0,0,0,0,0,3,0,3,0,123,1,0.435,74.6,31.1,1.14,0.58,2,240.98,1,51
LA202456,Telangana,Nalgonda,Industrial,Development Project,High,22.36,26,18,8,10,46.1,53.9,Ownership Verification,8,0,0,0,3,0,1,2,1,0,0,190,30,0.134,35.2,49.3,1.09,0.56,4,68.29,1,63
LA200921,Telangana,Rangareddy,Public Infrastructure,Development Project,Normal,149.57,33,15,8,14,70,30,Objection,44,1,0,0,2,0,0,2,1,1,0,149,5,0.272,46,14.2,1.03,0.68,3,240.35,1,37
LA201842,Maharashtra,Nashik,Highway,Major Infrastructure,High,117.12,24,12,7,19,94.3,5.7,Compensation,150,1,0,0,1,1,0,2,2,3,0,202,6,0.448,,25.9,1.03,0.65,1,459.97,1,107
LA201891,Telangana,Nalgonda,Railway,Major Infrastructure,Normal,11.34,28,19,5,25,46,54,Approval,25,1,1,0,0,0,1,3,2,1,0,137,36,0.27,41.8,19.6,1.04,0.87,2,41.25,1,79
LA200538,Karnataka,Dharwad,Highway,Major Infrastructure,Normal,66.5,27,15,12,15,74.3,25.7,Award,62,1,1,0,4,0,0,2,0,0,0,182,10,0.568,,39.8,1.05,0.49,0,218.94,1,60
LA201706,Odisha,Cuttack,Irrigation,Major Infrastructure,Critical,82.74,35,16,4,25,31.3,68.7,Objection,35,0,0,0,3,0,0,1,1,1,0,233,11,0.388,64.9,,1.13,0.66,5,134.61,0,38
LA202932,Telangana,Hyderabad,Public Infrastructure,Development Project,Normal,36.77,33,14,9,21,93.6,6.4,Compensation,24,0,0,0,3,1,0,1,0,1,0,164,15,0.612,81.3,31.5,1.09,0.53,1,179.34,1,52
LA200246,Odisha,Cuttack,Highway,Major Infrastructure,Critical,48.55,20,8,2,9,40.1,59.9,Ownership Verification,35,1,1,0,0,0,1,3,1,1,0,140,18,0.509,70.9,56.3,0.91,0.72,5,181.59,1,82
LA200785,Karnataka,Tumakuru,Railway,Major Infrastructure,Critical,53.3,25,13,6,20,73.6,26.4,Objection,47,0,1,1,0,0,0,0,0,1,0,119,9,0.329,40.5,50,1.18,0.88,5,70.07,1,63
LA201410,Andhra Pradesh,Krishna,Industrial,Development Project,Normal,101.17,27,21,11,15,67.1,32.9,Ownership Verification,9,1,1,1,1,1,1,1,0,4,0,90,17,0.423,54.3,22.4,0.98,0.51,3,353.03,1,89
LA202538,Telangana,Rangareddy,Railway,Major Infrastructure,Critical,62.55,20,12,6,12,49.5,50.5,Objection,15,1,0,0,2,1,0,3,2,3,0,104,1,0.262,55.6,52.4,0.89,0.73,2,277.9,1,54
LA200155,Odisha,Cuttack,Highway,Major Infrastructure,High,109.55,27,20,2,17,95.5,4.5,Survey,25,1,0,0,2,0,1,1,0,2,0,101,19,0.421,53.5,20.8,0.93,0.64,2,353.82,1,49
LA201687,Telangana,Rangareddy,Irrigation,Major Infrastructure,Normal,97.5,20,11,9,18,83.8,16.2,Notification,20,1,0,1,0,0,0,2,1,1,0,86,5,0.552,79,58.3,0.92,0.3,0,368.95,0,49
LA200626,Andhra Pradesh,NTR,Irrigation,Major Infrastructure,Normal,28.02,30,11,1,16,87.3,12.7,Compensation,55,1,1,0,4,1,0,2,1,2,0,134,10,0.405,57.4,34.4,0.96,0.55,5,36.82,1,72
LA202877,Telangana,Medchal-Malkajgiri,Highway,Major Infrastructure,High,57.59,26,11,3,12,80.3,19.7,Notification,38,1,0,0,4,1,1,4,2,0,0,168,5,0.26,,15.4,1,0.71,1,220.73,1,78
LA201347,Andhra Pradesh,NTR,Public Infrastructure,Development Project,Normal,42.57,39,29,11,30,60.7,39.3,Approval,16,1,0,0,1,0,1,2,0,1,0,161,10,0.563,91.4,53.7,0.99,0.77,5,67.73,0,48
LA200570,Andhra Pradesh,Visakhapatnam,Highway,Major Infrastructure,Normal,50.64,22,16,12,21,94.9,5.1,Award,11,1,0,0,1,1,1,1,0,2,0,108,16,0.495,86.3,34.5,1.05,0.54,4,70.03,0,52
LA202934,Maharashtra,Nagpur,Industrial,Development Project,Normal,50.85,22,15,11,14,96.9,3.1,Ownership Verification,91,1,1,0,1,0,0,1,0,3,0,231,3,0.253,47,27.7,0.91,0.76,2,106.02,1,63
LA201759,Odisha,Puri,Highway,Major Infrastructure,Critical,58.95,29,13,6,17,95.5,4.5,Survey,9,1,0,1,1,1,0,2,0,1,0,80,3,0.416,61.3,34.3,1.17,0.57,4,144.68,1,47
LA201817,Odisha,Ganjam,Irrigation,Major Infrastructure,High,93.31,19,7,5,15,67.8,32.2,Notification,36,1,0,0,3,0,0,1,1,6,0,148,16,0.516,71.6,59.7,0.97,0.92,2,386.26,1,78
LA202066,Maharashtra,Nashik,Irrigation,Major Infrastructure,Normal,93.63,24,14,12,19,43.2,56.8,Notification,19,1,1,1,3,0,0,3,2,2,0,118,3,0.159,26.1,16.1,1.11,0.75,3,362.8,1,39
LA200128,Karnataka,Bengaluru Rural,Public Infrastructure,Development Project,Normal,75.03,27,19,3,21,81.7,18.3,Objection,31,1,0,0,2,0,0,1,1,4,0,189,8,0.468,73.8,48.2,1.09,0.77,5,205.15,1,57
LA202978,Odisha,Puri,Irrigation,Major Infrastructure,Normal,28.21,31,14,3,17,44,56,Compensation,26,1,0,0,2,1,1,0,0,4,1,122,14,0.374,55.6,13,1.01,0.74,3,58.17,1,80
LA202007,Karnataka,Dharwad,Irrigation,Major Infrastructure,High,92.61,33,24,2,19,86.5,13.5,Approval,29,0,1,1,4,0,0,4,1,2,0,247,8,0.259,46.2,38.4,0.98,0.9,2,219.37,1,71
LA200981,Odisha,Puri,Irrigation,Major Infrastructure,High,60.33,37,18,4,24,66.2,33.8,Award,23,1,1,0,3,1,0,3,0,4,0,85,1,0.469,66.7,31.5,1.04,0.37,2,132.57,1,60
LA202975,Andhra Pradesh,Visakhapatnam,Irrigation,Major Infrastructure,Critical,32.64,34,23,10,23,60.5,39.5,Survey,67,1,0,1,3,0,0,3,2,4,1,146,6,0.704,87.1,44.5,0.92,0.57,3,98.98,1,99
LA200191,Maharashtra,Nagpur,Irrigation,Major Infrastructure,High,77.79,36,23,7,29,84.2,15.8,Possession,26,0,0,0,0,1,0,3,1,2,0,189,18,0.574,74,70.5,1.07,0.7,6,185.81,1,72
LA201140,Andhra Pradesh,Krishna,Highway,Major Infrastructure,Normal,79.88,34,19,3,21,56.1,43.9,Compensation,11,1,0,1,0,1,1,3,0,1,0,166,10,0.518,79.7,20.8,1.1,0.75,6,75.56,1,69
LA200993,Telangana,Medchal-Malkajgiri,Highway,Major Infrastructure,High,184.92,25,16,9,14,61,39,Survey,44,1,0,0,4,0,0,2,0,1,0,198,11,0.223,44.5,23.1,1.14,0.46,4,937.96,1,34
LA200700,Odisha,Cuttack,Irrigation,Major Infrastructure,High,412.63,24,14,5,13,99.7,0.3,Ownership Verification,17,1,1,1,4,0,0,2,2,0,0,151,10,0.131,38.6,12.5,1.12,0.75,4,1341.45,1,49
LA200607,Andhra Pradesh,Guntur,Public Infrastructure,Development Project,High,72.04,35,16,1,19,74,26,Compensation,60,1,1,0,2,1,0,1,1,3,0,216,10,0.618,85.9,25.9,1.1,0.89,4,227.26,1,78
LA200181,Maharashtra,Aurangabad,Highway,Major Infrastructure,Normal,,26,20,8,12,66.7,33.3,Award,11,1,0,0,4,1,0,3,0,5,1,79,5,0.117,13.3,24.6,1.18,0.86,6,212.99,1,75
LA200302,Karnataka,Mysuru,Highway,Major Infrastructure,Normal,83.57,49,29,9,27,53.3,46.7,Ownership Verification,9,1,1,0,6,0,1,2,0,2,0,61,3,0.382,56.9,49,1.07,0.82,5,102.15,1,54
LA202545,Karnataka,Tumakuru,Irrigation,Major Infrastructure,Normal,,35,14,9,28,46.5,53.5,Notification,20,0,0,1,4,0,1,3,2,0,0,161,4,0.385,58.7,38.1,0.93,0.72,3,338.41,1,44
LA202776,Odisha,Puri,Highway,Major Infrastructure,Critical,32.84,34,16,11,21,78.8,21.2,Notification,22,1,0,1,3,1,1,2,0,4,0,126,9,0.386,76.7,22.8,0.95,0.32,4,134.32,1,73
LA201061,Telangana,Medchal-Malkajgiri,Highway,Major Infrastructure,Normal,98.1,25,9,10,22,47.2,52.8,Award,27,1,0,0,4,1,0,2,1,1,0,125,20,0.177,57,16.4,1.12,0.38,6,520.33,1,58
LA202820,Andhra Pradesh,Visakhapatnam,Railway,Major Infrastructure,High,215.34,33,21,11,28,94.6,5.4,Possession,12,1,0,0,3,0,1,2,0,2,0,112,3,0.519,,24.9,1.1,0.37,4,526.84,0,51
LA202879,Telangana,Medchal-Malkajgiri,Irrigation,Major Infrastructure,Critical,105,33,20,7,25,53.4,46.6,Award,5,1,1,0,2,1,0,3,0,2,0,101,11,0.191,40.4,44.9,1.17,0.47,4,95.88,1,66
LA202566,Karnataka,Dharwad,Irrigation,Major Infrastructure,High,31.31,30,11,9,13,91.9,8.1,Survey,39,1,1,0,4,0,0,4,1,2,0,123,25,0.503,68.9,28.6,1.01,0.39,6,30.19,1,78
LA201070,Karnataka,Belagavi,Industrial,Development Project,Normal,147.51,36,20,3,32,79.1,20.9,Compensation,14,1,0,0,1,1,0,1,0,1,0,176,6,0.596,75.5,46.7,0.97,0.36,1,287.09,1,40
LA202525,Karnataka,Bengaluru Rural,Railway,Major Infrastructure,High,59.32,23,16,9,11,44.4,55.6,Compensation,32,1,1,0,5,1,0,0,0,2,0,143,19,0.382,57.5,35.2,1.11,0.74,8,190.41,1,89
LA202206,Maharashtra,Nagpur,Highway,Major Infrastructure,High,67.12,23,14,10,19,84.4,15.6,Notification,11,1,0,0,9,0,0,4,0,0,0,107,13,0.363,67.8,21.3,1.06,0.96,2,308.31,1,48
LA201244,Karnataka,Belagavi,Highway,Major Infrastructure,Normal,26.55,38,19,1,20,54.4,45.6,Award,64,1,1,0,3,1,0,4,0,2,0,289,11,0.571,85.7,34.7,1.15,0.34,5,63.79,1,86
LA200017,Karnataka,Bengaluru Rural,Irrigation,Major Infrastructure,Normal,38.15,27,18,4,14,83.3,16.7,Compensation,19,0,0,0,2,1,1,4,2,2,0,117,22,0.719,92.2,59.1,1.04,0.62,3,212.69,1,78
LA202981,Karnataka,Bengaluru Rural,Irrigation,Major Infrastructure,High,69.41,26,14,7,20,43.4,56.6,Ownership Verification,35,1,1,0,2,0,0,2,1,2,0,169,4,0.424,65.1,45.1,1.09,0.41,4,84.25,0,61
LA200547,Karnataka,Bengaluru Rural,Highway,Major Infrastructure,High,46.01,32,21,4,20,89.4,10.6,Ownership Verification,14,0,1,0,2,1,0,3,1,1,0,224,34,0.36,61.3,,1.13,0.77,1,66.61,1,80
LA200659,Telangana,Rangareddy,Irrigation,Major Infrastructure,High,103.38,34,22,5,25,93.1,6.9,Compensation,15,1,0,0,2,1,0,3,1,1,0,126,27,0.139,32.5,16.8,0.94,0.67,8,376.95,1,53
LA202705,Odisha,Ganjam,Irrigation,Major Infrastructure,Normal,118.97,24,14,8,16,46.3,53.7,Survey,22,1,0,0,4,0,0,2,2,3,0,96,17,0.114,32.8,8.2,0.96,0.46,5,590.75,1,40
LA202736,Karnataka,Belagavi,Highway,Major Infrastructure,Normal,38.9,21,13,9,14,38.1,61.9,Award,14,0,0,0,2,1,0,3,1,2,0,116,2,0.445,57.1,71.2,0.88,0.55,3,50.69,1,54
LA201505,Odisha,Cuttack,Highway,Major Infrastructure,Normal,111.01,35,20,3,11,40,60,Objection,18,1,0,1,3,1,0,1,0,0,1,82,4,0.25,36.3,58.9,1,0.64,2,157.24,1,59
LA200960,Telangana,Medchal-Malkajgiri,Railway,Major Infrastructure,Normal,53.26,23,11,7,11,38.4,61.6,Award,14,1,1,0,4,0,0,3,2,1,0,119,19,0.398,66,78.6,1.12,0.68,1,262.4,0,59
LA202332,Telangana,Rangareddy,Highway,Major Infrastructure,Normal,,28,15,11,9,56.1,43.9,Approval,41,1,1,0,1,0,0,1,1,1,1,227,17,0.217,40.6,12.4,1.07,0.6,3,280.65,1,76
LA200798,Maharashtra,Nagpur,Highway,Major Infrastructure,High,70.08,30,23,9,12,95.6,4.4,Award,26,1,0,0,0,1,0,2,0,1,0,129,19,0.399,55.5,92.1,1.03,0.84,2,77.64,1,55
LA200226,Odisha,Khordha,Highway,Major Infrastructure,Normal,125.53,31,24,5,15,96.2,3.8,Compensation,8,1,0,0,2,0,1,0,0,2,0,98,1,0.333,61.2,19.1,1.01,0.56,2,196.51,0,38
LA202075,Odisha,Sambalpur,Public Infrastructure,Development Project,High,73.89,30,21,8,13,69.5,30.5,Survey,31,1,1,1,4,0,0,2,0,0,1,129,6,0.49,70.5,68.6,1.1,0.85,4,162.18,1,70
LA201800,Andhra Pradesh,Krishna,Railway,Major Infrastructure,Critical,172.42,33,17,6,22,72.6,27.4,Compensation,31,1,0,1,2,1,0,3,1,0,0,233,4,0.562,81.7,52.7,1.07,0.53,3,571.14,1,68
LA202486,Odisha,Sambalpur,Highway,Major Infrastructure,Normal,78.49,43,23,10,32,95.7,4.3,Objection,3,1,0,0,2,0,0,3,1,4,0,136,13,0.06,21.1,16.8,1,0.5,6,291.57,0,54
LA202963,Andhra Pradesh,Visakhapatnam,Public Infrastructure,Development Project,Normal,16.87,34,15,10,15,82.3,17.7,Compensation,40,0,0,0,1,0,0,2,0,0,0,116,1,0.342,33.4,34.6,0.93,0.71,5,55.37,0,34
LA202278,Andhra Pradesh,Tirupati,Highway,Major Infrastructure,Normal,174.2,26,15,12,14,86.6,13.4,Notification,20,0,0,0,2,0,0,2,0,1,0,112,8,0.672,86.6,33.5,0.91,0.64,1,760.76,1,37
LA202086,Odisha,Puri,Irrigation,Major Infrastructure,High,22.39,25,19,12,19,45.4,54.6,Award,39,1,1,0,0,0,0,0,0,1,0,113,9,0.79,93.5,53.2,0.89,0.48,6,32.86,1,66
LA201694,Andhra Pradesh,Tirupati,Public Infrastructure,Development Project,Normal,85.87,31,13,11,11,70.2,29.8,Ownership Verification,31,1,1,1,4,1,0,5,3,2,0,101,10,0.411,58.3,57.2,0.9,0.78,3,72.84,1,76
LA201046,Odisha,Sambalpur,Industrial,Development Project,High,72.61,26,14,9,26,58.6,41.4,Possession,9,1,0,1,0,0,1,0,0,3,0,87,2,0.629,85.5,47.9,1.02,0.32,7,329.46,0,50
LA200470,Telangana,Warangal,Highway,Major Infrastructure,Critical,80.38,45,20,9,25,82.4,17.6,Award,19,1,0,0,2,1,0,0,0,4,0,159,31,0.316,53.8,34.7,0.88,0.91,2,138.31,1,66
LA200955,Telangana,Hyderabad,Highway,Major Infrastructure,High,83.36,22,12,1,15,53.2,46.8,Compensation,45,1,0,0,5,1,0,2,2,1,0,143,7,0.561,74.6,25.9,1.16,0.93,4,152.75,1,53
LA202977,Odisha,Cuttack,Highway,Major Infrastructure,Critical,38.62,21,13,6,15,69.8,30.2,Compensation,40,1,0,0,2,1,0,2,2,1,0,138,4,0.38,57.9,26.4,0.98,0.86,3,89.26,1,51
LA200640,Telangana,Rangareddy,Railway,Major Infrastructure,Normal,212.79,31,12,4,27,94.1,5.9,Survey,32,0,0,0,3,0,0,1,0,2,0,119,14,0.166,36.3,35.7,0.91,0.37,5,867.4,1,44
LA202779,Telangana,Warangal,Highway,Major Infrastructure,High,77.18,31,22,7,14,58.6,41.4,Compensation,38,1,0,0,2,0,0,2,0,2,0,189,11,0.067,27.3,40.4,1.09,0.6,4,263.84,0,51
LA201219,Karnataka,Dharwad,Railway,Major Infrastructure,Normal,262.41,23,11,12,19,49.2,50.8,Approval,10,1,1,0,1,0,0,1,0,2,1,92,3,0.704,74.4,31,1.03,0.33,1,416.75,0,73
LA201159,Odisha,Khordha,Highway,Major Infrastructure,Normal,97.04,37,28,3,17,77.3,22.7,Ownership Verification,48,1,1,0,3,0,0,2,0,1,0,124,18,0.504,70.9,53.9,1.18,0.7,5,154.81,1,54
LA201416,Odisha,Ganjam,Highway,Major Infrastructure,High,78.33,23,13,11,18,42.4,57.6,Award,79,1,0,0,3,1,0,2,0,2,0,140,16,0.597,84.8,59.7,1.08,0.66,0,159.52,1,77
LA202714,Telangana,Hyderabad,Public Infrastructure,Development Project,Normal,20.31,34,26,9,17,60.9,39.1,Compensation,43,1,0,0,3,0,0,2,1,4,1,121,7,0.35,55.6,24,1.11,0.57,4,113.56,0,72
LA201528,Telangana,Rangareddy,Highway,Major Infrastructure,Critical,132.17,35,19,3,25,89.7,10.3,Approval,57,1,0,0,3,1,1,2,1,2,0,208,15,0.212,47.9,65.7,0.91,0.76,4,142.39,1,63
LA202922,Telangana,Rangareddy,Industrial,Development Project,High,170.01,32,16,7,30,90,10,Survey,23,1,0,0,2,0,0,0,0,0,1,113,4,0.235,32.1,42.3,0.94,0.87,2,287.15,1,28
LA201301,Odisha,Khordha,Irrigation,Major Infrastructure,Critical,79.55,26,18,7,15,75.2,24.8,Award,20,0,0,0,3,0,0,1,0,0,0,116,17,0.601,89.8,53.9,0.95,0.54,8,213.71,1,47
LA202867,Andhra Pradesh,Krishna,Public Infrastructure,Development Project,Critical,63.25,31,20,4,8,35.9,64.1,Ownership Verification,17,1,1,0,0,1,1,2,1,1,0,134,9,0.567,95,42.6,0.93,0.65,8,64.66,1,83
LA201604,Odisha,Cuttack,Highway,Major Infrastructure,Normal,42.9,37,24,11,24,76.2,23.8,Objection,52,0,1,0,3,0,0,1,1,2,0,287,27,0.562,78.3,,0.93,0.82,6,196.14,1,84
LA200161,Karnataka,Dharwad,Public Infrastructure,Development Project,Normal,99.78,23,9,12,15,89.5,10.5,Survey,35,1,0,0,2,0,0,1,0,1,0,107,13,0.411,53.1,69.7,0.95,0.86,5,323.79,1,42
LA201705,Telangana,Hyderabad,Public Infrastructure,Development Project,Normal,75.08,32,15,5,26,75.6,24.4,Possession,96,1,0,0,3,0,0,0,0,1,0,258,17,0.352,61,29.7,1.06,0.61,6,144.12,1,66
LA200957,Karnataka,Bengaluru Rural,Irrigation,Major Infrastructure,Normal,95.46,21,11,10,11,47.4,52.6,Approval,7,1,1,0,1,0,0,4,2,2,0,69,14,0.581,76.7,58.2,0.89,0.65,4,161.74,1,67
LA202916,Odisha,Khordha,Highway,Major Infrastructure,Critical,52.93,36,15,1,25,99.5,0.5,Notification,77,1,0,0,1,1,0,0,0,1,1,128,8,0.323,48.6,48.4,0.98,0.49,4,160.7,1,79
LA200878,Andhra Pradesh,Visakhapatnam,Railway,Major Infrastructure,Normal,82.34,29,17,2,19,69.8,30.2,Notification,78,0,0,1,3,0,1,5,3,3,0,192,3,0.292,62,34.9,1.13,0.58,2,327.56,1,83
LA201920,Andhra Pradesh,Visakhapatnam,Public Infrastructure,Development Project,High,53.56,26,17,2,21,61.4,38.6,Notification,28,1,0,1,4,0,0,4,2,3,0,155,11,0.147,32.1,25.6,1.07,0.43,3,162.19,1,66
LA201885,Telangana,Medchal-Malkajgiri,Public Infrastructure,Development Project,Normal,139.89,30,17,3,16,76.3,23.7,Notification,23,1,1,1,1,1,0,1,1,2,0,156,2,0.287,50,28.6,0.96,0.51,5,297.7,1,70
LA202201,Karnataka,Tumakuru,Highway,Major Infrastructure,Normal,49.47,30,21,4,24,79.2,20.8,Survey,15,1,0,0,2,0,1,2,2,1,0,106,12,0.157,32.8,64.2,1.13,0.67,0,44.08,0,44
LA200099,Maharashtra,Nagpur,Irrigation,Major Infrastructure,Normal,19.91,23,16,4,20,34.2,65.8,Ownership Verification,1,0,0,1,1,0,0,1,0,3,0,126,2,0.362,66.4,39.3,0.95,0.64,5,90.76,1,53
LA202828,Andhra Pradesh,Visakhapatnam,Industrial,Development Project,Normal,77.06,15,7,6,12,40.9,59.1,Award,16,1,0,0,3,1,0,3,0,2,0,80,19,0.594,85.3,34.3,1.15,0.66,3,378.25,1,69
LA202558,Telangana,Warangal,Public Infrastructure,Development Project,Normal,67.24,39,20,1,23,48.2,51.8,Notification,29,1,1,0,4,1,0,1,1,2,0,187,29,0.458,72.1,41.4,0.98,0.57,6,316.08,1,68
LA200254,Odisha,Cuttack,Irrigation,Major Infrastructure,Normal,72.03,36,19,6,20,50.6,49.4,Compensation,17,1,1,0,1,0,0,2,1,3,0,154,13,0.243,51.1,23.9,1.09,0.67,2,206.18,1,50
LA200104,Telangana,Nalgonda,Industrial,Development Project,Critical,133.63,25,17,1,12,36.4,63.6,Notification,44,1,0,1,1,1,1,3,0,1,0,145,11,0.585,76.3,59.9,0.89,0.57,2,387.13,0,70
LA201446,Telangana,Nalgonda,Highway,Major Infrastructure,Critical,71.59,27,21,8,9,67.5,32.5,Objection,37,0,0,0,2,1,0,4,0,4,0,154,6,0.516,59.5,40.2,1.13,0.91,4,181.61,0,62
LA201444,Telangana,Nalgonda,Highway,Major Infrastructure,High,75.17,37,27,6,30,61.5,38.5,Objection,23,1,1,0,2,0,0,3,1,1,0,200,21,0.075,31.2,30.2,1.03,0.68,2,149.84,1,54
LA201649,Andhra Pradesh,Krishna,Irrigation,Major Infrastructure,High,164.64,26,19,1,18,34.5,65.5,Ownership Verification,25,0,1,0,1,1,1,4,3,1,0,141,14,0.627,76.1,42.8,0.94,0.66,4,794.55,1,95
LA200587,Maharashtra,Nagpur,Highway,Major Infrastructure,High,58.69,41,25,5,31,90.3,9.7,Ownership Verification,15,1,0,0,0,0,0,2,0,1,0,156,24,0.51,62.2,31.7,0.93,0.68,6,151.89,1,50
LA200628,Karnataka,Mysuru,Highway,Major Infrastructure,Critical,74.17,,14,7,15,66.3,33.7,Compensation,35,1,0,0,2,1,0,0,0,2,0,171,55,0.404,77.5,52.3,0.98,0.78,2,126.61,1,92
LA201697,Telangana,Rangareddy,Highway,Major Infrastructure,High,40.68,34,18,2,24,56.3,43.7,Possession,44,0,0,0,2,0,1,5,1,2,0,179,7,0.371,42.7,31.5,1.06,0.64,2,102.73,1,63
LA202102,Odisha,Cuttack,Public Infrastructure,Development Project,High,115.48,39,29,5,16,49.7,50.3,Award,49,1,1,0,5,0,0,2,1,0,0,157,3,0.507,67.7,73.8,1.09,0.43,9,174.74,1,60
LA202200,Telangana,Medchal-Malkajgiri,Highway,Major Infrastructure,High,144.48,32,24,4,25,31.1,68.9,Approval,19,0,0,0,2,1,1,2,0,1,0,129,9,0.411,75,23.5,1.11,0.39,4,574.35,1,66
LA200404,Karnataka,Bengaluru Rural,Highway,Major Infrastructure,Critical,107.16,31,16,8,13,66.6,33.4,Possession,,1,0,0,2,0,0,5,3,3,0,127,5,0.594,70.7,28.6,0.93,0.52,2,234.16,1,68
LA201155,Telangana,Rangareddy,Highway,Major Infrastructure,High,148.77,24,16,12,14,73.6,26.4,Compensation,64,0,0,0,1,1,0,2,1,3,0,144,12,0.41,67.4,17.5,0.98,0.6,5,570.07,1,68
LA202256,Andhra Pradesh,Krishna,Highway,Major Infrastructure,Normal,61.63,38,29,11,20,92.7,7.3,Compensation,24,1,0,0,4,0,0,0,0,3,0,137,8,0.53,82.2,100.7,1.14,0.8,2,245.56,1,44
LA201683,Odisha,Ganjam,Irrigation,Major Infrastructure,High,45.04,,21,7,13,68.5,31.5,Objection,12,1,1,0,3,0,0,1,1,4,1,112,15,0.573,79.2,28.1,0.88,0.18,6,123.18,0,87
LA202057,Andhra Pradesh,NTR,Railway,Major Infrastructure,Normal,29.85,30,11,5,18,82.4,17.6,Award,22,1,0,0,6,1,0,2,1,1,0,155,9,0.398,73.1,36,1.16,0.46,6,35.29,0,73
LA202845,Karnataka,Bengaluru Rural,Public Infrastructure,Development Project,Critical,17.4,30,13,3,11,66.2,33.8,Approval,6,1,0,0,3,0,1,3,3,4,0,114,19,0.675,86.2,54.3,0.9,0.78,3,35.47,1,84
LA200453,Maharashtra,Aurangabad,Irrigation,Major Infrastructure,Normal,63.77,35,15,6,23,63.9,36.1,Award,22,1,0,1,3,0,0,,2,0,0,182,7,0.941,110.2,59.5,0.97,0.2,3,262.63,1,50
LA202302,Andhra Pradesh,Tirupati,Public Infrastructure,Development Project,Normal,27.02,29,11,10,18,70.7,29.3,Approval,62,1,0,0,2,0,0,2,0,2,0,221,4,0.345,53.9,41.9,1.09,0.7,8,99.86,1,51
LA201328,Maharashtra,Pune,Railway,Major Infrastructure,Normal,13.53,35,19,9,14,33,67,Compensation,18,1,0,0,1,1,0,1,0,0,0,103,18,0.682,88.8,40,1.02,0.94,5,37.27,1,56
LA202050,Maharashtra,Pune,Industrial,Development Project,Normal,50.26,30,13,8,13,46.4,53.6,Objection,26,1,1,0,0,0,0,0,0,3,0,134,38,0.66,86,60.8,0.97,0.81,3,46.96,1,82
LA200881,Maharashtra,Kolhapur,Public Infrastructure,Development Project,Normal,298.33,26,19,7,19,86.5,13.5,Compensation,31,1,1,0,3,0,0,3,2,2,0,161,6,0.268,37,102.7,1.12,0.85,6,650.88,1,61
LA202919,Andhra Pradesh,Tirupati,Public Infrastructure,Development Project,Normal,77.13,27,18,2,13,39.2,60.8,Objection,11,0,1,0,2,1,0,1,0,1,0,118,6,0.228,56.8,13.3,1.02,0.34,1,273.82,1,51
LA200624,Telangana,Hyderabad,Industrial,Development Project,Normal,56.86,34,21,10,27,61.8,38.2,Survey,21,0,0,0,2,0,0,1,0,2,0,187,7,0.352,62.3,75.7,1.09,0.66,2,137.82,0,33
LA202394,Maharashtra,Nashik,Highway,Major Infrastructure,High,151.8,31,17,6,16,48.9,51.1,Approval,5,1,1,0,3,0,1,4,1,2,0,77,6,0.381,44.9,45.1,1.01,0.57,3,625.76,1,63
LA202773,Andhra Pradesh,Visakhapatnam,Irrigation,Major Infrastructure,Normal,121.51,35,20,7,22,47.8,52.2,Notification,12,1,0,1,1,0,1,4,3,2,0,86,7,0.594,88,51.5,1.17,0.77,3,303.31,1,57
LA201788,Karnataka,Bengaluru Rural,Railway,Major Infrastructure,Normal,86.87,33,16,4,23,38.5,61.5,Ownership Verification,13,1,1,0,0,0,1,0,0,1,1,113,7,0.32,44.5,90.2,1,0.57,4,197.15,1,60
LA200263,Andhra Pradesh,Tirupati,Public Infrastructure,Development Project,High,204.53,19,7,2,11,37.7,62.3,Possession,,1,0,0,4,0,0,1,0,3,0,131,23,0.625,87.5,41.5,0.92,0.93,5,1057.54,1,58
LA201635,Maharashtra,Nagpur,Public Infrastructure,Development Project,Normal,40.42,33,23,11,28,38.3,61.7,Approval,60,0,0,0,3,0,1,2,1,3,0,165,9,0.175,34.3,20,1.06,0.62,3,102.27,1,67
LA201439,Odisha,Sambalpur,Public Infrastructure,Development Project,Normal,138.23,36,14,1,28,30.6,69.4,Approval,,1,0,0,1,1,1,2,1,6,0,237,57,0.131,41.5,11.9,1.03,0.62,6,333.29,1,129
LA202199,Maharashtra,Kolhapur,Public Infrastructure,Development Project,Normal,30.4,31,21,7,28,85.7,14.3,Survey,22,1,1,0,1,1,0,3,2,4,0,128,27,0.228,38,19.1,1.03,0.25,3,,1,94
LA201970,Karnataka,Bengaluru Rural,Industrial,Development Project,High,69.21,35,23,11,39,80.4,19.6,Survey,22,1,0,0,2,0,0,5,1,2,0,121,8,0.293,55.9,,1.06,0.43,2,154.26,1,42
LA202521,Odisha,Ganjam,Industrial,Development Project,Critical,28.42,23,12,2,28,39.2,60.8,Award,32,1,0,0,2,0,0,0,0,2,0,122,11,0.208,39,94.7,1,0.67,9,63.27,1,45
LA201803,Andhra Pradesh,Visakhapatnam,Industrial,Development Project,Critical,117.22,34,18,4,20,48,52,Possession,25,1,1,0,1,0,0,5,1,2,0,148,14,0.235,51.3,35.7,1.17,0.45,8,433.28,1,60
LA200641,Karnataka,Tumakuru,Highway,Major Infrastructure,High,38.82,19,12,1,11,91.6,8.4,Ownership Verification,27,1,1,0,3,0,1,2,1,2,0,174,19,0.658,91.5,55.7,1.09,0.64,3,180.97,1,76
LA202386,Telangana,Hyderabad,Public Infrastructure,Development Project,Normal,63.03,22,14,6,17,77.1,22.9,Objection,34,1,0,0,2,0,1,1,0,4,0,212,17,0.305,40.8,37.1,1.06,0.69,2,88.45,0,56
LA202599,Telangana,Nalgonda,Public Infrastructure,Development Project,High,67.37,27,19,12,17,77.4,22.6,Ownership Verification,22,0,1,0,4,0,1,1,1,4,0,173,13,0.19,38.9,37.9,0.99,0.73,5,128.41,1,80
LA202831,Karnataka,Dharwad,Public Infrastructure,Development Project,Normal,85.82,39,27,2,19,80.4,19.6,Objection,34,1,0,0,5,0,0,1,1,2,0,140,11,0.461,53.6,76.3,1.1,0.78,3,476.06,0,52
LA201960,Telangana,Rangareddy,Highway,Major Infrastructure,Normal,68.71,24,9,10,19,80.1,19.9,Approval,14,1,0,0,3,0,1,1,1,9,1,125,9,0.338,45.1,,0.97,0.74,1,219.97,1,104
LA200489,Maharashtra,Kolhapur,Industrial,Development Project,Normal,28.95,33,17,9,23,49.5,50.5,Award,42,1,0,0,5,0,0,3,3,1,0,148,22,0.31,47.2,44.2,0.95,0.65,2,62.72,1,57
LA201844,Telangana,Medchal-Malkajgiri,Industrial,Development Project,High,99.46,36,15,9,21,59.1,40.9,Survey,26,1,0,0,2,1,0,5,1,2,1,165,35,0.188,38.3,19.1,0.95,0.49,5,446.65,1,87
LA201735,Andhra Pradesh,Visakhapatnam,Irrigation,Major Infrastructure,High,78.86,25,11,8,9,92.9,7.1,Approval,47,1,1,0,3,0,1,1,1,2,0,142,12,0.539,66.5,66.5,0.98,0.55,6,279.7,1,71
LA200147,Telangana,Medchal-Malkajgiri,Irrigation,Major Infrastructure,High,57.03,31,16,5,19,40.2,59.8,Objection,19,1,0,0,1,0,0,1,1,1,0,93,15,0.32,56.8,48,0.89,0.47,4,131,1,36
LA201535,Telangana,Rangareddy,Railway,Major Infrastructure,High,128.79,29,21,12,15,42.2,57.8,Possession,82,1,0,0,5,1,0,4,2,1,0,171,11,0.527,79.7,55.2,1.1,0.62,1,659.68,1,95
LA201987,Odisha,Sambalpur,Highway,Major Infrastructure,High,77.06,24,18,7,16,31.9,68.1,Compensation,26,1,0,0,1,1,0,1,0,5,0,144,12,0.663,99.2,67.1,0.88,0.48,3,243.31,1,81
LA201370,Karnataka,Belagavi,Highway,Major Infrastructure,Normal,33.37,29,20,7,20,63,37,Compensation,64,1,0,1,2,1,1,0,0,3,0,220,46,0.685,93.2,95.3,0.9,0.27,7,,1,117
LA202451,Maharashtra,Nashik,Public Infrastructure,Development Project,High,117.12,29,17,1,22,56.8,43.2,Award,39,1,0,0,3,0,0,3,3,2,0,110,14,0.76,87.3,52,1.11,0.57,4,557.03,1,69
LA202937,Karnataka,Tumakuru,Industrial,Development Project,Normal,157.4,24,12,6,10,59.7,40.3,Compensation,19,1,0,0,1,1,0,1,0,2,0,89,2,0.394,62.6,26.7,1.06,0.7,3,177.44,0,47
LA200660,Telangana,Nalgonda,Public Infrastructure,Development Project,Normal,76.75,28,11,4,19,60.1,39.9,Compensation,30,1,1,0,2,0,0,1,0,0,0,136,11,0.44,77.3,25.6,1.03,0.45,7,213.66,1,50
LA201795,Karnataka,Tumakuru,Public Infrastructure,Development Project,Normal,28.34,28,20,8,17,35.8,64.2,Approval,26,1,0,0,1,0,1,3,1,1,0,96,3,0.31,53.6,35.7,1.01,0.87,4,141.09,0,50
LA202512,Karnataka,Belagavi,Public Infrastructure,Development Project,Normal,49.86,22,13,12,11,61.5,38.5,Compensation,21,1,0,1,1,1,0,1,1,2,0,211,11,0.614,79.4,36.6,1.06,0.86,3,98.05,1,66
LA200187,Telangana,Rangareddy,Highway,Major Infrastructure,High,38.7,28,14,8,24,44.5,55.5,Survey,14,1,0,0,3,0,1,1,0,1,0,107,1,0.567,88.4,74.5,0.96,0.58,5,171.94,1,48
LA201148,Andhra Pradesh,NTR,Railway,Major Infrastructure,Normal,29.96,24,10,1,15,60.5,39.5,Objection,40,1,1,0,1,0,0,4,1,1,0,118,12,0.554,70.3,45.7,1.07,0.83,6,32.68,1,61
LA200609,Karnataka,Dharwad,Railway,Major Infrastructure,High,28.16,28,20,10,17,80.5,19.5,Ownership Verification,64,0,1,0,2,0,1,3,2,0,0,190,12,0.582,70.1,32.3,1.09,0.82,6,52.65,1,92
LA202192,Odisha,Sambalpur,Public Infrastructure,Development Project,Normal,195.86,33,12,8,23,98.2,1.8,Award,44,1,1,0,1,0,0,1,0,0,0,154,6,0.316,50.9,35.4,0.94,0.73,4,706.13,0,56
LA201931,Andhra Pradesh,NTR,Highway,Major Infrastructure,Normal,50.51,33,23,4,19,94,6,Compensation,30,1,0,0,3,0,1,4,2,1,0,99,3,0.507,71.5,67.2,1.17,0.75,6,207.73,1,64
LA200198,Telangana,Nalgonda,Public Infrastructure,Development Project,Normal,41.01,31,20,8,22,71.1,28.9,Objection,48,1,0,0,1,0,0,0,0,1,0,103,5,0.446,62.7,31.5,0.99,0.37,5,,1,50
LA202328,Karnataka,Bengaluru Rural,Industrial,Development Project,High,37.52,42,20,3,26,46.6,53.4,Compensation,14,1,0,0,7,1,0,3,2,0,0,76,5,0.372,53.7,114.2,1.05,0.41,2,127.47,1,41
LA200294,Maharashtra,Aurangabad,Highway,Major Infrastructure,Normal,49.47,27,12,5,14,39.5,60.5,Ownership Verification,8,1,1,0,2,0,0,1,1,1,0,104,0,0.664,82.4,59.7,1.16,0.56,3,230.33,0,43
LA200767,Maharashtra,Pune,Public Infrastructure,Development Project,Normal,76.26,42,19,12,22,52.5,47.5,Survey,31,0,1,0,5,0,0,0,0,1,0,180,4,0.486,74,38.7,1.07,0.86,2,224.76,1,57
LA200401,Karnataka,Tumakuru,Railway,Major Infrastructure,Normal,27.46,26,16,7,15,58.5,41.5,Notification,25,1,0,1,3,1,0,2,1,6,1,151,1,0.265,46.3,35.7,1,0.3,3,22.78,1,92
LA200123,Maharashtra,Pune,Industrial,Development Project,High,112.48,27,16,3,14,82.9,17.1,Ownership Verification,22,1,1,1,4,0,0,1,0,3,0,171,32,0.812,108.1,91.2,1.15,0.66,3,467.51,1,94
LA200203,Andhra Pradesh,Tirupati,Irrigation,Major Infrastructure,Critical,56.11,30,15,1,23,75.9,24.1,Compensation,31,1,0,1,1,0,0,0,0,1,0,115,14,0.57,84.6,51.4,1.09,0.25,3,149.19,1,51
LA200836,Karnataka,Belagavi,Industrial,Development Project,Normal,26.95,24,9,5,14,72.7,27.3,Approval,56,1,1,0,1,1,1,3,0,3,0,168,5,0.305,57.8,23.5,1.12,0.74,3,135.5,1,90
LA202295,Andhra Pradesh,Guntur,Railway,Major Infrastructure,High,82.52,31,18,10,23,49.7,50.3,Survey,15,1,0,0,4,0,0,3,0,1,0,147,12,0.493,78.9,24.4,1.08,0.43,7,157.09,1,43
LA201440,Andhra Pradesh,Tirupati,Irrigation,Major Infrastructure,Normal,72.24,39,16,9,15,62.6,37.4,Ownership Verification,48,1,1,0,3,0,0,5,1,0,0,172,2,0.29,43.3,20.6,1.14,0.87,9,176.3,1,68
LA201734,Telangana,Medchal-Malkajgiri,Irrigation,Major Infrastructure,Normal,68.14,22,11,6,10,70.3,29.7,Compensation,27,1,0,1,2,1,0,3,1,3,0,119,3,0.764,106.5,41.9,0.88,0.59,3,76.47,1,70
LA201696,Telangana,Hyderabad,Industrial,Development Project,Normal,17.36,30,22,1,23,67.7,32.3,Award,40,1,1,0,3,1,0,3,1,3,0,156,49,0.443,64.5,56.8,0.94,0.61,2,13.98,1,125
LA202929,Karnataka,Mysuru,Industrial,Development Project,Normal,30.88,23,11,1,14,59.7,40.3,Ownership Verification,84,1,1,0,1,1,1,0,0,3,0,294,23,0.817,94.7,44.2,1.08,0.5,3,64.49,0,111
LA201708,Karnataka,Mysuru,Railway,Major Infrastructure,High,144.61,35,20,8,23,54.3,45.7,Ownership Verification,17,1,1,0,5,1,1,0,0,2,0,231,2,0.332,56,41.7,1.13,0.74,6,381.35,1,66
LA202914,Odisha,Khordha,Highway,Major Infrastructure,High,12.02,28,19,8,16,73,27,Ownership Verification,57,1,1,0,0,0,0,0,0,2,1,184,24,0.6,87.7,29.8,1.03,0.39,4,54.24,1,90
LA201154,Odisha,Puri,Highway,Major Infrastructure,High,192.35,31,15,4,19,53.4,46.6,Award,43,1,1,0,1,0,0,1,1,0,0,136,13,0.585,79.4,23.8,0.89,0.73,3,595.78,1,61
LA201662,Andhra Pradesh,NTR,Industrial,Development Project,High,18.81,30,11,10,17,97.9,2.1,Compensation,26,1,0,0,1,1,0,1,0,0,0,151,19,0.232,35.5,,1.06,0.75,3,21.99,0,46
LA202433,Telangana,Hyderabad,Industrial,Development Project,High,10.65,24,11,3,16,80.1,19.9,Ownership Verification,11,1,1,0,2,0,0,1,1,0,0,108,12,0.691,100.8,,1.13,0.41,6,46.98,1,40
LA201760,Telangana,Hyderabad,Industrial,Development Project,Normal,44,26,13,3,19,52.2,47.8,Compensation,22,1,0,0,3,1,0,3,0,1,0,204,10,0.649,93.9,26.1,1.09,0.73,1,186.87,1,51
LA200855,Karnataka,Dharwad,Railway,Major Infrastructure,Normal,75.4,25,15,1,26,81.8,18.2,Award,28,1,0,1,3,1,1,3,0,1,0,84,5,0.353,46.4,21.6,1.16,0.62,2,264.85,1,72
LA201590,Telangana,Warangal,Railway,Major Infrastructure,Normal,93.19,22,8,3,16,35.2,64.8,Possession,24,1,0,0,3,1,0,4,2,1,0,150,11,0.28,46.9,46.9,0.99,0.85,3,392.75,1,61
LA202268,Maharashtra,Nagpur,Industrial,Development Project,Normal,59.42,40,14,3,31,57,43,Compensation,15,1,1,0,0,1,0,4,1,2,0,126,11,0.434,60.7,20.7,1.12,0.7,3,53.39,0,63
LA200642,Maharashtra,Pune,Public Infrastructure,Development Project,High,48.72,21,11,9,17,78,22,Notification,55,1,0,1,2,0,0,0,0,1,0,201,3,0.444,61.3,28,1.02,0.73,5,111.46,1,42
LA200002,Telangana,Hyderabad,Public Infrastructure,Development Project,Normal,49.53,30,18,3,20,35.8,64.2,Notification,56,0,0,0,2,0,0,2,0,3,0,179,9,0.648,88,29.1,1.1,0.88,3,194.25,0,65
LA202161,Maharashtra,Nagpur,Highway,Major Infrastructure,Normal,165.07,31,22,12,23,88.9,11.1,Survey,1,1,1,0,4,0,0,0,0,0,0,156,8,0.519,73.5,37.9,1.07,0.53,4,231.92,0,37
LA200699,Maharashtra,Nagpur,Railway,Major Infrastructure,Normal,49.35,25,18,10,14,89.5,10.5,Possession,39,1,1,0,4,0,0,3,1,1,0,183,19,0.241,40.6,12.7,1.02,0.49,3,209.14,1,67
LA201637,Maharashtra,Aurangabad,Highway,Major Infrastructure,Critical,38.48,20,11,6,17,59.2,40.8,Possession,25,1,1,0,2,0,0,4,2,3,0,111,10,0.371,61.7,38.8,0.91,0.79,2,72.3,1,77
LA201292,Maharashtra,Kolhapur,Highway,Major Infrastructure,Normal,76.03,28,16,10,12,62.8,37.2,Objection,24,1,0,0,1,0,0,1,1,0,0,136,2,0.631,82.9,26.4,1.02,0.45,4,234.44,1,34
LA202857,Odisha,Cuttack,Railway,Major Infrastructure,High,18.7,33,22,3,22,90.2,9.8,Compensation,14,1,0,0,1,1,0,0,0,3,0,137,4,0.431,60.1,41.3,1.16,0.58,8,34.83,1,59
LA202490,Telangana,Hyderabad,Railway,Major Infrastructure,Critical,,19,13,7,11,30.3,69.7,Ownership Verification,8,1,0,0,2,0,1,4,1,0,0,98,1,0.746,98.1,52.5,1.02,0.62,1,195.31,1,59
LA201521,Odisha,Sambalpur,Highway,Major Infrastructure,High,71.53,27,18,12,17,48.5,51.5,Approval,37,1,1,1,6,1,0,2,0,2,0,124,1,0.254,47.9,17.5,1.18,0.8,2,61.23,1,75
LA201854,Andhra Pradesh,NTR,Public Infrastructure,Development Project,High,270.8,19,14,10,10,80,20,Compensation,21,1,0,0,3,1,1,4,1,4,1,104,27,0.309,51.3,35.5,1.14,0.93,2,523.85,1,108
LA201137,Andhra Pradesh,Guntur,Irrigation,Major Infrastructure,Normal,113.07,33,24,6,25,30.2,69.8,Compensation,28,1,0,0,3,0,0,5,4,0,1,125,4,0.595,82.9,30.6,1.14,0.68,2,152.66,1,73
LA202899,Maharashtra,Nagpur,Public Infrastructure,Development Project,Normal,40.67,35,26,4,24,67.8,32.2,Approval,45,1,0,0,4,1,1,2,1,1,0,129,1,0.553,74.6,35.5,0.98,0.98,2,110.31,1,71
LA201632,Odisha,Khordha,Highway,Major Infrastructure,Critical,44.29,27,21,3,14,44.9,55.1,Award,68,1,1,0,4,0,0,1,1,1,0,189,12,0.361,68.5,64.3,0.95,0.85,4,180.21,1,55
LA201999,Maharashtra,Aurangabad,Highway,Major Infrastructure,Normal,81.82,31,19,9,11,58.2,41.8,Possession,86,1,0,0,1,0,0,0,0,1,0,204,15,0.552,73.3,117.9,1.03,0.86,8,266.76,0,64
LA200664,Maharashtra,Aurangabad,Public Infrastructure,Development Project,High,32.05,33,12,12,18,79.7,20.3,Possession,58,1,0,0,2,0,1,3,1,2,0,176,6,0.224,59.1,30,1.01,0.61,4,58.04,1,56
LA200684,Karnataka,Dharwad,Highway,Major Infrastructure,Normal,103.22,27,14,9,15,74,26,Objection,45,1,0,1,4,1,0,1,0,3,1,159,6,0.327,71.4,24.8,1.1,0.66,6,80.99,1,90
LA201258,Karnataka,Dharwad,Irrigation,Major Infrastructure,High,38.28,32,24,8,14,82.6,17.4,Compensation,34,0,0,0,2,1,0,1,0,0,1,99,5,0.532,75.8,23.2,0.89,0.7,6,74.93,1,69
LA200318,Telangana,Hyderabad,Highway,Major Infrastructure,High,188.62,27,17,8,13,42.3,57.7,Notification,71,1,0,1,2,0,0,3,3,2,0,174,8,0.495,53.8,53.7,0.99,0.79,6,898.01,1,74
LA200649,Andhra Pradesh,NTR,Highway,Major Infrastructure,Normal,204.3,33,24,11,26,39.4,60.6,Possession,25,1,0,1,3,0,0,1,1,1,0,163,13,0.671,91,68.2,1.14,0.56,6,724.91,1,55
LA201435,Karnataka,Mysuru,Railway,Major Infrastructure,Normal,115.52,35,12,3,27,48.7,51.3,Survey,49,1,0,0,1,0,0,1,0,0,0,141,18,0.462,78.5,65.2,1.02,0.36,1,515.47,0,48
LA201480,Telangana,Medchal-Malkajgiri,Highway,Major Infrastructure,High,22.22,27,21,4,19,72.4,27.6,Approval,12,1,0,0,2,1,1,3,2,0,0,93,17,0.259,39.4,12.9,1.03,0.66,5,66.42,1,61
LA200710,Odisha,Cuttack,Highway,Major Infrastructure,Normal,28.69,28,16,3,15,92.7,7.3,Award,24,1,0,1,1,1,0,2,0,5,1,124,6,0.177,38.6,28.5,0.89,0.16,0,44.08,1,80
LA201283,Maharashtra,Kolhapur,Irrigation,Major Infrastructure,High,76.59,33,17,1,16,79.3,20.7,Ownership Verification,5,1,0,0,5,0,1,3,1,1,0,82,30,0.333,62.2,49,0.91,0.54,6,124.74,1,57
LA201769,Karnataka,Bengaluru Rural,Public Infrastructure,Development Project,Normal,157.52,31,14,2,16,92.2,7.8,Survey,12,0,0,0,2,0,0,3,2,3,0,90,7,0.293,48,48.6,0.91,0.69,3,228.46,1,40
LA200973,Karnataka,Belagavi,Irrigation,Major Infrastructure,High,73.3,34,18,5,27,48,52,Ownership Verification,30,1,1,1,5,0,0,0,0,3,0,108,5,0.522,74.2,39.3,1.1,0.71,6,136.52,1,62
LA202676,Odisha,Khordha,Public Infrastructure,Development Project,Critical,53.08,,22,10,21,96.8,3.2,Notification,36,0,0,0,1,1,0,2,0,0,0,129,7,0.451,58.2,26.1,1.13,0.65,3,219.88,1,47
LA202681,Maharashtra,Aurangabad,Railway,Major Infrastructure,High,57.45,21,10,10,12,90.5,9.5,Possession,60,1,0,0,1,0,0,3,2,1,0,157,10,0.104,26.6,37.4,1.05,0.59,6,126.26,0,50
LA201307,Telangana,Rangareddy,Highway,Major Infrastructure,High,45.76,,17,3,22,34.1,65.9,Compensation,20,0,1,0,3,1,0,1,0,3,0,143,10,0.389,67.8,33.4,1.14,0.52,4,166.18,1,67
LA201401,Odisha,Sambalpur,Railway,Major Infrastructure,Normal,168.65,24,18,8,15,45.6,54.4,Objection,18,1,1,1,0,0,0,0,0,2,0,98,30,0.292,38.6,12.3,1.08,0.36,3,768.12,1,76
LA201409,Maharashtra,Aurangabad,Irrigation,Major Infrastructure,High,68.75,31,12,12,26,88.1,11.9,Compensation,48,1,0,0,3,1,0,4,2,3,0,228,11,0.508,84.4,34.8,0.94,0.65,7,92.21,1,79
LA202238,Odisha,Ganjam,Highway,Major Infrastructure,Normal,161.6,34,23,5,21,81.6,18.4,Possession,96,0,0,0,3,0,1,1,0,3,0,250,22,0.315,47.1,32.1,1.07,0.63,3,352.39,1,81
LA201497,Odisha,Puri,Highway,Major Infrastructure,High,184.34,30,18,1,29,57.9,42.1,Approval,58,0,1,1,5,0,0,1,1,4,0,201,4,0.36,48.5,19.7,1.15,0.58,3,762.19,1,65
LA202039,Odisha,Sambalpur,Public Infrastructure,Development Project,Normal,85.96,30,13,8,27,47.3,52.7,Approval,55,0,1,0,3,1,0,1,0,0,1,209,5,0.443,54,60.5,1.09,0.59,4,90.35,1,80
LA201530,Odisha,Sambalpur,Highway,Major Infrastructure,Normal,55.23,24,11,3,16,85.2,14.8,Ownership Verification,25,1,0,1,1,0,0,1,0,1,0,119,18,0.219,33.1,20.3,1.05,0.65,7,83.54,1,51
LA201664,Maharashtra,Nashik,Irrigation,Major Infrastructure,Normal,46.64,31,19,6,17,44.9,55.1,Ownership Verification,28,1,1,1,1,0,0,3,1,3,0,76,6,0.373,64.2,28.1,0.97,0.72,4,63.47,1,71
LA201355,Maharashtra,Aurangabad,Highway,Major Infrastructure,Normal,154.95,32,15,8,25,58.7,41.3,Survey,27,1,0,0,1,0,0,2,1,0,0,195,15,0.447,68.6,28,1.05,0.57,1,689.38,1,41
LA202925,Karnataka,Bengaluru Rural,Railway,Major Infrastructure,Normal,50.74,19,11,7,15,85.5,14.5,Ownership Verification,38,1,1,0,2,0,0,2,0,5,0,121,9,0.631,91.5,36.8,0.88,0.58,4,99.44,1,76
LA202945,Andhra Pradesh,Guntur,Industrial,Development Project,Normal,23.98,25,17,9,19,80.3,19.7,Ownership Verification,33,0,1,0,3,0,0,1,0,2,0,130,31,0.375,57.4,37.9,0.99,0.4,4,110.08,1,64
LA201644,Odisha,Puri,Public Infrastructure,Development Project,High,48.46,19,12,8,10,77.6,22.4,Survey,71,1,0,0,1,0,1,1,0,1,0,163,4,0.247,34.4,61.8,1.04,0.68,1,98.27,1,51
LA201052,Maharashtra,Kolhapur,Railway,Major Infrastructure,High,,30,21,3,23,46.6,53.4,Compensation,23,1,0,0,5,1,0,0,0,3,0,159,15,0.155,35.1,49.2,0.95,0.81,0,90.98,1,48
LA200796,Maharashtra,Pune,Highway,Major Infrastructure,Critical,38.37,29,15,3,20,94,6,Objection,22,0,0,1,3,0,1,2,1,2,0,140,23,0.508,72.3,28.9,1.09,0.82,6,140.09,1,73
LA202694,Odisha,Ganjam,Irrigation,Major Infrastructure,High,26.97,30,19,10,14,37,63,Approval,21,0,1,1,2,0,0,1,0,1,0,126,5,0.473,61.9,25.3,0.93,0.78,3,117.26,1,61
LA201598,Maharashtra,Nagpur,Highway,Major Infrastructure,Normal,52.72,46,20,10,37,52.3,47.7,Compensation,5,0,0,0,3,0,0,1,1,5,0,101,29,0.141,27.1,16.1,0.96,0.51,2,194.84,1,41
LA202605,Karnataka,Tumakuru,Railway,Major Infrastructure,Critical,47.59,24,9,7,18,43.2,56.8,Compensation,19,1,0,0,2,0,1,4,3,0,0,97,5,0.521,80.6,23.9,1.08,0.33,5,78.42,0,59
LA202730,Maharashtra,Kolhapur,Public Infrastructure,Development Project,Normal,81.41,36,17,7,33,88.2,11.8,Award,7,1,0,0,1,0,0,1,0,1,0,102,16,0.566,70.8,39.5,1.1,0.72,8,101.2,0,35
LA202626,Andhra Pradesh,Guntur,Highway,Major Infrastructure,High,92.92,34,24,3,18,81.9,18.1,Notification,39,1,0,0,3,1,0,1,0,3,0,158,11,0.71,93.4,61.7,1,0.84,3,312.79,1,63
LA201820,Maharashtra,Aurangabad,Highway,Major Infrastructure,High,83.25,27,10,1,21,32,68,Ownership Verification,24,1,1,0,3,0,0,1,0,3,0,210,9,0.549,77.6,29.5,1.05,0.78,2,73.02,0,55
LA201723,Karnataka,Bengaluru Rural,Railway,Major Infrastructure,Normal,84.13,30,19,2,26,79.8,20.2,Compensation,27,0,0,0,4,1,0,2,1,1,0,137,9,0.376,52.5,41.3,0.9,0.54,2,301.71,1,56
LA201184,Andhra Pradesh,NTR,Highway,Major Infrastructure,High,73.04,24,10,8,12,63.1,36.9,Approval,10,1,0,0,2,0,1,0,0,2,0,86,14,0.523,74.1,52.9,1.16,0.93,4,261.99,1,55
LA202573,Telangana,Nalgonda,Highway,Major Infrastructure,Normal,111.87,35,20,5,36,99.1,0.9,Objection,37,0,0,0,2,0,0,1,0,2,0,117,10,0.157,38.2,17.8,1.06,0.89,4,363.13,1,49
LA201060,Maharashtra,Nashik,Highway,Major Infrastructure,High,21.34,25,13,12,18,73.7,26.3,Ownership Verification,35,1,1,0,2,1,1,1,0,2,0,83,5,0.569,78.3,51.5,1.07,0.61,1,58.91,0,77
LA200541,Andhra Pradesh,NTR,Highway,Major Infrastructure,Normal,92.76,32,21,7,16,79.1,20.9,Ownership Verification,34,0,1,0,0,0,0,0,0,2,0,172,9,0.65,87.2,60.8,1.13,0.39,4,410.19,1,62
LA201679,Maharashtra,Aurangabad,Highway,Major Infrastructure,Normal,,34,20,5,24,80.3,19.7,Ownership Verification,5,0,1,0,6,0,1,2,2,1,0,158,1,0.568,74.2,58.5,1.01,0.82,4,131.3,1,47
LA202797,Andhra Pradesh,Krishna,Public Infrastructure,Development Project,Normal,43.25,27,14,7,23,83.5,16.5,Ownership Verification,9,1,1,0,5,1,1,3,1,1,0,110,11,0.357,56.4,33.6,0.95,0.75,2,50.2,1,88
LA202956,Maharashtra,Aurangabad,Railway,Major Infrastructure,Normal,63.34,42,32,9,29,63.2,36.8,Compensation,26,1,0,1,0,1,0,2,2,1,0,108,4,0.319,59.3,14,0.9,0.69,7,307.83,1,61
LA202533,Karnataka,Mysuru,Irrigation,Major Infrastructure,Normal,80.95,32,25,5,19,70.7,29.3,Possession,20,1,0,0,2,0,0,0,0,3,0,230,9,0.406,65.5,23.1,0.97,0.62,4,285.43,1,31
LA201758,Telangana,Rangareddy,Highway,Major Infrastructure,High,128.99,27,13,3,16,69.7,30.3,Possession,45,1,0,0,2,0,0,3,1,2,0,141,14,0.488,64.3,25.1,0.98,0.69,3,465.96,1,51
LA201924,Andhra Pradesh,Krishna,Public Infrastructure,Development Project,Normal,46.98,24,13,1,20,99.3,0.7,Notification,52,1,0,0,2,0,0,4,0,4,0,134,10,0.485,66.7,58.7,0.97,0.54,3,143.87,1,69
LA200096,Maharashtra,Nashik,Railway,Major Infrastructure,High,36.91,31,21,5,25,48.3,51.7,Ownership Verification,22,1,1,0,3,1,0,1,1,1,0,117,9,0.104,48.4,14.6,0.91,0.44,2,166.9,1,43
LA201021,Karnataka,Bengaluru Rural,Public Infrastructure,Development Project,High,133.58,40,19,11,25,50.1,49.9,Award,61,1,0,0,2,0,0,1,0,2,0,141,3,0.294,52.8,13.1,0.94,0.16,4,354.3,0,42
LA200564,Telangana,Medchal-Malkajgiri,Railway,Major Infrastructure,Normal,78.92,30,22,2,15,71.8,28.2,Compensation,37,1,0,1,2,1,0,4,2,2,0,125,4,0.772,95.7,79.5,0.9,0.77,2,429.96,1,77
LA202791,Maharashtra,Aurangabad,Highway,Major Infrastructure,Normal,63.54,33,25,10,14,75.2,24.8,Award,38,1,0,0,5,1,0,0,0,1,0,132,2,0.56,81.9,51.6,0.9,0.75,7,51.38,1,62
LA200864,Andhra Pradesh,NTR,Public Infrastructure,Development Project,Normal,32.23,21,10,10,17,55.9,44.1,Approval,43,1,0,0,2,0,1,1,0,4,1,152,9,0.496,67.7,40.8,0.94,0.46,2,38.5,1,94
LA201485,Odisha,Khordha,Highway,Major Infrastructure,High,81.82,28,12,8,22,65.5,34.5,Notification,39,1,1,1,2,0,0,0,0,2,0,125,4,0.682,96.3,30.4,1.08,0.66,3,368.54,1,74
LA201882,Karnataka,Bengaluru Rural,Industrial,Development Project,Normal,49.69,23,13,2,20,89.6,10.4,Approval,99,0,0,1,3,0,1,1,1,1,0,269,13,0.184,52.1,39.6,1.14,0.52,6,162.37,1,73
LA201039,Andhra Pradesh,NTR,Highway,Major Infrastructure,Normal,155.24,34,13,7,17,74.9,25.1,Possession,19,1,0,0,3,0,0,,1,0,0,200,16,0.192,36.7,13.6,1.14,0.51,4,,0,36
LA200207,Andhra Pradesh,Krishna,Highway,Major Infrastructure,Normal,53.25,26,11,6,16,61.3,38.7,Ownership Verification,8,1,0,0,1,1,0,1,1,2,1,124,4,0.223,50.1,45.1,1.12,0.59,7,152.75,1,65
LA200393,Odisha,Puri,Highway,Major Infrastructure,High,60.36,23,13,8,10,37.6,62.4,Compensation,30,1,0,0,1,1,0,1,0,0,0,101,4,0.199,30.4,29.6,0.9,0.91,3,63.4,1,49
LA202843,Andhra Pradesh,Krishna,Highway,Major Infrastructure,Normal,214.11,32,12,6,21,38.5,61.5,Notification,33,1,0,1,1,1,0,3,1,1,0,118,4,0.271,48.6,40.2,1.01,0.92,1,750.11,1,67
LA200871,Maharashtra,Nashik,Industrial,Development Project,High,99.06,39,21,3,33,41.5,58.5,Approval,19,1,1,0,2,0,0,2,1,1,0,134,14,0.1,19.4,8.1,0.95,0.78,3,416.24,1,48
LA200398,Andhra Pradesh,Visakhapatnam,Industrial,Development Project,Normal,32.54,42,25,5,31,63.8,36.2,Notification,45,1,0,0,2,0,1,1,1,3,0,179,14,0.618,89.7,42,1.01,0.51,4,122.54,1,73
LA202815,Telangana,Nalgonda,Highway,Major Infrastructure,High,139.4,29,12,5,12,31.8,68.2,Notification,18,1,0,1,3,0,1,3,1,3,0,129,13,0.527,71.5,63.4,1.02,0.4,6,505.3,1,79
LA202883,Odisha,Sambalpur,Railway,Major Infrastructure,Normal,266.36,35,12,9,24,52.3,47.7,Notification,53,1,1,1,1,0,0,3,1,4,1,155,6,0.197,38.8,36.5,1.17,0.81,4,865.61,1,95
LA201029,Andhra Pradesh,NTR,Public Infrastructure,Development Project,High,180.49,39,18,4,28,91.9,8.1,Objection,48,1,0,0,3,1,1,3,1,1,1,154,8,0.131,33.8,42.4,0.92,0.58,5,1035.27,1,91
LA202691,Karnataka,Belagavi,Industrial,Development Project,High,67.47,36,23,4,26,59.6,40.4,Possession,42,1,0,0,2,1,0,4,1,2,0,138,24,0.454,65.7,22.9,0.98,0.47,4,252.07,1,83
LA201486,Telangana,Medchal-Malkajgiri,Railway,Major Infrastructure,Normal,25.56,23,13,7,18,55.9,44.1,Possession,45,1,1,0,3,0,0,4,2,2,0,229,18,0.302,54.4,62.1,0.95,0.64,4,100.74,1,71
LA202661,Telangana,Hyderabad,Railway,Major Infrastructure,Normal,71.6,37,19,9,27,78.5,21.5,Survey,20,1,0,0,0,0,0,0,0,2,1,112,2,0.489,73.4,23.3,1.14,0.85,6,87.64,0,55
LA200961,Telangana,Warangal,Public Infrastructure,Development Project,Normal,70.46,31,13,7,17,71.1,28.9,Award,48,1,0,0,3,0,0,2,1,2,0,180,7,0.474,85.7,34.4,1,0.8,2,73.2,1,57
LA201571,Andhra Pradesh,Tirupati,Public Infrastructure,Development Project,Normal,113.55,41,15,2,29,49.8,50.2,Notification,18,0,0,0,4,0,0,2,1,2,0,98,20,0.452,54,67,0.9,0.81,8,379.31,1,52
LA202774,Karnataka,Tumakuru,Highway,Major Infrastructure,Normal,16.08,25,16,10,16,41.8,58.2,Approval,13,1,0,0,2,1,1,1,0,2,0,99,13,0.449,75.6,17.8,0.88,0.32,0,49.14,1,72
LA201896,Odisha,Cuttack,Public Infrastructure,Development Project,Critical,98.43,24,10,6,12,65.9,34.1,Objection,58,1,0,0,5,0,1,1,1,1,0,307,40,0.472,60.1,62.7,1.03,0.83,4,281.17,1,80
LA202732,Maharashtra,Aurangabad,Public Infrastructure,Development Project,Critical,277.72,28,15,12,21,75.5,24.5,Compensation,38,1,0,0,3,1,0,5,2,1,0,163,26,0.188,48,42.3,1.12,0.57,6,346.19,1,83
LA202147,Maharashtra,Pune,Public Infrastructure,Development Project,High,36.45,31,17,11,20,37.1,62.9,Possession,14,1,0,0,3,0,0,4,2,2,0,69,1,0.751,107.8,48,0.9,0.49,1,124.15,1,54
LA200805,Odisha,Sambalpur,Railway,Major Infrastructure,Normal,217.21,27,15,5,15,58.9,41.1,Compensation,21,1,0,0,3,1,0,3,0,2,0,87,5,0.576,,63.7,1.1,0.45,4,318.18,1,63
LA201752,Andhra Pradesh,Krishna,Railway,Major Infrastructure,Critical,221.87,38,25,8,24,83,17,Survey,42,0,0,0,5,0,0,5,2,2,1,147,14,0.525,69.9,26.1,1.15,0.7,7,830.44,1,77
LA202455,Odisha,Khordha,Railway,Major Infrastructure,Critical,,29,18,3,24,71.6,28.4,Possession,50,1,0,0,2,0,0,2,2,4,1,146,6,0.331,62.5,13.6,1.01,0.8,3,208.23,1,78
LA200503,Andhra Pradesh,Krishna,Irrigation,Major Infrastructure,Normal,,31,13,5,21,40.5,59.5,Compensation,20,1,0,0,2,1,1,0,0,1,0,89,9,0.107,34.7,17.6,1.03,0.58,6,276.04,1,65
LA200780,Karnataka,Tumakuru,Highway,Major Infrastructure,Critical,46.13,26,11,11,24,40.5,59.5,Ownership Verification,1,1,1,0,2,1,1,2,0,2,0,164,7,0.669,86.9,63.6,1.08,0.3,3,71.74,1,75
LA201864,Karnataka,Tumakuru,Railway,Major Infrastructure,Critical,106.45,27,12,6,13,42.5,57.5,Ownership Verification,37,1,0,0,1,1,0,3,0,2,0,146,21,0.643,90.5,41.6,1.11,0.73,2,431.62,1,74
LA200201,Maharashtra,Pune,Highway,Major Infrastructure,Normal,162.73,32,21,3,27,62.7,37.3,Notification,63,1,1,1,1,0,0,2,1,2,1,130,11,0.799,112.1,73.1,1.15,0.45,6,166.41,1,95
LA202183,Telangana,Hyderabad,Industrial,Development Project,Critical,85.36,34,19,2,22,71.7,28.3,Survey,78,1,0,0,1,0,0,1,1,1,0,258,34,0.48,60.8,26.2,0.9,0.97,4,267.78,1,81
LA202089,Andhra Pradesh,Krishna,Public Infrastructure,Development Project,High,68.12,22,9,9,17,43.7,56.3,Ownership Verification,13,1,0,0,2,0,0,2,0,0,0,132,11,0.148,33.5,44.5,1.09,0.73,1,177.55,0,28
LA202279,Telangana,Hyderabad,Railway,Major Infrastructure,Normal,34.32,24,18,10,13,47.8,52.2,Ownership Verification,9,1,1,0,2,1,1,3,1,4,1,195,30,0.51,64.7,60.9,0.93,0.88,7,116.1,1,120
LA201797,Karnataka,Mysuru,Railway,Major Infrastructure,High,39.43,33,21,1,14,92.8,7.2,Ownership Verification,29,1,1,0,2,0,0,2,1,0,0,183,17,0.292,48.2,34.8,1.07,0.66,3,34.72,1,59
LA200379,Telangana,Nalgonda,Industrial,Development Project,Normal,70.91,28,12,2,15,34.3,65.7,Ownership Verification,19,0,1,0,1,0,0,1,0,1,0,134,25,0.531,56,39.4,1.14,0.42,4,133.94,0,64
LA202337,Odisha,Cuttack,Highway,Major Infrastructure,Normal,49.16,20,9,7,9,66,34,Approval,22,1,0,0,3,0,1,1,0,1,1,212,7,0.463,60.5,28.6,1.04,0.91,6,189.98,1,67
LA200419,Maharashtra,Nashik,Highway,Major Infrastructure,High,,38,23,6,36,97.8,2.2,Possession,38,1,0,0,0,0,1,2,0,1,0,109,3,0.575,83.7,92.3,0.92,0.52,6,115.81,1,53
LA201699,Odisha,Khordha,Railway,Major Infrastructure,High,96.72,23,16,11,11,49.6,50.4,Approval,9,1,0,0,3,0,1,1,1,1,0,132,19,0.232,52.3,34.6,0.98,0.61,5,461.25,1,51
LA200392,Maharashtra,Kolhapur,Irrigation,Major Infrastructure,Normal,67.29,26,13,1,16,39.8,60.2,Approval,8,1,0,1,4,1,1,0,0,2,0,197,13,0.249,35,48.9,1.06,0.51,6,153.65,1,65
LA202641,Karnataka,Belagavi,Industrial,Development Project,High,135.66,39,18,5,31,82.4,17.6,Objection,3,1,1,0,2,0,0,1,1,0,1,103,13,0.533,66,43.5,0.91,0.91,3,91.56,1,72
LA201523,Karnataka,Tumakuru,Public Infrastructure,Development Project,High,39.18,26,16,3,14,69.1,30.9,Possession,81,0,1,0,2,0,0,0,0,0,1,213,38,0.657,83.8,54.5,0.99,0.49,3,44.81,1,96
LA201163,Telangana,Nalgonda,Irrigation,Major Infrastructure,Critical,75.06,31,12,5,18,55.7,44.3,Compensation,23,1,0,0,2,1,1,1,0,0,1,87,3,0.455,54.5,43.8,1.09,0.39,7,257.88,0,70
LA201496,Andhra Pradesh,Guntur,Industrial,Development Project,Normal,21.58,26,19,9,16,95.6,4.4,Objection,15,1,0,0,3,1,0,1,0,2,0,130,5,0.602,88.5,91.9,0.9,0.75,6,94.11,1,64
LA202696,Maharashtra,Pune,Public Infrastructure,Development Project,High,63.15,30,15,4,16,51.8,48.2,Survey,38,1,1,0,1,0,0,2,0,4,0,202,5,0.598,72.6,31.6,0.96,0.85,3,106.63,1,61
LA202028,Odisha,Puri,Industrial,Development Project,High,145.08,31,22,10,14,33.2,66.8,Ownership Verification,18,0,1,0,2,0,0,1,0,2,0,146,24,0.309,53.9,20.7,1.01,0.8,3,531.24,0,52
LA201153,Odisha,Khordha,Public Infrastructure,Development Project,Normal,25.85,24,10,11,17,98.7,1.3,Compensation,20,1,1,0,1,1,0,3,1,4,1,189,2,0.276,48.4,32,1.08,0.23,6,56.65,1,89
LA201368,Telangana,Warangal,Irrigation,Major Infrastructure,Critical,129.86,31,19,2,16,84.7,15.3,Award,23,1,0,0,2,0,0,2,0,1,0,146,5,0.455,63.7,,0.95,0.82,3,497.11,0,38
LA202569,Odisha,Cuttack,Railway,Major Infrastructure,Critical,31.69,27,11,10,17,99.1,0.9,Ownership Verification,49,1,1,0,3,0,1,1,0,2,1,166,39,0.398,59.8,26.8,0.9,0.83,2,105.03,0,109
LA200065,Karnataka,Mysuru,Industrial,Development Project,Normal,53.43,39,26,4,23,53.5,46.5,Ownership Verification,22,0,1,0,1,0,0,4,3,2,0,119,3,0.264,33.6,17.5,1.09,0.52,5,213.04,1,69
LA202063,Maharashtra,Nashik,Public Infrastructure,Development Project,High,122.76,31,19,10,20,95.7,4.3,Approval,25,1,0,0,1,0,1,2,1,0,0,101,22,0.479,85.2,80.3,0.97,0.25,1,448.66,0,59
LA201181,Telangana,Warangal,Irrigation,Major Infrastructure,Critical,130.76,29,16,1,20,30.1,69.9,Approval,147,1,0,0,4,1,1,2,2,3,0,271,21,0.646,80.8,35.4,1.09,0.56,11,235.91,1,133
LA200493,Maharashtra,Kolhapur,Irrigation,Major Infrastructure,High,227.88,24,8,5,20,33.4,66.6,Approval,50,1,0,0,1,1,1,4,2,1,0,120,2,0.291,48.4,46.1,1.14,0.47,5,1062.25,1,73
LA200380,Maharashtra,Nashik,Industrial,Development Project,High,10.92,37,27,6,34,44.7,55.3,Award,74,1,0,0,1,0,1,0,0,2,0,215,31,0.544,77.5,30.4,1.15,0.5,6,46.4,1,74
LA202236,Telangana,Hyderabad,Irrigation,Major Infrastructure,Critical,121.06,25,12,5,16,30.9,69.1,Objection,7,1,1,0,4,1,0,2,1,1,0,66,11,0.492,60,39.2,0.93,0.5,3,529.22,1,58
LA200764,Karnataka,Belagavi,Irrigation,Major Infrastructure,Critical,28.29,35,20,4,33,31.8,68.2,Compensation,8,1,1,0,2,0,1,1,1,0,0,98,12,0.541,66.6,43.3,1.01,0.74,5,61.01,1,61
LA202265,Telangana,Medchal-Malkajgiri,Public Infrastructure,Development Project,Normal,41.24,36,19,11,28,98.8,1.2,Ownership Verification,16,1,1,1,1,0,0,1,1,0,0,92,4,0.393,70.9,21.1,0.92,0.38,4,61.14,1,61
LA200792,Maharashtra,Nagpur,Public Infrastructure,Development Project,Normal,156.11,30,17,10,12,59.1,40.9,Award,9,1,0,0,1,1,1,4,2,1,0,116,1,0.711,100.1,50,0.89,0.76,3,122.44,1,61
LA201077,Karnataka,Tumakuru,Highway,Major Infrastructure,Normal,55.61,39,21,12,24,31,69,Possession,26,1,1,0,4,1,0,3,0,1,0,137,14,0.453,68.9,39.6,0.98,0.66,7,162.79,0,82
LA200879,Odisha,Ganjam,Highway,Major Infrastructure,Normal,37.19,37,26,7,22,60.5,39.5,Compensation,14,1,0,0,2,1,0,3,3,0,0,85,8,0.479,72.6,37.3,1.01,0.69,3,101.56,0,58
LA200338,Telangana,Nalgonda,Highway,Major Infrastructure,Normal,37.18,28,10,6,15,82.3,17.7,Compensation,28,1,0,0,5,1,0,2,0,0,0,148,9,0.272,56.1,34.1,1.1,0.73,2,138.92,1,42
LA202768,Karnataka,Belagavi,Railway,Major Infrastructure,Normal,81.19,29,21,1,17,96.7,3.3,Award,28,1,0,0,7,1,0,1,0,0,0,110,4,0.573,81.8,60.5,0.92,0.45,7,116.62,1,53
LA202344,Telangana,Nalgonda,Highway,Major Infrastructure,Normal,291.08,26,17,11,15,46.5,53.5,Survey,3,1,0,0,2,0,0,4,3,0,0,139,13,0.166,27.9,57.2,1.08,0.6,4,388.62,0,34
LA201017,Telangana,Hyderabad,Highway,Major Infrastructure,Normal,38.26,34,15,2,25,44.7,55.3,Ownership Verification,33,1,1,1,1,1,1,2,1,3,0,162,7,0.677,89,81.5,0.9,0.74,4,35,1,107
LA201276,Andhra Pradesh,Tirupati,Industrial,Development Project,High,87.7,31,19,8,16,51.4,48.6,Survey,27,1,0,0,0,0,0,2,1,2,0,122,17,0.34,57.5,29.6,1.1,0.41,5,55,0,41
LA200456,Maharashtra,Pune,Industrial,Development Project,Critical,62.18,30,12,4,22,79.7,20.3,Award,45,1,0,0,3,1,0,2,1,0,0,120,14,0.199,42.9,24.7,0.91,0.36,2,249.13,1,40
LA200816,Odisha,Cuttack,Public Infrastructure,Development Project,Normal,23.25,33,16,7,22,66.1,33.9,Compensation,29,1,1,0,0,1,0,0,0,1,0,138,13,0.377,61.4,42.8,0.92,0.31,6,18.52,1,66
LA202318,Telangana,Nalgonda,Railway,Major Infrastructure,Critical,119.2,32,11,1,23,90.2,9.8,Award,50,1,0,0,1,0,0,9,6,1,0,152,7,0.571,80.3,34.3,0.93,0.53,5,238.1,1,78
LA200996,Karnataka,Mysuru,Irrigation,Major Infrastructure,Normal,101.62,34,18,2,32,40.6,59.4,Ownership Verification,32,1,0,0,8,1,0,1,0,1,0,123,14,0.527,65,62.4,1.01,0.3,4,409.2,1,53
LA201982,Telangana,Nalgonda,Highway,Major Infrastructure,High,93.19,27,21,4,18,46.4,53.6,Survey,24,1,0,0,3,0,1,1,0,3,1,116,16,0.312,48.2,15.3,0.97,0.88,5,158.8,1,75
LA200202,Karnataka,Belagavi,Public Infrastructure,Development Project,Normal,126.62,25,10,12,15,59.2,40.8,Compensation,70,0,0,0,2,0,0,4,1,1,0,145,4,0.496,62,63.3,1.13,0.44,2,161.02,1,57
LA200162,Telangana,Warangal,Irrigation,Major Infrastructure,Normal,45.59,31,15,10,19,44.2,55.8,Survey,22,1,0,1,4,0,0,0,0,0,0,136,6,0.258,49.9,64.2,0.95,0.36,5,119.01,1,14
LA201580,Andhra Pradesh,Guntur,Industrial,Development Project,Normal,92.54,33,16,12,21,85.1,14.9,Notification,84,0,0,1,2,0,1,1,0,2,0,173,10,0.233,34.9,22.7,1.18,0.79,2,221.66,0,82
LA202778,Odisha,Khordha,Irrigation,Major Infrastructure,Normal,59.23,28,13,12,14,87.1,12.9,Possession,65,1,1,0,1,0,0,2,1,3,0,128,5,0.692,90,37.4,1.06,0.59,6,98.49,1,83
LA202450,Karnataka,Tumakuru,Highway,Major Infrastructure,High,29.61,24,12,8,15,45.6,54.4,Compensation,74,1,1,0,0,1,0,2,2,3,0,198,10,0.473,64.1,,1.08,0.59,3,118.96,1,106
LA200703,Karnataka,Dharwad,Highway,Major Infrastructure,Critical,87.02,26,11,2,18,93.1,6.9,Compensation,47,1,0,1,5,1,0,2,1,1,0,193,19,0.272,51,26.2,1.06,0.51,3,171.37,1,62
LA201501,Odisha,Khordha,Highway,Major Infrastructure,Normal,16.55,36,16,6,25,61.6,38.4,Approval,19,0,0,0,3,1,1,4,1,2,0,133,15,0.482,66.9,53.9,0.91,0.3,4,70.95,1,72
LA201130,Andhra Pradesh,Krishna,Public Infrastructure,Development Project,Normal,130.3,32,13,3,16,91.6,8.4,Survey,40,1,0,0,2,1,0,1,0,1,0,137,22,0.412,60.7,17.7,0.89,0.74,5,128.98,1,55
LA202614,Telangana,Hyderabad,Industrial,Development Project,Normal,9.02,27,13,11,24,53.1,46.9,Ownership Verification,93,1,0,0,0,0,0,2,0,1,0,258,2,0.348,61.7,27.5,1.06,0.64,2,23.13,1,47
LA201022,Andhra Pradesh,Krishna,Railway,Major Infrastructure,Normal,75.69,28,16,3,16,52.4,47.6,Approval,86,1,0,1,0,1,1,3,2,0,0,232,8,0.646,99.6,60.9,1.17,0.87,5,,1,92
LA201586,Maharashtra,Kolhapur,Irrigation,Major Infrastructure,Normal,129.93,25,10,11,11,79.8,20.2,Possession,13,0,1,1,3,1,1,3,1,3,1,90,25,0.388,,47.5,1,0.66,4,170.23,1,120
LA201956,Maharashtra,Aurangabad,Highway,Major Infrastructure,Normal,109.66,28,12,2,13,80.2,19.8,Notification,45,1,0,1,5,1,0,1,0,1,0,196,21,0.578,76,44.7,1.04,0.63,1,418.5,1,73
LA202254,Telangana,Hyderabad,Irrigation,Major Infrastructure,Normal,107.58,27,19,6,16,90.5,9.5,Compensation,72,0,0,0,1,1,0,2,1,1,0,169,12,0.404,53.7,24.8,1.11,0.37,6,318.96,1,67
LA200035,Karnataka,Bengaluru Rural,Railway,Major Infrastructure,High,99.96,23,8,3,14,47.4,52.6,Ownership Verification,41,1,1,0,2,0,1,2,0,2,0,129,27,0.485,76.2,38.6,1.03,0.71,3,111.48,1,88
LA200776,Andhra Pradesh,Tirupati,Railway,Major Infrastructure,Normal,82.8,23,9,9,13,49.7,50.3,Ownership Verification,7,0,1,0,2,0,1,0,0,1,0,164,45,0.534,80.7,22.3,1.05,0.73,4,220.35,1,90
LA202557,Maharashtra,Kolhapur,Railway,Major Infrastructure,Normal,112,26,18,3,29,58.6,41.4,Compensation,14,1,1,1,2,0,0,3,3,1,1,111,7,0.529,65.5,51.7,1.09,0.5,3,250.59,1,85
LA201479,Telangana,Warangal,Industrial,Development Project,Normal,86.04,27,18,12,12,57.8,42.2,Objection,17,1,1,0,4,0,0,3,2,0,0,121,7,0.455,59.3,38.5,0.91,0.82,2,86.68,1,63
LA201391,Karnataka,Mysuru,Public Infrastructure,Development Project,Normal,27.73,28,16,3,21,44.6,55.4,Compensation,40,1,0,0,2,1,0,1,1,2,0,114,8,0.633,92.3,57.8,0.97,0.71,6,154.47,0,62
LA202140,Andhra Pradesh,Guntur,Highway,Major Infrastructure,High,69.82,16,9,6,13,60.4,39.6,Award,19,0,1,0,3,0,0,2,1,2,0,177,15,0.629,84.7,36.7,0.88,0.38,4,239.53,1,63
LA201364,Telangana,Warangal,Industrial,Development Project,Critical,22.55,30,11,4,21,52.5,47.5,Notification,11,1,0,0,1,0,0,0,0,2,0,93,22,0.516,64.8,21.3,1.08,0.74,2,26.47,1,44
LA202613,Telangana,Rangareddy,Railway,Major Infrastructure,Normal,101.75,29,11,11,14,30.7,69.3,Award,32,0,0,0,0,0,0,2,1,0,0,140,14,0.692,78.6,44,0.96,0.49,4,327.26,0,51
LA202825,Odisha,Sambalpur,Highway,Major Infrastructure,Normal,86.75,34,20,1,21,61,39,Survey,46,1,0,0,3,0,0,1,0,1,0,159,9,0.433,57.5,15.9,1.04,0.49,0,215.56,1,36
LA202042,Odisha,Sambalpur,Highway,Major Infrastructure,Critical,186.08,22,13,4,20,53.3,46.7,Approval,22,1,0,0,2,0,1,1,1,0,0,84,11,0.305,45.9,41.2,1.11,0.85,5,605.3,1,55
LA200242,Karnataka,Dharwad,Industrial,Development Project,High,85.11,27,17,4,19,76.2,23.8,Notification,44,1,0,1,1,0,0,2,1,3,0,174,12,0.537,77.3,55,1.08,0.56,5,151.95,1,61
LA202062,Andhra Pradesh,Visakhapatnam,Highway,Major Infrastructure,Normal,36.56,31,17,4,14,78.6,21.4,Objection,67,1,0,0,2,0,1,2,1,2,0,150,9,0.39,58,19.2,0.9,0.71,5,183.03,1,65
LA202364,Karnataka,Dharwad,Irrigation,Major Infrastructure,Normal,116.42,26,18,10,20,75.2,24.8,Award,12,1,0,0,1,1,1,2,0,1,0,186,15,0.298,50.5,20.3,1.1,0.4,8,456.86,1,56
LA200601,Andhra Pradesh,Guntur,Irrigation,Major Infrastructure,Normal,105.5,30,20,8,17,70.7,29.3,Compensation,76,0,0,0,2,1,0,1,1,2,0,173,22,0.641,78,63.1,1.13,0.77,8,499.85,1,94
LA202436,Maharashtra,Pune,Railway,Major Infrastructure,Normal,54.87,23,10,3,13,61.3,38.7,Ownership Verification,37,1,1,0,2,1,1,2,0,1,0,83,4,0.31,40.9,11.5,1.01,0.51,5,78.31,1,73
LA201298,Maharashtra,Pune,Railway,Major Infrastructure,Normal,,36,22,11,22,60.8,39.2,Possession,18,1,0,1,5,0,1,3,1,1,0,150,10,0.614,87.7,51.2,0.91,0.65,4,133.07,0,53
LA202215,Karnataka,Belagavi,Irrigation,Major Infrastructure,Critical,23.93,29,23,3,16,38.2,61.8,Notification,67,1,1,1,1,0,1,3,2,3,0,231,3,0.253,55.4,34.9,0.91,0.67,2,119.16,1,77
LA202889,Maharashtra,Aurangabad,Highway,Major Infrastructure,High,131.67,22,9,6,15,97.2,2.8,Objection,65,1,0,0,2,1,0,0,0,1,0,189,4,0.495,85.9,67.1,1.09,0.85,2,395.13,1,60
LA202069,Maharashtra,Nashik,Industrial,Development Project,Normal,91.11,32,19,7,22,99.2,0.8,Notification,17,1,0,0,2,0,1,2,0,1,0,99,13,0.534,81.4,88.3,0.91,0.62,1,301.63,1,57
LA200647,Maharashtra,Nagpur,Highway,Major Infrastructure,Normal,67.93,30,21,4,16,56.5,43.5,Objection,35,1,1,0,3,0,0,1,1,3,0,186,35,0.318,52.7,17.2,1.16,0.36,6,269.34,1,83
LA201529,Andhra Pradesh,Tirupati,Highway,Major Infrastructure,Normal,94.15,29,16,8,14,44.7,55.3,Objection,47,1,1,0,2,0,0,4,1,2,0,174,2,0.418,72.1,55.6,1.14,0.56,6,215.18,1,66
LA202880,Odisha,Puri,Highway,Major Infrastructure,Normal,32.02,31,23,3,20,73.9,26.1,Compensation,50,1,0,0,1,1,1,3,2,5,0,130,14,0.54,64.8,82.8,1.13,0.75,5,92.25,1,112
LA201268,Telangana,Medchal-Malkajgiri,Railway,Major Infrastructure,Normal,130.5,41,15,3,33,76.4,23.6,Compensation,,1,0,0,3,1,0,1,0,3,1,135,7,0.284,43.9,43.4,1.01,0.83,2,158.76,1,76
LA201900,Andhra Pradesh,Visakhapatnam,Highway,Major Infrastructure,Normal,103.1,25,19,5,8,88,12,Compensation,24,1,0,0,3,1,0,4,0,2,0,124,16,0.304,57.1,28.1,1.14,0.55,2,266.17,1,61
LA200563,Telangana,Nalgonda,Industrial,Development Project,Normal,73.24,32,23,12,27,78.6,21.4,Objection,32,1,0,1,3,0,0,3,1,2,0,173,8,0.294,50.8,69.3,1.14,0.59,3,271.06,1,58
LA202735,Maharashtra,Aurangabad,Highway,Major Infrastructure,High,26.64,36,13,7,24,50.5,49.5,Survey,80,1,0,0,2,1,1,0,0,0,0,220,20,0.43,55.7,24.2,1.03,0.9,4,116.06,1,70
LA200190,Odisha,Cuttack,Industrial,Development Project,High,94.09,30,21,4,17,91.5,8.5,Compensation,11,1,0,0,1,1,0,0,0,0,0,178,14,0.705,89.4,48.7,0.92,0.59,5,301.77,1,45
LA201807,Telangana,Medchal-Malkajgiri,Irrigation,Major Infrastructure,Normal,91.95,38,29,6,26,90.8,9.2,Ownership Verification,18,1,1,0,1,1,0,2,1,4,0,213,37,0.349,53.5,32,1.03,0.45,5,87.34,1,98
LA200976,Odisha,Cuttack,Industrial,Development Project,Normal,102.51,28,19,10,16,97.4,2.6,Approval,50,1,0,0,2,1,1,2,1,4,0,146,13,0.343,59.6,42.3,0.96,0.89,5,,0,83
LA202748,Maharashtra,Kolhapur,Highway,Major Infrastructure,Normal,46.9,28,17,7,22,86.5,13.5,Award,15,1,1,1,2,0,0,0,0,1,0,129,7,0.199,36,23.7,0.91,0.53,2,110.79,1,49
LA202048,Andhra Pradesh,Krishna,Highway,Major Infrastructure,Normal,66.37,31,15,1,21,32.7,67.3,Compensation,37,0,0,0,2,1,0,0,0,3,0,197,15,0.49,73.5,20.9,1.05,0.44,3,62.89,1,64
LA202559,Odisha,Khordha,Industrial,Development Project,Normal,70.31,30,14,7,24,87.9,12.1,Award,42,1,1,0,1,0,0,2,1,2,0,168,14,0.546,76.1,21.8,1.06,0.46,3,331.46,1,64
LA201083,Telangana,Medchal-Malkajgiri,Highway,Major Infrastructure,Normal,164.79,23,17,8,17,59.3,40.7,Approval,14,1,0,0,3,0,0,1,0,3,0,220,5,0.746,98.8,29.9,0.95,0.51,4,306.63,1,46
LA200475,Andhra Pradesh,NTR,Industrial,Development Project,High,35.4,27,18,6,15,65,35,Compensation,46,1,0,0,4,0,0,2,2,0,0,186,4,0.522,71.6,26.4,0.96,0.58,3,171.72,1,52
LA202905,Andhra Pradesh,Krishna,Irrigation,Major Infrastructure,High,90.62,33,20,9,16,75.2,24.8,Survey,11,1,0,0,3,1,0,0,0,2,0,97,7,0.441,61.3,41.4,0.96,0.61,4,238.83,1,41
LA200748,Telangana,Warangal,Public Infrastructure,Development Project,Critical,46.5,25,14,7,14,51.2,48.8,Notification,12,1,0,0,0,0,1,3,2,0,0,107,21,0.568,82.2,53.1,0.97,0.76,3,47.33,0,58
LA202301,Odisha,Puri,Highway,Major Infrastructure,High,53.89,28,19,2,12,92,8,Possession,47,1,0,0,2,0,0,0,0,2,0,149,5,0.52,63.1,31.8,1.11,0.43,3,177.5,0,56
LA200022,Karnataka,Tumakuru,Public Infrastructure,Development Project,Critical,140.58,27,10,5,6,40.2,59.8,Notification,16,1,0,0,4,0,0,4,2,1,0,175,15,0.273,50.5,56,1.06,0.76,1,262.57,1,41
LA200460,Telangana,Rangareddy,Public Infrastructure,Development Project,Normal,61.5,31,19,10,16,55.5,44.5,Objection,23,1,1,0,2,0,0,0,0,1,0,161,9,0.236,45.6,25,0.92,0.68,0,197.8,1,34
LA201185,Telangana,Nalgonda,Public Infrastructure,Development Project,High,16.25,29,21,1,21,39.5,60.5,Compensation,26,1,0,1,3,1,0,1,1,1,0,103,9,0.127,33.6,25.8,1.17,0.69,5,26.36,1,39
LA202325,Telangana,Hyderabad,Highway,Major Infrastructure,Normal,186.43,37,18,6,23,42,58,Ownership Verification,25,1,1,0,3,0,0,0,0,2,0,123,10,0.323,47.6,21,0.96,0.77,3,380.46,1,61
LA200956,Telangana,Hyderabad,Railway,Major Infrastructure,High,88.62,30,20,2,23,96.6,3.4,Survey,21,0,0,1,0,0,1,1,0,0,0,102,21,0.573,87,42.3,1,0.64,2,382.65,1,48
LA201216,Karnataka,Bengaluru Rural,Highway,Major Infrastructure,Normal,47.62,28,16,11,25,38,62,Compensation,71,1,1,0,5,1,0,4,3,3,0,136,7,0.532,77.8,42.2,0.98,0.58,1,128.67,1,104
LA202434,Andhra Pradesh,Guntur,Railway,Major Infrastructure,Normal,14.18,24,12,11,16,94.7,5.3,Compensation,,1,0,0,2,0,0,0,0,0,0,162,3,0.331,54.8,28.1,1.1,0.59,6,38.02,0,47
LA202854,Maharashtra,Pune,Irrigation,Major Infrastructure,Normal,31.22,35,16,10,31,74.5,25.5,Ownership Verification,100,1,0,0,2,0,1,0,0,2,0,277,20,0.263,53.5,101,1.01,0.56,3,,1,69
LA201516,Telangana,Nalgonda,Industrial,Development Project,Normal,29.6,24,12,8,14,79.6,20.4,Notification,30,1,1,0,1,0,1,2,0,0,0,106,7,0.491,68.3,21.7,1.1,0.29,3,151.37,1,49
LA202392,Maharashtra,Pune,Highway,Major Infrastructure,Normal,100.18,36,17,2,23,67.1,32.9,Notification,24,1,0,0,3,0,1,1,0,2,0,176,30,0.68,81.5,22.6,1.09,0.71,3,326.73,0,67
LA200770,Odisha,Cuttack,Railway,Major Infrastructure,High,48.96,38,20,1,21,99.9,0.1,Ownership Verification,18,1,1,0,4,1,1,1,1,2,0,154,24,0.656,97.8,52.7,0.93,0.73,4,132.16,1,100
LA201686,Odisha,Sambalpur,Railway,Major Infrastructure,Normal,30.83,34,15,1,14,44.3,55.7,Approval,73,0,0,1,1,0,1,4,2,1,0,188,7,0.548,76.2,69,1.03,0.62,5,74.23,1,88
LA200131,Andhra Pradesh,Krishna,Public Infrastructure,Development Project,Normal,68.56,27,18,10,10,36.9,63.1,Ownership Verification,40,1,1,1,4,0,0,2,1,0,0,126,16,0.137,27.4,23.6,1.16,0.74,8,78.28,1,69
LA202920,Maharashtra,Kolhapur,Highway,Major Infrastructure,Normal,45.86,34,22,1,23,61.4,38.6,Objection,44,1,0,0,2,0,1,2,1,2,0,158,19,0.565,73.2,23.3,0.98,0.58,3,175.79,1,73
LA202136,Telangana,Rangareddy,Public Infrastructure,Development Project,Normal,75.2,24,16,2,20,61.5,38.5,Compensation,7,1,0,0,1,1,0,1,0,4,0,66,10,0.436,68.1,35.8,1.02,0.56,3,310.8,1,59
LA201483,Maharashtra,Nagpur,Irrigation,Major Infrastructure,High,198.93,27,19,7,17,63.8,36.2,Notification,6,1,0,0,3,1,0,4,3,1,0,128,17,0.567,66.4,74.3,1.08,0.45,6,482.82,1,60
LA200331,Andhra Pradesh,Krishna,Highway,Major Infrastructure,High,70.23,31,16,5,26,96.4,3.6,Approval,22,1,0,0,3,0,0,1,0,3,0,109,5,0.472,62.6,63.1,1.13,0.56,3,184.06,1,46
LA201239,Telangana,Medchal-Malkajgiri,Highway,Major Infrastructure,Critical,106.33,28,21,10,18,73.5,26.5,Possession,108,1,0,1,3,0,0,1,1,1,0,182,3,0.478,70.6,32.7,1.06,0.42,4,,1,74
LA200467,Telangana,Warangal,Highway,Major Infrastructure,Normal,157.8,40,19,9,25,43.2,56.8,Objection,73,0,0,0,4,0,1,2,0,3,0,140,5,0.249,39.3,52.7,1.13,0.54,6,303.66,1,66
LA202170,Karnataka,Belagavi,Irrigation,Major Infrastructure,High,66.69,35,13,3,21,92,8,Approval,42,1,0,0,6,0,0,2,0,2,0,111,10,0.697,95.6,93.5,0.99,0.56,2,229.32,1,57
LA201639,Maharashtra,Nagpur,Railway,Major Infrastructure,High,69.22,30,17,1,18,38.3,61.7,Approval,20,1,0,0,2,0,1,2,1,4,1,125,4,0.405,69.8,28.5,1.02,0.47,9,269.82,1,79
LA201096,Telangana,Medchal-Malkajgiri,Industrial,Development Project,High,71.53,24,10,3,20,41.8,58.2,Survey,16,1,0,0,0,0,0,0,0,1,0,133,5,0.388,55.7,25.5,0.94,0.57,6,158.81,1,26
LA201131,Andhra Pradesh,NTR,Public Infrastructure,Development Project,High,47.05,27,13,5,18,55.9,44.1,Objection,46,1,0,0,0,0,0,0,0,1,0,156,12,0.321,60.4,25.9,0.98,0.3,1,248.29,0,40
LA201295,Telangana,Warangal,Industrial,Development Project,Critical,89.1,22,12,6,15,45.7,54.3,Ownership Verification,,1,0,0,2,0,0,1,0,2,0,64,10,0.224,39,89.6,1.17,0.65,2,242.79,0,31
LA200861,Andhra Pradesh,Tirupati,Industrial,Development Project,High,64.71,34,21,1,23,79.5,20.5,Award,31,1,0,1,3,1,1,2,0,3,0,220,8,0.343,54.8,32.6,1.16,0.44,3,325.2,1,90
